image,constructeur,famille,variante
0034309.jpg,Douglas Aircraft Company,DC-8,DC-8
0034958.jpg,Boeing,Boeing 737,737-200
0037511.jpg,McDonnell Douglas,DC-9,DC-9-30
0037512.jpg,Boeing,Boeing 737,737-200
0038598.jpg,McDonnell Douglas,MD-11,MD-11
0038626.jpg,McDonnell Douglas,DC-9,DC-9-30
0038671.jpg,Boeing,Boeing 717,Boeing 717
0041419.jpg,Gulfstream Aerospace,Gulfstream,Gulfstream IV
0043750.jpg,Douglas Aircraft Company,C-47,C-47
0043890.jpg,McDonnell Douglas,DC-10,DC-10
0043892.jpg,Canadair,Challenger 600,Challenger 600
0045128.jpg,Boeing,Boeing 747,747-200
0045133.jpg,Douglas Aircraft Company,DC-3,DC-3
0046946.jpg,McDonnell Douglas,MD-90,MD-90
0048339.jpg,Beechcraft,Beechcraft 1900,Beechcraft 1900
0048340.jpg,Beechcraft,Beechcraft 1900,Beechcraft 1900
0048341.jpg,Boeing,Boeing 727,727-200
0054367.jpg,Boeing,Boeing 737,737-200
0056297.jpg,Boeing,Boeing 757,757-200
0056299.jpg,Boeing,Boeing 747,747-400
0056323.jpg,Boeing,Boeing 757,757-200
0056324.jpg,de Havilland,Dash 8,DHC-8-100
0056331.jpg,Boeing,Boeing 737,737-200
0056333.jpg,de Havilland,Dash 8,DHC-8-100
0056337.jpg,Boeing,Boeing 727,727-200
0056589.jpg,McDonnell Douglas,MD-80,MD-87
0056782.jpg,Airbus,A340,A340-200
0056978.jpg,Boeing,Boeing 707,707-320
0059101.jpg,Boeing,Boeing 737,737-200
0059107.jpg,Canadair,CRJ-200,CRJ-200
0059112.jpg,Embraer,Embraer ERJ 145,ERJ 135
0061136.jpg,Boeing,Boeing 717,Boeing 717
0061139.jpg,Boeing,Boeing 767,767-300
0061307.jpg,Boeing,Boeing 737,737-300
0061399.jpg,McDonnell Douglas,MD-11,MD-11
0061401.jpg,Lockheed Corporation,L-1011,L-1011
0061580.jpg,Boeing,Boeing 737,737-200
0061581.jpg,Boeing,Boeing 727,727-200
0062125.jpg,Embraer,Embraer ERJ 145,ERJ 145
0062131.jpg,Airbus,A320,A321
0062134.jpg,McDonnell Douglas,DC-9,DC-9-30
0062223.jpg,Boeing,Boeing 747,747-100
0062224.jpg,McDonnell Douglas,DC-10,DC-10
0062226.jpg,McDonnell Douglas,DC-10,DC-10
0062255.jpg,McDonnell Douglas,DC-9,DC-9-30
0062258.jpg,Airbus,A340,A340-200
0062260.jpg,British Aerospace,BAE 146,BAE 146-300
0062651.jpg,Fokker,Fokker 70,Fokker 70
0062653.jpg,Douglas Aircraft Company,DC-8,DC-8
0062655.jpg,Boeing,Boeing 737,737-400
0062662.jpg,Douglas Aircraft Company,DC-8,DC-8
0062664.jpg,Fairchild,Metroliner,Metroliner
0062667.jpg,Boeing,Boeing 737,737-300
0062669.jpg,Tupolev,Tu-134,Tu-134
0062672.jpg,Boeing,Boeing 747,747-400
0062675.jpg,Tupolev,Tu-154,Tu-154
0062679.jpg,Boeing,Boeing 737,737-200
0062680.jpg,Tupolev,Tu-154,Tu-154
0062687.jpg,Tupolev,Tu-154,Tu-154
0062694.jpg,Douglas Aircraft Company,DC-6,DC-6
0062695.jpg,Fokker,Fokker 50,Fokker 50
0062696.jpg,McDonnell Douglas,DC-10,DC-10
0062697.jpg,de Havilland,Dash 8,DHC-8-300
0062699.jpg,Douglas Aircraft Company,DC-8,DC-8
0062708.jpg,McDonnell Douglas,MD-90,MD-90
0062709.jpg,Tupolev,Tu-134,Tu-134
0062719.jpg,Airbus,A310,A310
0062722.jpg,Tupolev,Tu-154,Tu-154
0062723.jpg,Tupolev,Tu-154,Tu-154
0062765.jpg,Boeing,Boeing 707,707-320
0062766.jpg,Boeing,Boeing 767,767-200
0062768.jpg,Airbus,A340,A340-200
0062769.jpg,Boeing,Boeing 747,747-400
0062771.jpg,Tupolev,Tu-154,Tu-154
0062781.jpg,Boeing,Boeing 707,707-320
0062857.jpg,Airbus,A340,A340-300
0063052.jpg,Boeing,Boeing 727,727-200
0063053.jpg,Lockheed Corporation,L-1011,L-1011
0063055.jpg,Boeing,Boeing 767,767-200
0063059.jpg,McDonnell Douglas,DC-10,DC-10
0063096.jpg,Airbus,A300,A300B4
0063102.jpg,McDonnell Douglas,MD-90,MD-90
0063105.jpg,Airbus,A300,A300B4
0063113.jpg,Boeing,Boeing 727,727-200
0063272.jpg,McDonnell Douglas,MD-80,MD-80
0063273.jpg,Canadair,CRJ-200,CRJ-200
0063277.jpg,Lockheed Corporation,L-1011,L-1011
0063281.jpg,Airbus,A310,A310
0063283.jpg,Fairchild,Metroliner,Metroliner
0063284.jpg,Boeing,Boeing 737,737-400
0063286.jpg,Beechcraft,Beechcraft 1900,Beechcraft 1900
0063288.jpg,McDonnell Douglas,MD-11,MD-11
0063289.jpg,Beechcraft,Beechcraft 1900,Beechcraft 1900
0063290.jpg,Airbus,A300,A300B4
0063291.jpg,Boeing,Boeing 727,727-200
0063292.jpg,Tupolev,Tu-134,Tu-134
0063293.jpg,Tupolev,Tu-134,Tu-134
0063295.jpg,Boeing,Boeing 747,747-300
0063435.jpg,Boeing,Boeing 707,707-320
0063835.jpg,Airbus,A340,A340-200
0063838.jpg,McDonnell Douglas,DC-10,DC-10
0063917.jpg,Lockheed Corporation,L-1011,L-1011
0063918.jpg,Dornier,Dornier 328,Dornier 328
0063919.jpg,de Havilland,Dash 8,DHC-8-100
0063920.jpg,Fairchild,Metroliner,Metroliner
0063923.jpg,ATR,ATR-42,ATR-42
0063925.jpg,Fokker,Fokker 100,Fokker 100
0063926.jpg,de Havilland,Dash 8,DHC-8-100
0064005.jpg,Boeing,Boeing 727,727-200
0064007.jpg,Boeing,Boeing 747,747-100
0064008.jpg,Airbus,A340,A340-300
0064072.jpg,Airbus,A300,A300B4
0064200.jpg,Tupolev,Tu-154,Tu-154
0064202.jpg,ATR,ATR-42,ATR-42
0064621.jpg,McDonnell Douglas,MD-80,MD-87
0064627.jpg,de Havilland,Dash 8,DHC-8-100
0064793.jpg,McDonnell Douglas,DC-9,DC-9-30
0064890.jpg,Boeing,Boeing 747,747-200
0064891.jpg,ATR,ATR-72,ATR-72
0064904.jpg,Beechcraft,Beechcraft 1900,Beechcraft 1900
0064919.jpg,Fokker,Fokker 70,Fokker 70
0064924.jpg,Boeing,Boeing 747,747-300
0064928.jpg,McDonnell Douglas,DC-10,DC-10
0064930.jpg,Airbus,A340,A340-200
0064932.jpg,Boeing,Boeing 707,707-320
0064933.jpg,Boeing,Boeing 707,707-320
0065125.jpg,McDonnell Douglas,MD-90,MD-90
0065207.jpg,McDonnell Douglas,DC-10,DC-10
0065221.jpg,McDonnell Douglas,DC-9,DC-9-30
0065226.jpg,Airbus,A300,A300B4
0065286.jpg,Boeing,Boeing 747,747-200
0065291.jpg,Airbus,A330,A330-300
0065292.jpg,Boeing,Boeing 747,747-300
0065294.jpg,Fokker,Fokker 100,Fokker 100
0065328.jpg,Canadair,Challenger 600,Challenger 600
0065387.jpg,Lockheed Corporation,L-1011,L-1011
0065405.jpg,Douglas Aircraft Company,DC-8,DC-8
0065406.jpg,Canadair,CRJ-200,CRJ-200
0065412.jpg,Airbus,A310,A310
0065414.jpg,Lockheed Corporation,L-1011,L-1011
0065422.jpg,Boeing,Boeing 737,737-200
0065431.jpg,Saab,Saab 340,Saab 340
0065432.jpg,de Havilland,Dash 8,DHC-8-100
0065436.jpg,Boeing,Boeing 777,777-200
0065577.jpg,British Aerospace,BAE 146,BAE 146-300
0065579.jpg,McDonnell Douglas,DC-9,DC-9-30
0065767.jpg,British Aerospace,BAE 146,BAE 146-200
0065768.jpg,ATR,ATR-42,ATR-42
0065774.jpg,Fokker,Fokker 100,Fokker 100
0065778.jpg,Dornier,Dornier 328,Dornier 328
0065780.jpg,Airbus,A300,A300B4
0065826.jpg,Boeing,Boeing 747,747-400
0065828.jpg,Saab,Saab 2000,Saab 2000
0065830.jpg,Boeing,Boeing 747,747-200
0065834.jpg,McDonnell Douglas,DC-10,DC-10
0065838.jpg,Ilyushin,Il-76,Il-76
0065840.jpg,Boeing,Boeing 727,727-200
0065979.jpg,Boeing,Boeing 747,747-200
0066278.jpg,de Havilland,Dash 8,DHC-8-300
0066279.jpg,Boeing,Boeing 737,737-300
0066281.jpg,Embraer,EMB-120,EMB-120
0066405.jpg,Tupolev,Tu-154,Tu-154
0066406.jpg,Tupolev,Tu-154,Tu-154
0066408.jpg,Yakovlev,Yak-42,Yak-42
0066409.jpg,Lockheed Corporation,L-1011,L-1011
0066410.jpg,Boeing,Boeing 737,737-400
0066411.jpg,Lockheed Corporation,L-1011,L-1011
0066413.jpg,Airbus,A340,A340-300
0066418.jpg,Tupolev,Tu-134,Tu-134
0066420.jpg,Boeing,Boeing 747,747-300
0066423.jpg,Boeing,Boeing 767,767-300
0066424.jpg,Fokker,Fokker 100,Fokker 100
0066425.jpg,Fokker,Fokker 50,Fokker 50
0066521.jpg,McDonnell Douglas,DC-10,DC-10
0066522.jpg,Airbus,A300,A300B4
0066530.jpg,McDonnell Douglas,MD-11,MD-11
0066532.jpg,Airbus,A300,A300B4
0066533.jpg,Airbus,A340,A340-200
0066677.jpg,Airbus,A320,A321
0066977.jpg,ATR,ATR-42,ATR-42
0066978.jpg,McDonnell Douglas,DC-10,DC-10
0066979.jpg,Beechcraft,Beechcraft 1900,Beechcraft 1900
0066980.jpg,Saab,Saab 340,Saab 340
0067031.jpg,Fokker,Fokker 50,Fokker 50
0067034.jpg,Boeing,Boeing 767,767-300
0067035.jpg,Beechcraft,Beechcraft 1900,Beechcraft 1900
0067036.jpg,Boeing,Boeing 737,737-700
0067037.jpg,Embraer,EMB-120,EMB-120
0067392.jpg,Beechcraft,Beechcraft 1900,Beechcraft 1900
0067396.jpg,Lockheed Corporation,L-1011,L-1011
0067397.jpg,Airbus,A300,A300B4
0067473.jpg,Beechcraft,Beechcraft 1900,Beechcraft 1900
0067617.jpg,Saab,Saab 2000,Saab 2000
0067618.jpg,Airbus,A320,A320
0067619.jpg,Boeing,Boeing 737,737-200
0067670.jpg,Embraer,Embraer ERJ 145,ERJ 145
0067671.jpg,Boeing,Boeing 737,737-700
0067863.jpg,Airbus,A330,A330-200
0067865.jpg,Airbus,A310,A310
0068810.jpg,Fairchild,Metroliner,Metroliner
0068811.jpg,Douglas Aircraft Company,C-47,C-47
0068813.jpg,Boeing,Boeing 767,767-300
0068814.jpg,McDonnell Douglas,MD-80,MD-87
0069768.jpg,Boeing,Boeing 747,747-200
0069769.jpg,Fokker,Fokker 50,Fokker 50
0069770.jpg,de Havilland,Dash 8,DHC-8-100
0069771.jpg,de Havilland,Dash 8,DHC-8-300
0069772.jpg,ATR,ATR-42,ATR-42
0069776.jpg,Boeing,Boeing 737,737-300
0070035.jpg,Fokker,Fokker 70,Fokker 70
0071197.jpg,Airbus,A300,A300B4
0071748.jpg,Cessna,Cessna Citation,Cessna 560
0071754.jpg,Gulfstream Aerospace,Gulfstream,Gulfstream V
0072368.jpg,McDonnell Douglas,MD-80,MD-80
0072369.jpg,Boeing,Boeing 737,737-500
0072480.jpg,Gulfstream Aerospace,Gulfstream,Gulfstream IV
0072491.jpg,de Havilland,Dash 8,DHC-8-100
0072617.jpg,Embraer,EMB-120,EMB-120
0072869.jpg,Airbus,A340,A340-300
0072870.jpg,Airbus,A340,A340-200
0074245.jpg,Boeing,Boeing 737,737-500
0074246.jpg,Boeing,Boeing 737,737-800
0074247.jpg,Boeing,Boeing 737,737-300
0074371.jpg,Embraer,EMB-120,EMB-120
0074462.jpg,Fairchild,Metroliner,Metroliner
0074464.jpg,Boeing,Boeing 737,737-200
0074517.jpg,Fokker,Fokker 100,Fokker 100
0074630.jpg,Lockheed Corporation,L-1011,L-1011
0074632.jpg,Douglas Aircraft Company,DC-3,DC-3
0074633.jpg,Boeing,Boeing 747,747-100
0074746.jpg,McDonnell Douglas,DC-9,DC-9-30
0074747.jpg,McDonnell Douglas,DC-9,DC-9-30
0075050.jpg,Boeing,Boeing 737,737-200
0075752.jpg,Boeing,Boeing 737,737-400
0075758.jpg,Boeing,Boeing 727,727-200
0075759.jpg,Airbus,A320,A320
0075760.jpg,Boeing,Boeing 757,757-200
0076782.jpg,British Aerospace,BAE 146,BAE 146-300
0076791.jpg,Embraer,Embraer ERJ 145,ERJ 145
0076795.jpg,de Havilland,DHC-6,DHC-6
0076836.jpg,Airbus,A320,A321
0076843.jpg,Boeing,Boeing 737,737-400
0076845.jpg,Airbus,A340,A340-300
0077196.jpg,Airbus,A340,A340-200
0077513.jpg,Yakovlev,Yak-42,Yak-42
0077514.jpg,Tupolev,Tu-154,Tu-154
0077517.jpg,Dornier,Dornier 328,Dornier 328
0077518.jpg,British Aerospace,BAE 146,BAE 146-300
0077519.jpg,Airbus,A340,A340-300
0078141.jpg,Fokker,Fokker 70,Fokker 70
0078364.jpg,Airbus,A340,A340-200
0078400.jpg,Cessna,Cessna 208,Cessna 208
0078427.jpg,McDonnell Douglas,MD-80,MD-87
0078550.jpg,McDonnell Douglas,DC-9,DC-9-30
0080532.jpg,Cessna,Cessna 208,Cessna 208
0081592.jpg,de Havilland,Dash 8,DHC-8-100
0081597.jpg,Boeing,Boeing 737,737-800
0081600.jpg,Airbus,A340,A340-200
0081864.jpg,Dassault Aviation,Falcon 2000,Falcon 2000
0082492.jpg,de Havilland,Dash 8,DHC-8-100
0082497.jpg,Beechcraft,Beechcraft 1900,Beechcraft 1900
0082499.jpg,Cessna,Cessna 208,Cessna 208
0082500.jpg,Cessna,Cessna 208,Cessna 208
0082967.jpg,Airbus,A340,A340-200
0083150.jpg,Airbus,A320,A321
0083356.jpg,British Aerospace,BAE-125,BAE-125
0083366.jpg,de Havilland,Dash 8,DHC-8-100
0085153.jpg,Embraer,Embraer ERJ 145,ERJ 145
0085330.jpg,Saab,Saab 340,Saab 340
0085358.jpg,Dassault Aviation,Falcon 900,Falcon 900
0087246.jpg,Boeing,Boeing 757,757-200
0087248.jpg,Boeing,Boeing 767,767-400
0089230.jpg,McDonnell Douglas,MD-80,MD-87
0089346.jpg,Lockheed Corporation,L-1011,L-1011
0090853.jpg,McDonnell Douglas,MD-11,MD-11
0090861.jpg,Airbus,A320,A320
0090862.jpg,Boeing,Boeing 757,757-200
0090864.jpg,Boeing,Boeing 747,747-300
0090868.jpg,Boeing,Boeing 737,737-300
0091111.jpg,Lockheed Corporation,L-1011,L-1011
0091257.jpg,McDonnell Douglas,DC-10,DC-10
0091297.jpg,Douglas Aircraft Company,DC-6,DC-6
0091323.jpg,McDonnell Douglas,MD-80,MD-80
0091331.jpg,Douglas Aircraft Company,DC-8,DC-8
0091354.jpg,Airbus,A300,A300B4
0091356.jpg,ATR,ATR-42,ATR-42
0091357.jpg,Beechcraft,Beechcraft 1900,Beechcraft 1900
0091361.jpg,Embraer,EMB-120,EMB-120
0091362.jpg,Boeing,Boeing 737,737-200
0091364.jpg,de Havilland,Dash 8,DHC-8-100
0091365.jpg,British Aerospace,BAE 146,BAE 146-200
0091366.jpg,Fairchild,Metroliner,Metroliner
0091403.jpg,de Havilland,Dash 8,DHC-8-100
0091405.jpg,Beechcraft,Beechcraft 1900,Beechcraft 1900
0092334.jpg,Boeing,Boeing 747,747-100
0092378.jpg,McDonnell Douglas,MD-90,MD-90
0092971.jpg,Douglas Aircraft Company,DC-8,DC-8
0092976.jpg,McDonnell Douglas,DC-10,DC-10
0093500.jpg,Cessna,Cessna Citation,Cessna 525
0093506.jpg,Embraer,Embraer ERJ 145,ERJ 145
0093510.jpg,Gulfstream Aerospace,Gulfstream,Gulfstream V
0093513.jpg,de Havilland,Dash 8,DHC-8-100
0093514.jpg,McDonnell Douglas,DC-9,DC-9-30
0093515.jpg,Boeing,Boeing 737,737-400
0094111.jpg,Tupolev,Tu-154,Tu-154
0094394.jpg,Airbus,A310,A310
0094395.jpg,Tupolev,Tu-154,Tu-154
0094396.jpg,Tupolev,Tu-134,Tu-134
0094398.jpg,British Aerospace,BAE 146,BAE 146-300
0095325.jpg,Saab,Saab 340,Saab 340
0095379.jpg,de Havilland,Dash 8,DHC-8-100
0095532.jpg,Boeing,Boeing 717,Boeing 717
0095534.jpg,Gulfstream Aerospace,Gulfstream,Gulfstream V
0097107.jpg,Boeing,Boeing 767,767-400
0097108.jpg,Boeing,Boeing 737,737-800
0097110.jpg,ATR,ATR-42,ATR-42
0097111.jpg,Boeing,Boeing 737,737-500
0097112.jpg,Boeing,Boeing 737,737-700
0097113.jpg,de Havilland,Dash 8,DHC-8-100
0097118.jpg,de Havilland,Dash 8,DHC-8-100
0097119.jpg,Boeing,Boeing 737,737-500
0097577.jpg,Boeing,Boeing 737,737-300
0097578.jpg,Boeing,Boeing 737,737-600
0097748.jpg,McDonnell Douglas,DC-9,DC-9-30
0097750.jpg,Boeing,Boeing 747,747-200
0097757.jpg,Boeing,Boeing 767,767-300
0097758.jpg,Embraer,EMB-120,EMB-120
0097765.jpg,Saab,Saab 340,Saab 340
0097935.jpg,Boeing,Boeing 737,737-300
0098072.jpg,Cessna,Cessna 208,Cessna 208
0098085.jpg,Saab,Saab 340,Saab 340
0098189.jpg,Embraer,EMB-120,EMB-120
0098489.jpg,Boeing,Boeing 747,747-300
0098491.jpg,Boeing,Boeing 747,747-400
0100206.jpg,Airbus,A300,A300B4
0100207.jpg,Airbus,A330,A330-300
0100211.jpg,Embraer,Embraer ERJ 145,ERJ 135
0100213.jpg,Boeing,Boeing 737,737-200
0100263.jpg,Piper,PA-28,PA-28
0102223.jpg,Airbus,A300,A300B4
0102237.jpg,McDonnell Douglas,DC-10,DC-10
0102242.jpg,Piper,PA-28,PA-28
0102560.jpg,Douglas Aircraft Company,DC-6,DC-6
0102722.jpg,de Havilland,Dash 8,DHC-8-100
0103328.jpg,Tupolev,Tu-154,Tu-154
0103329.jpg,Antonov,An-12,An-12
0103331.jpg,Lockheed Corporation,L-1011,L-1011
0104601.jpg,Boeing,Boeing 737,737-600
0104604.jpg,Yakovlev,Yak-42,Yak-42
0104814.jpg,Piper,PA-28,PA-28
0104828.jpg,Boeing,Boeing 747,747-100
0104832.jpg,Airbus,A300,A300B4
0104847.jpg,Lockheed Corporation,C-130,C-130
0104853.jpg,Fairchild,Metroliner,Metroliner
0104855.jpg,Airbus,A310,A310
0104856.jpg,Beechcraft,Beechcraft 1900,Beechcraft 1900
0104863.jpg,Piper,PA-28,PA-28
0105827.jpg,Tupolev,Tu-134,Tu-134
0108172.jpg,McDonnell Douglas,DC-9,DC-9-30
0109440.jpg,Airbus,A310,A310
0109444.jpg,Fairchild,Metroliner,Metroliner
0109449.jpg,Embraer,Embraer ERJ 145,ERJ 145
0109457.jpg,McDonnell Douglas,MD-80,MD-87
0109458.jpg,ATR,ATR-72,ATR-72
0109461.jpg,Douglas Aircraft Company,DC-8,DC-8
0109462.jpg,Boeing,Boeing 767,767-200
0109630.jpg,Douglas Aircraft Company,DC-8,DC-8
0109632.jpg,Boeing,Boeing 737,737-200
0109652.jpg,Cessna,Cessna 172,Cessna 172
0109655.jpg,Boeing,Boeing 727,727-200
0109656.jpg,Fairchild,Metroliner,Metroliner
0110914.jpg,Airbus,A320,A319
0113201.jpg,Boeing,Boeing 707,707-320
0114120.jpg,Boeing,Boeing 747,747-100
0114122.jpg,Boeing,Boeing 737,737-200
0114397.jpg,Lockheed Corporation,L-1011,L-1011
0114402.jpg,de Havilland,Dash 8,DHC-8-100
0114403.jpg,Boeing,Boeing 737,737-500
0114407.jpg,de Havilland,Dash 8,DHC-8-100
0114409.jpg,Boeing,Boeing 737,737-300
0114414.jpg,Fokker,Fokker 50,Fokker 50
0114415.jpg,Saab,Saab 340,Saab 340
0114420.jpg,Airbus,A310,A310
0114421.jpg,Saab,Saab 2000,Saab 2000
0114425.jpg,de Havilland,Dash 8,DHC-8-100
0114427.jpg,McDonnell Douglas,MD-80,MD-87
0114428.jpg,McDonnell Douglas,MD-80,MD-80
0114430.jpg,McDonnell Douglas,DC-9,DC-9-30
0114435.jpg,ATR,ATR-72,ATR-72
0114437.jpg,ATR,ATR-42,ATR-42
0114438.jpg,Fokker,Fokker 50,Fokker 50
0114439.jpg,Boeing,Boeing 737,737-500
0114447.jpg,Antonov,An-12,An-12
0114448.jpg,McDonnell Douglas,DC-10,DC-10
0114454.jpg,Boeing,Boeing 747,747-300
0115062.jpg,Airbus,A310,A310
0115064.jpg,Fokker,Fokker 50,Fokker 50
0115066.jpg,Boeing,Boeing 767,767-200
0115072.jpg,Airbus,A320,A320
0115074.jpg,Airbus,A340,A340-200
0115565.jpg,Boeing,Boeing 747,747-200
0116175.jpg,Boeing,Boeing 727,727-200
0116701.jpg,McDonnell Douglas,MD-80,MD-87
0116702.jpg,McDonnell Douglas,DC-9,DC-9-30
0116704.jpg,Airbus,A300,A300B4
0116708.jpg,Boeing,Boeing 737,737-400
0116710.jpg,Douglas Aircraft Company,DC-8,DC-8
0116718.jpg,Embraer,Embraer ERJ 145,ERJ 145
0117996.jpg,Boeing,Boeing 767,767-200
0118429.jpg,Beechcraft,Beechcraft 1900,Beechcraft 1900
0118430.jpg,de Havilland,Dash 8,DHC-8-100
0118439.jpg,Beechcraft,King Air,Model B200
0118660.jpg,McDonnell Douglas,DC-10,DC-10
0122393.jpg,Boeing,Boeing 737,737-400
0123332.jpg,Fokker,Fokker 50,Fokker 50
0123337.jpg,Fokker,Fokker 100,Fokker 100
0123339.jpg,Airbus,A300,A300B4
0123340.jpg,Airbus,A310,A310
0123344.jpg,Boeing,Boeing 777,777-300
0123345.jpg,Boeing,Boeing 777,777-200
0126141.jpg,Canadair,Challenger 600,Challenger 600
0126154.jpg,Beechcraft,Beechcraft 1900,Beechcraft 1900
0127032.jpg,Boeing,Boeing 767,767-400
0127034.jpg,McDonnell Douglas,MD-80,MD-87
0127045.jpg,Embraer,EMB-120,EMB-120
0127047.jpg,Boeing,Boeing 737,737-200
0127050.jpg,McDonnell Douglas,MD-80,MD-80
0127058.jpg,Boeing,Boeing 767,767-400
0127496.jpg,Boeing,Boeing 767,767-300
0127501.jpg,de Havilland,Dash 8,DHC-8-300
0127502.jpg,de Havilland,Dash 8,DHC-8-100
0127503.jpg,Beechcraft,Beechcraft 1900,Beechcraft 1900
0127504.jpg,Boeing,Boeing 747,747-400
0127505.jpg,Boeing,Boeing 747,747-100
0127507.jpg,Boeing,Boeing 767,767-200
0127508.jpg,Lockheed Corporation,L-1011,L-1011
0127621.jpg,Beechcraft,Beechcraft 1900,Beechcraft 1900
0127627.jpg,Boeing,Boeing 737,737-400
0127633.jpg,Fokker,Fokker 50,Fokker 50
0127634.jpg,Saab,Saab 2000,Saab 2000
0127637.jpg,Airbus,A310,A310
0127648.jpg,Boeing,Boeing 737,737-200
0127649.jpg,Antonov,An-12,An-12
0127650.jpg,Ilyushin,Il-76,Il-76
0127652.jpg,Tupolev,Tu-134,Tu-134
0129325.jpg,Saab,Saab 340,Saab 340
0129326.jpg,Beechcraft,Beechcraft 1900,Beechcraft 1900
0130154.jpg,Gulfstream Aerospace,Gulfstream,Gulfstream V
0130594.jpg,McDonnell Douglas,MD-11,MD-11
0130597.jpg,Boeing,Boeing 757,757-300
0130598.jpg,Canadair,CRJ-200,CRJ-200
0130599.jpg,Boeing,Boeing 737,737-500
0130600.jpg,McDonnell Douglas,MD-80,MD-80
0130601.jpg,ATR,ATR-42,ATR-42
0130602.jpg,Airbus,A310,A310
0132975.jpg,Boeing,Boeing 747,747-100
0132979.jpg,McDonnell Douglas,MD-80,MD-80
0132987.jpg,Fairchild,Metroliner,Metroliner
0133434.jpg,McDonnell Douglas,DC-9,DC-9-30
0133435.jpg,Airbus,A300,A300B4
0133438.jpg,McDonnell Douglas,DC-9,DC-9-30
0133440.jpg,Boeing,Boeing 737,737-300
0134592.jpg,British Aerospace,BAE 146,BAE 146-300
0134595.jpg,Fokker,Fokker 50,Fokker 50
0134596.jpg,Fokker,Fokker 100,Fokker 100
0134597.jpg,British Aerospace,BAE 146,BAE 146-300
0134598.jpg,Boeing,Boeing 757,757-200
0134602.jpg,Fokker,Fokker 100,Fokker 100
0136140.jpg,British Aerospace,BAE 146,BAE 146-200
0136148.jpg,Embraer,EMB-120,EMB-120
0136150.jpg,Fokker,Fokker 70,Fokker 70
0136152.jpg,Fokker,Fokker 50,Fokker 50
0136158.jpg,Lockheed Corporation,L-1011,L-1011
0136160.jpg,Fokker,Fokker 100,Fokker 100
0136161.jpg,ATR,ATR-72,ATR-72
0136162.jpg,British Aerospace,BAE 146,BAE 146-300
0136165.jpg,British Aerospace,BAE 146,BAE 146-200
0136167.jpg,British Aerospace,BAE 146,BAE 146-300
0136174.jpg,McDonnell Douglas,DC-10,DC-10
0136179.jpg,de Havilland,Dash 8,DHC-8-300
0136180.jpg,ATR,ATR-72,ATR-72
0136181.jpg,ATR,ATR-42,ATR-42
0136182.jpg,British Aerospace,BAE 146,BAE 146-200
0136184.jpg,Canadair,CRJ-200,CRJ-200
0136185.jpg,British Aerospace,BAE 146,BAE 146-300
0136190.jpg,Airbus,A300,A300B4
0136191.jpg,Fokker,Fokker 70,Fokker 70
0136193.jpg,McDonnell Douglas,DC-9,DC-9-30
0136197.jpg,McDonnell Douglas,DC-10,DC-10
0136240.jpg,Gulfstream Aerospace,Gulfstream,Gulfstream IV
0136377.jpg,McDonnell Douglas,DC-9,DC-9-30
0136383.jpg,McDonnell Douglas,MD-80,MD-87
0136394.jpg,de Havilland,Dash 8,DHC-8-100
0136468.jpg,Airbus,A340,A340-200
0136472.jpg,Airbus,A320,A321
0136479.jpg,McDonnell Douglas,DC-10,DC-10
0136480.jpg,Airbus,A310,A310
0136483.jpg,Fokker,Fokker 100,Fokker 100
0136485.jpg,Saab,Saab 340,Saab 340
0136486.jpg,Boeing,Boeing 747,747-100
0136489.jpg,Boeing,Boeing 777,777-200
0136494.jpg,Airbus,A310,A310
0136500.jpg,Airbus,A340,A340-200
0138993.jpg,Boeing,Boeing 757,757-300
0139297.jpg,McDonnell Douglas,MD-90,MD-90
0139685.jpg,Boeing,Boeing 747,747-100
0139711.jpg,Beechcraft,Beechcraft 1900,Beechcraft 1900
0140272.jpg,Airbus,A340,A340-200
0141433.jpg,McDonnell Douglas,F/A-18,F/A-18
0143079.jpg,Embraer,EMB-120,EMB-120
0143080.jpg,Boeing,Boeing 727,727-200
0143336.jpg,Airbus,A340,A340-200
0143338.jpg,Airbus,A340,A340-300
0143339.jpg,Tupolev,Tu-134,Tu-134
0143341.jpg,Boeing,Boeing 737,737-500
0143344.jpg,Tupolev,Tu-134,Tu-134
0143349.jpg,Fokker,Fokker 50,Fokker 50
0143351.jpg,McDonnell Douglas,DC-10,DC-10
0143354.jpg,McDonnell Douglas,DC-10,DC-10
0143357.jpg,Lockheed Corporation,L-1011,L-1011
0143363.jpg,Fokker,Fokker 70,Fokker 70
0143364.jpg,Boeing,Boeing 737,737-500
0143367.jpg,Dornier,Dornier 328,Dornier 328
0143371.jpg,Saab,Saab 340,Saab 340
0143372.jpg,Saab,Saab 2000,Saab 2000
0143373.jpg,British Aerospace,BAE 146,BAE 146-200
0143377.jpg,Fokker,Fokker 100,Fokker 100
0143378.jpg,McDonnell Douglas,DC-9,DC-9-30
0143381.jpg,Airbus,A320,A319
0143384.jpg,Airbus,A310,A310
0143388.jpg,Boeing,Boeing 747,747-300
0143389.jpg,British Aerospace,BAE 146,BAE 146-200
0143396.jpg,Tupolev,Tu-154,Tu-154
0144930.jpg,Douglas Aircraft Company,DC-6,DC-6
0145542.jpg,Saab,Saab 340,Saab 340
0147028.jpg,Beechcraft,Beechcraft 1900,Beechcraft 1900
0147029.jpg,Boeing,Boeing 767,767-200
0147032.jpg,Airbus,A320,A320
0147037.jpg,Boeing,Boeing 747,747-100
0147038.jpg,Boeing,Boeing 747,747-100
0147042.jpg,Douglas Aircraft Company,DC-8,DC-8
0147047.jpg,Boeing,Boeing 727,727-200
0147048.jpg,Boeing,Boeing 737,737-200
0147057.jpg,Boeing,Boeing 737,737-800
0149342.jpg,Lockheed Corporation,L-1011,L-1011
0149352.jpg,Boeing,Boeing 747,747-100
0151656.jpg,McDonnell Douglas,MD-80,MD-80
0151661.jpg,Boeing,Boeing 747,747-200
0151664.jpg,Embraer,EMB-120,EMB-120
0151665.jpg,Boeing,Boeing 737,737-500
0151672.jpg,Boeing,Boeing 767,767-400
0151678.jpg,Airbus,A340,A340-200
0154312.jpg,McDonnell Douglas,MD-90,MD-90
0154348.jpg,de Havilland,Dash 8,DHC-8-100
0154349.jpg,Dassault Aviation,Falcon 2000,Falcon 2000
0154392.jpg,Embraer,EMB-120,EMB-120
0155576.jpg,Airbus,A340,A340-200
0155579.jpg,Boeing,Boeing 747,747-100
0155602.jpg,Dornier,Dornier 328,Dornier 328
0155603.jpg,ATR,ATR-72,ATR-72
0155611.jpg,ATR,ATR-72,ATR-72
0155816.jpg,Cessna,Cessna 208,Cessna 208
0157159.jpg,de Havilland,Dash 8,DHC-8-100
0157278.jpg,Cessna,Cessna 208,Cessna 208
0158891.jpg,Boeing,Boeing 757,757-300
0161728.jpg,de Havilland,Dash 8,DHC-8-100
0164676.jpg,McDonnell Douglas,MD-11,MD-11
0165200.jpg,Boeing,Boeing 717,Boeing 717
0166974.jpg,Boeing,Boeing 757,757-200
0167061.jpg,Saab,Saab 340,Saab 340
0167063.jpg,Fokker,Fokker 70,Fokker 70
0167073.jpg,ATR,ATR-42,ATR-42
0167074.jpg,Fokker,Fokker 100,Fokker 100
0167090.jpg,Boeing,Boeing 747,747-300
0167091.jpg,Dornier,Dornier 328,Dornier 328
0167092.jpg,Airbus,A300,A300B4
0167114.jpg,Boeing,Boeing 747,747-300
0167121.jpg,Airbus,A320,A319
0167122.jpg,British Aerospace,BAE 146,BAE 146-300
0167123.jpg,de Havilland,Dash 8,DHC-8-100
0167124.jpg,de Havilland,Dash 8,DHC-8-100
0167800.jpg,Boeing,Boeing 777,777-200
0167802.jpg,McDonnell Douglas,MD-80,MD-80
0169310.jpg,Beechcraft,Beechcraft 1900,Beechcraft 1900
0169317.jpg,Boeing,Boeing 757,757-200
0169635.jpg,Embraer,EMB-120,EMB-120
0169997.jpg,McDonnell Douglas,MD-11,MD-11
0171387.jpg,McDonnell Douglas,MD-80,MD-80
0171397.jpg,Airbus,A300,A300B4
0171401.jpg,Boeing,Boeing 767,767-300
0171412.jpg,Douglas Aircraft Company,DC-8,DC-8
0171414.jpg,Airbus,A330,A330-200
0171956.jpg,McDonnell Douglas,DC-10,DC-10
0172093.jpg,Beechcraft,Beechcraft 1900,Beechcraft 1900
0174021.jpg,Saab,Saab 340,Saab 340
0174041.jpg,McDonnell Douglas,MD-90,MD-90
0174049.jpg,Embraer,EMB-120,EMB-120
0174054.jpg,Boeing,Boeing 737,737-900
0174059.jpg,Lockheed Corporation,L-1011,L-1011
0174852.jpg,Airbus,A340,A340-300
0174853.jpg,McDonnell Douglas,MD-11,MD-11
0174858.jpg,Airbus,A310,A310
0174870.jpg,Saab,Saab 340,Saab 340
0174884.jpg,Douglas Aircraft Company,C-47,C-47
0174885.jpg,Beechcraft,Beechcraft 1900,Beechcraft 1900
0174890.jpg,Embraer,Embraer ERJ 145,ERJ 135
0174893.jpg,Lockheed Corporation,L-1011,L-1011
0174895.jpg,Airbus,A300,A300B4
0174896.jpg,Douglas Aircraft Company,DC-6,DC-6
0174901.jpg,Douglas Aircraft Company,DC-8,DC-8
0174903.jpg,Fokker,Fokker 100,Fokker 100
0174920.jpg,Lockheed Corporation,L-1011,L-1011
0174925.jpg,Boeing,Boeing 777,777-200
0174926.jpg,Canadair,CRJ-200,CRJ-200
0174937.jpg,McDonnell Douglas,DC-9,DC-9-30
0174941.jpg,McDonnell Douglas,MD-80,MD-87
0174942.jpg,Boeing,Boeing 757,757-200
0174943.jpg,Embraer,Embraer ERJ 145,ERJ 145
0175704.jpg,McDonnell Douglas,MD-90,MD-90
0175724.jpg,Cessna,Cessna 208,Cessna 208
0175726.jpg,Beechcraft,Beechcraft 1900,Beechcraft 1900
0175746.jpg,Boeing,Boeing 737,737-500
0175817.jpg,Boeing,Boeing 747,747-400
0175819.jpg,Airbus,A330,A330-300
0175821.jpg,Airbus,A340,A340-300
0176007.jpg,McDonnell Douglas,DC-10,DC-10
0176009.jpg,Boeing,Boeing 767,767-400
0176108.jpg,McDonnell Douglas,MD-80,MD-87
0176115.jpg,Boeing,Boeing 717,Boeing 717
0176131.jpg,Boeing,Boeing 767,767-400
0176136.jpg,Boeing,Boeing 737,737-400
0176138.jpg,McDonnell Douglas,MD-80,MD-80
0176394.jpg,British Aerospace,BAE 146,BAE 146-200
0177063.jpg,Douglas Aircraft Company,DC-8,DC-8
0177480.jpg,ATR,ATR-72,ATR-72
0177654.jpg,Canadair,CRJ-200,CRJ-200
0177655.jpg,de Havilland,Dash 8,DHC-8-100
0177656.jpg,de Havilland,Dash 8,DHC-8-300
0177657.jpg,de Havilland,Dash 8,DHC-8-100
0177659.jpg,Fokker,Fokker 50,Fokker 50
0178292.jpg,Boeing,Boeing 737,737-300
0179021.jpg,Boeing,Boeing 737,737-900
0179022.jpg,Beechcraft,Beechcraft 1900,Beechcraft 1900
0179059.jpg,Boeing,Boeing 747,747-300
0179062.jpg,Boeing,Boeing 747,747-100
0179066.jpg,Boeing,Boeing 767,767-200
0179069.jpg,Douglas Aircraft Company,DC-8,DC-8
0179070.jpg,Boeing,Boeing 747,747-200
0181710.jpg,Airbus,A320,A321
0181712.jpg,Boeing,Boeing 717,Boeing 717
0181715.jpg,Tupolev,Tu-134,Tu-134
0181723.jpg,Canadair,CRJ-200,CRJ-200
0181726.jpg,Boeing,Boeing 747,747-300
0181728.jpg,Boeing,Boeing 717,Boeing 717
0181732.jpg,Boeing,Boeing 747,747-300
0181735.jpg,Airbus,A310,A310
0181737.jpg,Boeing,Boeing 747,747-300
0182103.jpg,de Havilland,DHC-6,DHC-6
0182174.jpg,Fairchild,Metroliner,Metroliner
0182178.jpg,ATR,ATR-72,ATR-72
0182189.jpg,Boeing,Boeing 747,747-200
0182190.jpg,McDonnell Douglas,DC-9,DC-9-30
0182724.jpg,Boeing,Boeing 767,767-300
0182727.jpg,Airbus,A320,A321
0182729.jpg,Boeing,Boeing 767,767-400
0182730.jpg,Embraer,Embraer ERJ 145,ERJ 145
0182731.jpg,Fokker,Fokker 100,Fokker 100
0182732.jpg,ATR,ATR-72,ATR-72
0182735.jpg,Fokker,Fokker 100,Fokker 100
0183579.jpg,Boeing,Boeing 737,737-700
0183641.jpg,Boeing,Boeing 747,747-300
0183645.jpg,Airbus,A340,A340-300
0184344.jpg,Airbus,A300,A300B4
0184346.jpg,Boeing,Boeing 767,767-200
0184347.jpg,McDonnell Douglas,MD-90,MD-90
0184349.jpg,Saab,Saab 340,Saab 340
0184350.jpg,Boeing,Boeing 737,737-300
0184351.jpg,Boeing,Boeing 757,757-200
0184352.jpg,Fokker,Fokker 100,Fokker 100
0184369.jpg,Cessna,Cessna 208,Cessna 208
0184373.jpg,Embraer,EMB-120,EMB-120
0184897.jpg,Tupolev,Tu-154,Tu-154
0184899.jpg,Canadair,CRJ-200,CRJ-200
0184994.jpg,Tupolev,Tu-154,Tu-154
0185316.jpg,Airbus,A300,A300B4
0185324.jpg,Embraer,Embraer ERJ 145,ERJ 145
0186424.jpg,Beechcraft,Beechcraft 1900,Beechcraft 1900
0187226.jpg,Airbus,A300,A300B4
0187233.jpg,McDonnell Douglas,MD-80,MD-87
0187239.jpg,Saab,Saab 340,Saab 340
0187244.jpg,Boeing,Boeing 737,737-200
0187247.jpg,Boeing,Boeing 767,767-200
0187248.jpg,McDonnell Douglas,DC-10,DC-10
0187532.jpg,Boeing,Boeing 757,757-300
0187671.jpg,Airbus,A340,A340-200
0188143.jpg,Boeing,Boeing 767,767-200
0188372.jpg,Airbus,A340,A340-200
0188405.jpg,Boeing,Boeing 747,747-100
0188412.jpg,Lockheed Corporation,L-1011,L-1011
0188550.jpg,Airbus,A320,A320
0188557.jpg,Boeing,Boeing 737,737-800
0191386.jpg,Boeing,Boeing 767,767-200
0192179.jpg,Boeing,Boeing 737,737-900
0192189.jpg,Boeing,Boeing 767,767-400
0192204.jpg,Douglas Aircraft Company,DC-8,DC-8
0192624.jpg,Fokker,Fokker 70,Fokker 70
0192625.jpg,Boeing,Boeing 737,737-600
0192630.jpg,Piper,PA-28,PA-28
0192881.jpg,de Havilland,Dash 8,DHC-8-100
0193709.jpg,de Havilland,Dash 8,DHC-8-300
0193711.jpg,ATR,ATR-72,ATR-72
0193728.jpg,McDonnell Douglas,MD-80,MD-87
0193729.jpg,McDonnell Douglas,MD-80,MD-87
0193982.jpg,McDonnell Douglas,MD-11,MD-11
0193983.jpg,Boeing,Boeing 727,727-200
0195002.jpg,Boeing,Boeing 747,747-200
0195003.jpg,Airbus,A320,A320
0195006.jpg,McDonnell Douglas,DC-9,DC-9-30
0195009.jpg,Tupolev,Tu-134,Tu-134
0195013.jpg,Boeing,Boeing 737,737-400
0195016.jpg,Ilyushin,Il-76,Il-76
0195017.jpg,Ilyushin,Il-76,Il-76
0195718.jpg,Airbus,A340,A340-200
0195729.jpg,Ilyushin,Il-76,Il-76
0195743.jpg,Tupolev,Tu-134,Tu-134
0195744.jpg,Douglas Aircraft Company,DC-8,DC-8
0195749.jpg,McDonnell Douglas,DC-10,DC-10
0197002.jpg,McDonnell Douglas,MD-80,MD-87
0197342.jpg,Boeing,Boeing 707,707-320
0197363.jpg,Boeing,Boeing 767,767-200
0197891.jpg,Yakovlev,Yak-42,Yak-42
0197892.jpg,Yakovlev,Yak-42,Yak-42
0198100.jpg,Douglas Aircraft Company,DC-8,DC-8
0198101.jpg,Boeing,Boeing 707,707-320
0198104.jpg,Airbus,A320,A319
0198130.jpg,McDonnell Douglas,MD-80,MD-80
0198433.jpg,Boeing,Boeing 747,747-200
0198440.jpg,Boeing,Boeing 737,737-200
0198443.jpg,Boeing,Boeing 737,737-200
0198445.jpg,Tupolev,Tu-154,Tu-154
0198446.jpg,Yakovlev,Yak-42,Yak-42
0198447.jpg,McDonnell Douglas,MD-80,MD-80
0198448.jpg,Yakovlev,Yak-42,Yak-42
0198449.jpg,McDonnell Douglas,DC-9,DC-9-30
0198777.jpg,Yakovlev,Yak-42,Yak-42
0199985.jpg,Airbus,A340,A340-600
0200422.jpg,Boeing,Boeing 737,737-900
0200888.jpg,Canadair,CRJ-200,CRJ-200
0201665.jpg,British Aerospace,BAE 146,BAE 146-200
0201676.jpg,Boeing,Boeing 737,737-500
0201677.jpg,Airbus,A310,A310
0202411.jpg,McDonnell Douglas,MD-90,MD-90
0202418.jpg,Embraer,EMB-120,EMB-120
0202423.jpg,Embraer,Embraer ERJ 145,ERJ 145
0202431.jpg,Embraer,EMB-120,EMB-120
0202465.jpg,Saab,Saab 340,Saab 340
0202466.jpg,Beechcraft,Beechcraft 1900,Beechcraft 1900
0203220.jpg,Airbus,A300,A300B4
0203222.jpg,Airbus,A310,A310
0204622.jpg,Boeing,Boeing 767,767-200
0205769.jpg,McDonnell Douglas,DC-10,DC-10
0205770.jpg,Airbus,A320,A319
0205775.jpg,Airbus,A320,A320
0205776.jpg,Airbus,A320,A319
0205781.jpg,Canadair,CRJ-200,CRJ-200
0205784.jpg,Boeing,Boeing 757,757-300
0205785.jpg,McDonnell Douglas,MD-80,MD-87
0209211.jpg,Boeing,Boeing 737,737-700
0209554.jpg,Boeing,Boeing 737,737-200
0209555.jpg,McDonnell Douglas,DC-10,DC-10
0209760.jpg,Canadair,CRJ-700,CRJ-700
0210366.jpg,de Havilland,Dash 8,DHC-8-100
0213505.jpg,Boeing,Boeing 727,727-200
0214193.jpg,Airbus,A340,A340-300
0215875.jpg,Airbus,A310,A310
0218033.jpg,Boeing,Boeing 737,737-300
0218039.jpg,Boeing,Boeing 727,727-200
0218041.jpg,Boeing,Boeing 727,727-200
0218042.jpg,Boeing,Boeing 737,737-400
0218791.jpg,de Havilland,Dash 8,DHC-8-100
0218801.jpg,Boeing,Boeing 737,737-300
0218812.jpg,Boeing,Boeing 757,757-200
0218834.jpg,McDonnell Douglas,F/A-18,F/A-18
0218835.jpg,McDonnell Douglas,F/A-18,F/A-18
0218836.jpg,McDonnell Douglas,DC-10,DC-10
0218848.jpg,Lockheed Corporation,L-1011,L-1011
0218850.jpg,McDonnell Douglas,DC-10,DC-10
0218852.jpg,Boeing,Boeing 737,737-900
0219233.jpg,Airbus,A340,A340-300
0219261.jpg,Saab,Saab 340,Saab 340
0219265.jpg,Douglas Aircraft Company,DC-8,DC-8
0220011.jpg,Lockheed Corporation,L-1011,L-1011
0221294.jpg,Boeing,Boeing 737,737-900
0222901.jpg,Boeing,Boeing 767,767-400
0222913.jpg,Embraer,Embraer ERJ 145,ERJ 135
0222915.jpg,McDonnell Douglas,MD-80,MD-80
0222923.jpg,Canadair,CRJ-200,CRJ-200
0223783.jpg,Boeing,Boeing 737,737-900
0223949.jpg,de Havilland,Dash 8,DHC-8-100
0225206.jpg,Fokker,Fokker 50,Fokker 50
0225210.jpg,Airbus,A320,A320
0225212.jpg,Airbus,A330,A330-200
0225213.jpg,Embraer,Embraer ERJ 145,ERJ 145
0225215.jpg,Airbus,A310,A310
0225217.jpg,Boeing,Boeing 757,757-200
0225218.jpg,Boeing,Boeing 737,737-200
0225221.jpg,Boeing,Boeing 767,767-400
0225225.jpg,Boeing,Boeing 737,737-500
0225227.jpg,Boeing,Boeing 737,737-700
0225469.jpg,Canadair,CRJ-200,CRJ-200
0225472.jpg,McDonnell Douglas,MD-90,MD-90
0225634.jpg,Cessna,Cessna Citation,Cessna 560
0227058.jpg,Boeing,Boeing 737,737-200
0227119.jpg,Embraer,Embraer ERJ 145,ERJ 135
0227120.jpg,Beechcraft,Beechcraft 1900,Beechcraft 1900
0227126.jpg,Boeing,Boeing 737,737-900
0227129.jpg,Embraer,Embraer ERJ 145,ERJ 135
0227131.jpg,Embraer,Embraer ERJ 145,ERJ 135
0227135.jpg,Canadair,CRJ-200,CRJ-200
0227144.jpg,Canadair,CRJ-200,CRJ-200
0227589.jpg,McDonnell Douglas,MD-90,MD-90
0229256.jpg,Tupolev,Tu-154,Tu-154
0229722.jpg,Boeing,Boeing 737,737-700
0229943.jpg,de Havilland,Dash 8,DHC-8-300
0230804.jpg,Tupolev,Tu-134,Tu-134
0230833.jpg,Airbus,A340,A340-600
0232377.jpg,Airbus,A320,A320
0233755.jpg,Boeing,Boeing 767,767-300
0233756.jpg,Boeing,Boeing 747,747-200
0233758.jpg,Boeing,Boeing 717,Boeing 717
0233762.jpg,McDonnell Douglas,MD-80,MD-80
0233763.jpg,Fokker,Fokker 50,Fokker 50
0233765.jpg,Boeing,Boeing 717,Boeing 717
0233772.jpg,Dassault Aviation,Falcon 900,Falcon 900
0235626.jpg,Canadair,CRJ-200,CRJ-200
0236032.jpg,Embraer,EMB-120,EMB-120
0236037.jpg,Douglas Aircraft Company,DC-3,DC-3
0237107.jpg,Boeing,Boeing 737,737-400
0237108.jpg,Tupolev,Tu-154,Tu-154
0237109.jpg,Boeing,Boeing 767,767-200
0237111.jpg,Airbus,A320,A320
0237115.jpg,British Aerospace,BAE 146,BAE 146-200
0237414.jpg,Airbus,A340,A340-200
0239583.jpg,Boeing,Boeing 717,Boeing 717
0239592.jpg,Canadair,Challenger 600,Challenger 600
0240319.jpg,Boeing,Boeing 777,777-200
0240325.jpg,Airbus,A340,A340-200
0241450.jpg,Airbus,A340,A340-200
0241464.jpg,Tupolev,Tu-154,Tu-154
0241566.jpg,Canadair,Challenger 600,Challenger 600
0242845.jpg,Boeing,Boeing 737,737-400
0243476.jpg,Canadair,CRJ-700,CRJ-700
0245219.jpg,Airbus,A340,A340-200
0245920.jpg,Canadair,CRJ-700,CRJ-700
0247497.jpg,Airbus,A340,A340-300
0247942.jpg,Boeing,Boeing 737,737-200
0248122.jpg,Dornier,Dornier 328,Dornier 328
0248131.jpg,McDonnell Douglas,DC-9,DC-9-30
0248132.jpg,Airbus,A320,A319
0248134.jpg,Douglas Aircraft Company,DC-8,DC-8
0248336.jpg,Boeing,Boeing 737,737-300
0248710.jpg,Boeing,Boeing 767,767-400
0249029.jpg,Embraer,Embraer ERJ 145,ERJ 135
0249234.jpg,Airbus,A340,A340-200
0249235.jpg,Embraer,Embraer ERJ 145,ERJ 135
0249916.jpg,Airbus,A330,A330-300
0250112.jpg,Fokker,Fokker 70,Fokker 70
0250136.jpg,McDonnell Douglas,MD-80,MD-80
0250398.jpg,de Havilland,Dash 8,DHC-8-300
0250399.jpg,Boeing,Boeing 727,727-200
0255153.jpg,Airbus,A310,A310
0255288.jpg,Saab,Saab 340,Saab 340
0255294.jpg,Boeing,Boeing 767,767-400
0255295.jpg,McDonnell Douglas,MD-80,MD-87
0255359.jpg,Tupolev,Tu-154,Tu-154
0255360.jpg,McDonnell Douglas,MD-80,MD-80
0255361.jpg,de Havilland,Dash 8,DHC-8-300
0255363.jpg,Boeing,Boeing 757,757-200
0256039.jpg,Boeing,Boeing 727,727-200
0256997.jpg,Boeing,Boeing 767,767-300
0256999.jpg,de Havilland,Dash 8,DHC-8-300
0257025.jpg,Boeing,Boeing 737,737-800
0257026.jpg,Airbus,A330,A330-200
0257029.jpg,Boeing,Boeing 757,757-300
0257281.jpg,Saab,Saab 2000,Saab 2000
0257282.jpg,Airbus,A320,A320
0257369.jpg,McDonnell Douglas,MD-80,MD-87
0257374.jpg,McDonnell Douglas,MD-90,MD-90
0257376.jpg,British Aerospace,BAE 146,BAE 146-200
0257377.jpg,Airbus,A320,A319
0257378.jpg,Boeing,Boeing 747,747-200
0257380.jpg,Saab,Saab 340,Saab 340
0257552.jpg,Boeing,Boeing 737,737-800
0257606.jpg,Canadair,CRJ-700,CRJ-700
0257664.jpg,Fokker,Fokker 50,Fokker 50
0257668.jpg,Embraer,EMB-120,EMB-120
0259164.jpg,McDonnell Douglas,MD-90,MD-90
0259167.jpg,Boeing,Boeing 737,737-600
0262015.jpg,McDonnell Douglas,DC-10,DC-10
0262656.jpg,Fairchild,Metroliner,Metroliner
0263496.jpg,Beechcraft,Beechcraft 1900,Beechcraft 1900
0271186.jpg,Boeing,Boeing 747,747-300
0272510.jpg,British Aerospace,BAE 146,BAE 146-300
0273050.jpg,Tupolev,Tu-154,Tu-154
0273083.jpg,British Aerospace,BAE 146,BAE 146-300
0273090.jpg,British Aerospace,BAE 146,BAE 146-300
0273141.jpg,Boeing,Boeing 737,737-900
0273146.jpg,Airbus,A330,A330-200
0273150.jpg,Boeing,Boeing 757,757-200
0274254.jpg,Airbus,A320,A320
0274619.jpg,Airbus,A320,A321
0274621.jpg,Boeing,Boeing 737,737-800
0274630.jpg,Douglas Aircraft Company,DC-8,DC-8
0275110.jpg,Embraer,EMB-120,EMB-120
0275116.jpg,Boeing,Boeing 747,747-100
0275117.jpg,Boeing,Boeing 757,757-200
0275123.jpg,Boeing,Boeing 727,727-200
0275248.jpg,McDonnell Douglas,MD-90,MD-90
0275249.jpg,British Aerospace,BAE-125,BAE-125
0275671.jpg,Gulfstream Aerospace,Gulfstream,Gulfstream V
0275719.jpg,Boeing,Boeing 727,727-200
0275729.jpg,Canadair,CRJ-200,CRJ-200
0275792.jpg,McDonnell Douglas,MD-90,MD-90
0275804.jpg,McDonnell Douglas,MD-11,MD-11
0275806.jpg,Boeing,Boeing 737,737-900
0275905.jpg,Embraer,EMB-120,EMB-120
0275909.jpg,Boeing,Boeing 777,777-200
0276022.jpg,Boeing,Boeing 737,737-900
0276023.jpg,Saab,Saab 340,Saab 340
0276024.jpg,McDonnell Douglas,MD-11,MD-11
0276025.jpg,Airbus,A330,A330-200
0278439.jpg,Dornier,Dornier 328,Dornier 328
0278443.jpg,Boeing,Boeing 737,737-300
0279893.jpg,Cessna,Cessna 208,Cessna 208
0279936.jpg,Boeing,Boeing 717,Boeing 717
0280174.jpg,Douglas Aircraft Company,DC-6,DC-6
0280348.jpg,Lockheed Corporation,C-130,C-130
0283609.jpg,Airbus,A340,A340-300
0285462.jpg,Embraer,Embraer ERJ 145,ERJ 135
0286125.jpg,McDonnell Douglas,F/A-18,F/A-18
0287695.jpg,McDonnell Douglas,DC-9,DC-9-30
0288121.jpg,McDonnell Douglas,MD-80,MD-80
0288164.jpg,Boeing,Boeing 737,737-700
0288188.jpg,Boeing,Boeing 757,757-200
0292868.jpg,Boeing,Boeing 737,737-900
0295742.jpg,Embraer,Embraer ERJ 145,ERJ 145
0295746.jpg,Airbus,A340,A340-200
0295861.jpg,Canadair,Challenger 600,Challenger 600
0296011.jpg,Boeing,Boeing 747,747-100
0296013.jpg,de Havilland,Dash 8,DHC-8-100
0296117.jpg,Lockheed Corporation,L-1011,L-1011
0296937.jpg,Boeing,Boeing 757,757-200
0297025.jpg,British Aerospace,BAE-125,BAE-125
0298309.jpg,Airbus,A340,A340-200
0298506.jpg,Bombardier Aerospace,Global Express,Global Express
0299620.jpg,Dassault Aviation,Falcon 900,Falcon 900
0299623.jpg,de Havilland,Dash 8,DHC-8-100
0299638.jpg,British Aerospace,BAE-125,BAE-125
0299647.jpg,Beechcraft,Beechcraft 1900,Beechcraft 1900
0301709.jpg,Airbus,A340,A340-200
0301964.jpg,Airbus,A330,A330-300
0301967.jpg,Airbus,A340,A340-200
0301977.jpg,Cessna,Cessna 208,Cessna 208
0302001.jpg,de Havilland,DHC-6,DHC-6
0302002.jpg,de Havilland,Dash 8,DHC-8-300
0302006.jpg,Cessna,Cessna 208,Cessna 208
0302019.jpg,Boeing,Boeing 717,Boeing 717
0302020.jpg,Boeing,Boeing 717,Boeing 717
0302036.jpg,Boeing,Boeing 737,737-800
0302038.jpg,de Havilland,Dash 8,DHC-8-100
0302204.jpg,Cessna,Cessna 208,Cessna 208
0302207.jpg,de Havilland,Dash 8,DHC-8-100
0302209.jpg,Gulfstream Aerospace,Gulfstream,Gulfstream IV
0302290.jpg,de Havilland,Dash 8,DHC-8-100
0302294.jpg,Cessna,Cessna 208,Cessna 208
0302320.jpg,McDonnell Douglas,MD-80,MD-87
0302648.jpg,Boeing,Boeing 737,737-400
0302650.jpg,McDonnell Douglas,DC-9,DC-9-30
0302719.jpg,ATR,ATR-72,ATR-72
0302868.jpg,Fokker,Fokker 50,Fokker 50
0302870.jpg,Yakovlev,Yak-42,Yak-42
0302877.jpg,de Havilland,DHC-6,DHC-6
0302922.jpg,Dassault Aviation,Falcon 900,Falcon 900
0302923.jpg,de Havilland,Dash 8,DHC-8-100
0302924.jpg,de Havilland,Dash 8,DHC-8-300
0302935.jpg,Beechcraft,Beechcraft 1900,Beechcraft 1900
0302987.jpg,Cessna,Cessna 208,Cessna 208
0303914.jpg,de Havilland,DHC-6,DHC-6
0303915.jpg,Canadair,CRJ-700,CRJ-700
0303917.jpg,Canadair,CRJ-700,CRJ-700
0304209.jpg,Airbus,A320,A320
0304640.jpg,Cessna,Cessna 208,Cessna 208
0305545.jpg,Boeing,Boeing 737,737-900
0305715.jpg,Boeing,Boeing 777,777-200
0306187.jpg,Boeing,Boeing 727,727-200
0306188.jpg,Beechcraft,Beechcraft 1900,Beechcraft 1900
0306456.jpg,Cessna,Cessna 208,Cessna 208
0306459.jpg,Douglas Aircraft Company,DC-3,DC-3
0308863.jpg,Boeing,Boeing 737,737-700
0310894.jpg,Boeing,Boeing 767,767-200
0311117.jpg,ATR,ATR-42,ATR-42
0311183.jpg,Boeing,Boeing 767,767-200
0311908.jpg,Boeing,Boeing 737,737-900
0312400.jpg,Canadair,CRJ-700,CRJ-700
0312406.jpg,Lockheed Corporation,L-1011,L-1011
0312409.jpg,Fairchild,Metroliner,Metroliner
0312421.jpg,Canadair,CRJ-700,CRJ-700
0312438.jpg,Fairchild,Metroliner,Metroliner
0312600.jpg,Cessna,Cessna Citation,Cessna 525
0313720.jpg,Boeing,Boeing 757,757-300
0313721.jpg,Fairchild,Metroliner,Metroliner
0313722.jpg,de Havilland,Dash 8,DHC-8-100
0313723.jpg,Embraer,Embraer ERJ 145,ERJ 135
0313724.jpg,Canadair,CRJ-200,CRJ-200
0313727.jpg,Boeing,Boeing 757,757-300
0314131.jpg,Boeing,Boeing 727,727-200
0315569.jpg,Boeing,Boeing 717,Boeing 717
0316509.jpg,Embraer,EMB-120,EMB-120
0318361.jpg,McDonnell Douglas,DC-9,DC-9-30
0318420.jpg,McDonnell Douglas,DC-10,DC-10
0318594.jpg,Bombardier Aerospace,Global Express,Global Express
0321703.jpg,de Havilland,Dash 8,DHC-8-100
0321715.jpg,McDonnell Douglas,MD-80,MD-87
0321746.jpg,British Aerospace,BAE-125,BAE-125
0321755.jpg,Boeing,Boeing 727,727-200
0321770.jpg,Beechcraft,King Air,Model B200
0323096.jpg,Boeing,Boeing 747,747-200
0323097.jpg,Cessna,Cessna 208,Cessna 208
0324845.jpg,Airbus,A330,A330-200
0324847.jpg,Airbus,A320,A320
0324852.jpg,British Aerospace,BAE 146,BAE 146-300
0324987.jpg,Tupolev,Tu-134,Tu-134
0325518.jpg,Fokker,Fokker 70,Fokker 70
0325574.jpg,Boeing,Boeing 737,737-800
0325676.jpg,Boeing,Boeing 757,757-200
0326603.jpg,Lockheed Corporation,C-130,C-130
0326676.jpg,Dornier,Dornier 328,Dornier 328
0328062.jpg,Airbus,A320,A320
0328123.jpg,Boeing,Boeing 737,737-400
0328231.jpg,Boeing,Boeing 757,757-300
0328235.jpg,Boeing,Boeing 727,727-200
0328368.jpg,Airbus,A330,A330-300
0328522.jpg,McDonnell Douglas,MD-80,MD-80
0328525.jpg,Canadair,CRJ-700,CRJ-700
0329378.jpg,Fokker,Fokker 70,Fokker 70
0329381.jpg,Yakovlev,Yak-42,Yak-42
0330281.jpg,Boeing,Boeing 757,757-300
0331279.jpg,Boeing,Boeing 737,737-900
0331432.jpg,McDonnell Douglas,DC-10,DC-10
0331433.jpg,Embraer,Embraer ERJ 145,ERJ 145
0332910.jpg,ATR,ATR-72,ATR-72
0333814.jpg,Fairchild,Metroliner,Metroliner
0333816.jpg,McDonnell Douglas,DC-10,DC-10
0334154.jpg,Fairchild,Metroliner,Metroliner
0334277.jpg,Fairchild,Metroliner,Metroliner
0334474.jpg,Embraer,EMB-120,EMB-120
0335182.jpg,Dornier,Dornier 328,Dornier 328
0335667.jpg,Boeing,Boeing 737,737-300
0336316.jpg,Douglas Aircraft Company,C-47,C-47
0336468.jpg,British Aerospace,BAE 146,BAE 146-200
0336540.jpg,Boeing,Boeing 737,737-700
0336925.jpg,Boeing,Boeing 747,747-300
0337116.jpg,Airbus,A340,A340-200
0337125.jpg,Fokker,Fokker 100,Fokker 100
0337266.jpg,Boeing,Boeing 737,737-700
0337277.jpg,Airbus,A330,A330-200
0337279.jpg,McDonnell Douglas,MD-80,MD-87
0337282.jpg,Fokker,Fokker 50,Fokker 50
0337370.jpg,Boeing,Boeing 737,737-400
0337947.jpg,Boeing,Boeing 737,737-200
0337949.jpg,de Havilland,Dash 8,DHC-8-100
0337951.jpg,Boeing,Boeing 717,Boeing 717
0337955.jpg,Fairchild,Metroliner,Metroliner
0337957.jpg,Cessna,Cessna 208,Cessna 208
0337958.jpg,ATR,ATR-42,ATR-42
0337959.jpg,Beechcraft,Beechcraft 1900,Beechcraft 1900
0337963.jpg,Beechcraft,Beechcraft 1900,Beechcraft 1900
0337964.jpg,Tupolev,Tu-154,Tu-154
0338174.jpg,Boeing,Boeing 767,767-400
0338178.jpg,McDonnell Douglas,MD-80,MD-80
0338316.jpg,Embraer,EMB-120,EMB-120
0338375.jpg,de Havilland,DHC-6,DHC-6
0338531.jpg,Boeing,Boeing 747,747-100
0338536.jpg,McDonnell Douglas,MD-11,MD-11
0339425.jpg,Saab,Saab 340,Saab 340
0340217.jpg,Canadair,CRJ-200,CRJ-200
0343276.jpg,Saab,Saab 2000,Saab 2000
0344066.jpg,British Aerospace,BAE 146,BAE 146-300
0345781.jpg,Airbus,A300,A300B4
0345784.jpg,Embraer,Embraer ERJ 145,ERJ 145
0345877.jpg,Saab,Saab 340,Saab 340
0345994.jpg,Boeing,Boeing 727,727-200
0346147.jpg,Airbus,A300,A300B4
0346400.jpg,Airbus,A340,A340-200
0347754.jpg,Saab,Saab 340,Saab 340
0347785.jpg,Fairchild,Metroliner,Metroliner
0350198.jpg,Airbus,A330,A330-200
0350200.jpg,Embraer,EMB-120,EMB-120
0350203.jpg,British Aerospace,BAE 146,BAE 146-300
0350210.jpg,Lockheed Corporation,L-1011,L-1011
0350414.jpg,Embraer,Embraer ERJ 145,ERJ 135
0350851.jpg,Airbus,A340,A340-200
0353107.jpg,de Havilland,Dash 8,DHC-8-100
0353522.jpg,ATR,ATR-42,ATR-42
0353524.jpg,Douglas Aircraft Company,DC-8,DC-8
0353525.jpg,McDonnell Douglas,MD-11,MD-11
0354453.jpg,Canadair,CRJ-700,CRJ-700
0356127.jpg,British Aerospace,BAE-125,BAE-125
0356128.jpg,Lockheed Corporation,L-1011,L-1011
0356149.jpg,Beechcraft,Beechcraft 1900,Beechcraft 1900
0356151.jpg,Fairchild,Metroliner,Metroliner
0356165.jpg,Boeing,Boeing 727,727-200
0356192.jpg,British Aerospace,BAE 146,BAE 146-300
0356226.jpg,Canadair,CRJ-700,CRJ-900
0357855.jpg,Boeing,Boeing 737,737-700
0357866.jpg,Canadair,CRJ-700,CRJ-700
0357873.jpg,Boeing,Boeing 737,737-300
0357874.jpg,Dornier,Dornier 328,Dornier 328
0359779.jpg,Fairchild,Metroliner,Metroliner
0361100.jpg,Boeing,Boeing 757,757-300
0361101.jpg,Canadair,CRJ-700,CRJ-700
0361109.jpg,Airbus,A320,A320
0361112.jpg,Airbus,A300,A300B4
0361122.jpg,Boeing,Boeing 777,777-200
0361351.jpg,Boeing,Boeing 737,737-600
0361467.jpg,McDonnell Douglas,MD-11,MD-11
0361469.jpg,Boeing,Boeing 737,737-700
0361471.jpg,Boeing,Boeing 737,737-500
0361566.jpg,Boeing,Boeing 777,777-200
0361575.jpg,British Aerospace,BAE-125,BAE-125
0361611.jpg,Airbus,A320,A321
0361614.jpg,McDonnell Douglas,MD-80,MD-87
0362089.jpg,Boeing,Boeing 767,767-300
0362859.jpg,Canadair,CRJ-200,CRJ-200
0362870.jpg,Beechcraft,Beechcraft 1900,Beechcraft 1900
0362888.jpg,de Havilland,Dash 8,DHC-8-100
0362903.jpg,Cessna,Cessna 208,Cessna 208
0363591.jpg,McDonnell Douglas,MD-90,MD-90
0364670.jpg,McDonnell Douglas,MD-90,MD-90
0365250.jpg,Gulfstream Aerospace,Gulfstream,Gulfstream IV
0365342.jpg,Boeing,Boeing 747,747-200
0367768.jpg,Boeing,Boeing 747,747-300
0367786.jpg,Airbus,A310,A310
0367794.jpg,Airbus,A320,A320
0367941.jpg,Boeing,Boeing 767,767-300
0367973.jpg,Boeing,Boeing 747,747-400
0367975.jpg,Boeing,Boeing 747,747-100
0367993.jpg,Airbus,A320,A321
0368356.jpg,Eurofighter,Eurofighter Typhoon,Eurofighter Typhoon
0368357.jpg,Airbus,A310,A310
0368505.jpg,Boeing,Boeing 747,747-200
0368821.jpg,Eurofighter,Eurofighter Typhoon,Eurofighter Typhoon
0369472.jpg,Airbus,A340,A340-600
0376341.jpg,Airbus,A300,A300B4
0376937.jpg,Boeing,Boeing 757,757-200
0380577.jpg,McDonnell Douglas,MD-90,MD-90
0381607.jpg,Airbus,A320,A318
0381609.jpg,Embraer,Embraer E-Jet,E-170
0381610.jpg,Boeing,Boeing 777,777-300
0382052.jpg,Boeing,Boeing 737,737-700
0382062.jpg,Eurofighter,Eurofighter Typhoon,Eurofighter Typhoon
0382232.jpg,Embraer,Embraer ERJ 145,ERJ 145
0383395.jpg,Airbus,A320,A319
0383399.jpg,Boeing,Boeing 737,737-900
0383400.jpg,Yakovlev,Yak-42,Yak-42
0383402.jpg,Boeing,Boeing 737,737-600
0383407.jpg,Canadair,CRJ-700,CRJ-700
0383456.jpg,Boeing,Boeing 737,737-300
0383679.jpg,Airbus,A310,A310
0383680.jpg,de Havilland,Dash 8,DHC-8-300
0383871.jpg,Boeing,Boeing 717,Boeing 717
0383876.jpg,ATR,ATR-42,ATR-42
0384109.jpg,Fokker,Fokker 50,Fokker 50
0384436.jpg,Cessna,Cessna Citation,Cessna 560
0384438.jpg,Tupolev,Tu-154,Tu-154
0384439.jpg,Dassault Aviation,Falcon 900,Falcon 900
0385285.jpg,Lockheed Corporation,L-1011,L-1011
0386926.jpg,Canadair,CRJ-700,CRJ-700
0386931.jpg,ATR,ATR-42,ATR-42
0386937.jpg,Boeing,Boeing 757,757-300
0388910.jpg,Canadair,CRJ-700,CRJ-700
0391023.jpg,Lockheed Corporation,L-1011,L-1011
0391437.jpg,Boeing,Boeing 737,737-800
0391532.jpg,Gulfstream Aerospace,Gulfstream,Gulfstream IV
0391828.jpg,Tupolev,Tu-154,Tu-154
0394078.jpg,Canadair,CRJ-700,CRJ-700
0394095.jpg,Yakovlev,Yak-42,Yak-42
0394154.jpg,Fokker,Fokker 70,Fokker 70
0395603.jpg,McDonnell Douglas,MD-11,MD-11
0395606.jpg,McDonnell Douglas,MD-11,MD-11
0395611.jpg,Embraer,Embraer Legacy 600,Embraer Legacy 600
0395615.jpg,Boeing,Boeing 737,737-800
0395639.jpg,de Havilland,Dash 8,DHC-8-100
0395643.jpg,Douglas Aircraft Company,DC-8,DC-8
0395652.jpg,Boeing,Boeing 737,737-300
0396119.jpg,Beechcraft,Beechcraft 1900,Beechcraft 1900
0396497.jpg,Lockheed Corporation,L-1011,L-1011
0396507.jpg,Gulfstream Aerospace,Gulfstream,Gulfstream V
0396525.jpg,Boeing,Boeing 747,747-100
0396527.jpg,Embraer,Embraer ERJ 145,ERJ 145
0396535.jpg,Boeing,Boeing 747,747-200
0396537.jpg,McDonnell Douglas,DC-10,DC-10
0396589.jpg,Airbus,A310,A310
0396593.jpg,ATR,ATR-42,ATR-42
0397442.jpg,British Aerospace,BAE 146,BAE 146-300
0398754.jpg,Embraer,EMB-120,EMB-120
0398757.jpg,British Aerospace,BAE 146,BAE 146-200
0398759.jpg,Boeing,Boeing 717,Boeing 717
0399871.jpg,Fokker,Fokker 100,Fokker 100
0400394.jpg,Embraer,EMB-120,EMB-120
0400397.jpg,Boeing,Boeing 737,737-700
0403850.jpg,Piper,PA-28,PA-28
0404487.jpg,Embraer,Embraer Legacy 600,Embraer Legacy 600
0405438.jpg,Fairchild,Metroliner,Metroliner
0409532.jpg,Boeing,Boeing 727,727-200
0409535.jpg,McDonnell Douglas,DC-9,DC-9-30
0410062.jpg,Airbus,A320,A321
0410634.jpg,Saab,Saab 340,Saab 340
0411755.jpg,Cessna,Cessna Citation,Cessna 560
0411770.jpg,Fairchild,Metroliner,Metroliner
0411918.jpg,Cessna,Cessna Citation,Cessna 525
0412223.jpg,Airbus,A320,A320
0412779.jpg,British Aerospace,BAE 146,BAE 146-300
0413335.jpg,Embraer,EMB-120,EMB-120
0413384.jpg,de Havilland,Dash 8,DHC-8-100
0413905.jpg,de Havilland,Dash 8,DHC-8-300
0414366.jpg,Airbus,A340,A340-200
0418567.jpg,Fokker,Fokker 70,Fokker 70
0418691.jpg,McDonnell Douglas,MD-80,MD-87
0418704.jpg,McDonnell Douglas,MD-80,MD-87
0418706.jpg,British Aerospace,BAE 146,BAE 146-200
0418967.jpg,Airbus,A340,A340-600
0420194.jpg,British Aerospace,BAE 146,BAE 146-300
0420452.jpg,Embraer,Embraer ERJ 145,ERJ 145
0420818.jpg,Boeing,Boeing 737,737-400
0421146.jpg,McDonnell Douglas,MD-80,MD-87
0422472.jpg,Gulfstream Aerospace,Gulfstream,Gulfstream V
0422687.jpg,Bombardier Aerospace,Global Express,Global Express
0422704.jpg,Embraer,Embraer ERJ 145,ERJ 135
0422705.jpg,McDonnell Douglas,MD-80,MD-87
0422707.jpg,Boeing,Boeing 737,737-800
0422853.jpg,ATR,ATR-42,ATR-42
0422856.jpg,Douglas Aircraft Company,DC-3,DC-3
0422859.jpg,Douglas Aircraft Company,C-47,C-47
0422938.jpg,Airbus,A340,A340-300
0423362.jpg,Douglas Aircraft Company,C-47,C-47
0425365.jpg,Boeing,Boeing 747,747-400
0426810.jpg,Boeing,Boeing 747,747-300
0427682.jpg,Embraer,Embraer E-Jet,E-170
0428239.jpg,Boeing,Boeing 737,737-800
0428259.jpg,Fokker,Fokker 70,Fokker 70
0428657.jpg,Boeing,Boeing 737,737-400
0428662.jpg,McDonnell Douglas,MD-90,MD-90
0428665.jpg,Boeing,Boeing 737,737-600
0428735.jpg,Boeing,Boeing 757,757-300
0429100.jpg,Boeing,Boeing 747,747-200
0434343.jpg,Airbus,A320,A321
0434345.jpg,Lockheed Corporation,C-130,C-130
0434350.jpg,ATR,ATR-72,ATR-72
0434358.jpg,Boeing,Boeing 737,737-500
0434362.jpg,Ilyushin,Il-76,Il-76
0434370.jpg,Airbus,A300,A300B4
0435273.jpg,Saab,Saab 340,Saab 340
0435276.jpg,British Aerospace,BAE 146,BAE 146-200
0435287.jpg,Boeing,Boeing 717,Boeing 717
0435289.jpg,Canadair,CRJ-700,CRJ-700
0435307.jpg,McDonnell Douglas,MD-80,MD-87
0437571.jpg,Airbus,A340,A340-200
0437932.jpg,Saab,Saab 340,Saab 340
0437933.jpg,Boeing,Boeing 737,737-900
0438654.jpg,McDonnell Douglas,DC-9,DC-9-30
0438655.jpg,Boeing,Boeing 737,737-200
0438658.jpg,Boeing,Boeing 737,737-400
0438661.jpg,Airbus,A310,A310
0438668.jpg,Douglas Aircraft Company,DC-6,DC-6
0439774.jpg,Saab,Saab 2000,Saab 2000
0439775.jpg,McDonnell Douglas,MD-80,MD-80
0440054.jpg,Boeing,Boeing 717,Boeing 717
0440127.jpg,Dassault Aviation,Falcon 2000,Falcon 2000
0440128.jpg,Beechcraft,Beechcraft 1900,Beechcraft 1900
0440147.jpg,de Havilland,DHC-6,DHC-6
0440148.jpg,Embraer,Embraer ERJ 145,ERJ 135
0440195.jpg,McDonnell Douglas,F/A-18,F/A-18
0440694.jpg,Canadair,Challenger 600,Challenger 600
0440696.jpg,Embraer,Embraer ERJ 145,ERJ 145
0440929.jpg,McDonnell Douglas,F/A-18,F/A-18
0440955.jpg,Bombardier Aerospace,Global Express,Global Express
0441010.jpg,Douglas Aircraft Company,DC-6,DC-6
0441014.jpg,Douglas Aircraft Company,C-47,C-47
0441018.jpg,McDonnell Douglas,DC-9,DC-9-30
0442373.jpg,Boeing,Boeing 747,747-400
0442375.jpg,Boeing,Boeing 757,757-300
0442918.jpg,Boeing,Boeing 737,737-600
0442919.jpg,ATR,ATR-42,ATR-42
0443884.jpg,Boeing,Boeing 737,737-900
0443893.jpg,Boeing,Boeing 737,737-800
0443952.jpg,Fokker,Fokker 70,Fokker 70
0443972.jpg,Dornier,Dornier 328,Dornier 328
0443974.jpg,Boeing,Boeing 757,757-300
0445389.jpg,Boeing,Boeing 767,767-300
0445392.jpg,Boeing,Boeing 777,777-200
0445395.jpg,Boeing,Boeing 717,Boeing 717
0445396.jpg,Canadair,CRJ-700,CRJ-700
0445490.jpg,Boeing,Boeing 737,737-500
0445491.jpg,Airbus,A320,A319
0445578.jpg,Fokker,Fokker 70,Fokker 70
0445601.jpg,Airbus,A340,A340-200
0445606.jpg,Yakovlev,Yak-42,Yak-42
0445612.jpg,Fokker,Fokker 100,Fokker 100
0446944.jpg,Cessna,Cessna Citation,Cessna 560
0447169.jpg,Airbus,A340,A340-200
0447170.jpg,Boeing,Boeing 747,747-200
0447439.jpg,Fokker,Fokker 50,Fokker 50
0447441.jpg,ATR,ATR-42,ATR-42
0447464.jpg,McDonnell Douglas,MD-11,MD-11
0447745.jpg,Boeing,Boeing 737,737-300
0447746.jpg,British Aerospace,BAE 146,BAE 146-300
0447749.jpg,Boeing,Boeing 747,747-200
0447752.jpg,Fairchild,Metroliner,Metroliner
0447753.jpg,Boeing,Boeing 757,757-300
0447756.jpg,Fairchild,Metroliner,Metroliner
0447760.jpg,Fairchild,Metroliner,Metroliner
0447762.jpg,Gulfstream Aerospace,Gulfstream,Gulfstream V
0447764.jpg,Saab,Saab 340,Saab 340
0447765.jpg,Fairchild,Metroliner,Metroliner
0447766.jpg,Embraer,Embraer ERJ 145,ERJ 145
0447769.jpg,Airbus,A320,A321
0447772.jpg,Embraer,EMB-120,EMB-120
0447773.jpg,Boeing,Boeing 747,747-300
0447776.jpg,Ilyushin,Il-76,Il-76
0447777.jpg,ATR,ATR-72,ATR-72
0447785.jpg,Airbus,A340,A340-200
0447803.jpg,Beechcraft,Beechcraft 1900,Beechcraft 1900
0447806.jpg,Gulfstream Aerospace,Gulfstream,Gulfstream IV
0447807.jpg,Boeing,Boeing 737,737-200
0447809.jpg,Boeing,Boeing 737,737-700
0447810.jpg,McDonnell Douglas,MD-80,MD-80
0447883.jpg,Boeing,Boeing 737,737-400
0447928.jpg,British Aerospace,BAE 146,BAE 146-300
0447935.jpg,Airbus,A340,A340-300
0447936.jpg,Boeing,Boeing 707,707-320
0447940.jpg,Airbus,A300,A300B4
0447941.jpg,ATR,ATR-42,ATR-42
0448006.jpg,Boeing,Boeing 747,747-200
0448049.jpg,Boeing,Boeing 737,737-300
0448050.jpg,Boeing,Boeing 747,747-200
0448053.jpg,Douglas Aircraft Company,C-47,C-47
0448054.jpg,Embraer,EMB-120,EMB-120
0449728.jpg,McDonnell Douglas,DC-9,DC-9-30
0449729.jpg,McDonnell Douglas,MD-11,MD-11
0450014.jpg,Boeing,Boeing 707,707-320
0450540.jpg,Airbus,A340,A340-300
0450544.jpg,McDonnell Douglas,DC-10,DC-10
0450740.jpg,Boeing,Boeing 737,737-600
0451224.jpg,Saab,Saab 2000,Saab 2000
0451379.jpg,Cessna,Cessna Citation,Cessna 525
0451431.jpg,British Aerospace,BAE-125,BAE-125
0454534.jpg,ATR,ATR-42,ATR-42
0454535.jpg,Beechcraft,Beechcraft 1900,Beechcraft 1900
0454583.jpg,Canadair,CRJ-200,CRJ-200
0454592.jpg,Airbus,A320,A319
0454595.jpg,Airbus,A340,A340-300
0454743.jpg,Airbus,A310,A310
0454744.jpg,Airbus,A330,A330-300
0454746.jpg,Boeing,Boeing 747,747-300
0454747.jpg,ATR,ATR-72,ATR-72
0454760.jpg,Saab,Saab 340,Saab 340
0454762.jpg,British Aerospace,BAE 146,BAE 146-200
0454765.jpg,Dornier,Dornier 328,Dornier 328
0454779.jpg,Fokker,Fokker 50,Fokker 50
0454780.jpg,ATR,ATR-42,ATR-42
0454781.jpg,Fokker,Fokker 50,Fokker 50
0454783.jpg,Boeing,Boeing 747,747-200
0454802.jpg,Airbus,A300,A300B4
0454814.jpg,Saab,Saab 2000,Saab 2000
0454829.jpg,de Havilland,DHC-6,DHC-6
0457162.jpg,Yakovlev,Yak-42,Yak-42
0457171.jpg,Boeing,Boeing 767,767-400
0457177.jpg,Airbus,A330,A330-300
0457464.jpg,Airbus,A340,A340-200
0457808.jpg,Boeing,Boeing 767,767-200
0457822.jpg,McDonnell Douglas,MD-11,MD-11
0457830.jpg,Airbus,A340,A340-200
0457831.jpg,McDonnell Douglas,DC-9,DC-9-30
0457837.jpg,Airbus,A330,A330-200
0457841.jpg,Boeing,Boeing 737,737-800
0457842.jpg,Canadair,CRJ-200,CRJ-200
0457843.jpg,Embraer,Embraer ERJ 145,ERJ 135
0457845.jpg,Bombardier Aerospace,Global Express,Global Express
0457848.jpg,McDonnell Douglas,DC-9,DC-9-30
0457849.jpg,Beechcraft,Beechcraft 1900,Beechcraft 1900
0457850.jpg,Beechcraft,Beechcraft 1900,Beechcraft 1900
0457857.jpg,McDonnell Douglas,DC-9,DC-9-30
0457863.jpg,de Havilland,Dash 8,DHC-8-300
0457865.jpg,Boeing,Boeing 737,737-500
0457869.jpg,Boeing,Boeing 747,747-200
0457871.jpg,Beechcraft,King Air,Model B200
0457880.jpg,Beechcraft,Beechcraft 1900,Beechcraft 1900
0457881.jpg,Beechcraft,Beechcraft 1900,Beechcraft 1900
0457890.jpg,Embraer,EMB-120,EMB-120
0457892.jpg,Douglas Aircraft Company,DC-6,DC-6
0457893.jpg,Douglas Aircraft Company,DC-3,DC-3
0457894.jpg,Boeing,Boeing 727,727-200
0457908.jpg,Douglas Aircraft Company,C-47,C-47
0458625.jpg,Fokker,Fokker 50,Fokker 50
0458627.jpg,Airbus,A340,A340-200
0458628.jpg,Boeing,Boeing 747,747-400
0458635.jpg,Airbus,A340,A340-600
0458643.jpg,Boeing,Boeing 757,757-200
0458645.jpg,Embraer,Embraer ERJ 145,ERJ 135
0458647.jpg,McDonnell Douglas,MD-11,MD-11
0458651.jpg,Dassault Aviation,Falcon 900,Falcon 900
0458661.jpg,Boeing,Boeing 737,737-200
0458674.jpg,Boeing,Boeing 747,747-300
0458675.jpg,Douglas Aircraft Company,C-47,C-47
0458677.jpg,ATR,ATR-72,ATR-72
0458771.jpg,Douglas Aircraft Company,C-47,C-47
0458781.jpg,Boeing,Boeing 707,707-320
0458784.jpg,Airbus,A320,A318
0459278.jpg,Airbus,A340,A340-600
0460482.jpg,Airbus,A330,A330-300
0460483.jpg,de Havilland,Dash 8,DHC-8-300
0460770.jpg,Boeing,Boeing 737,737-300
0462061.jpg,British Aerospace,BAE 146,BAE 146-300
0463096.jpg,British Aerospace,BAE-125,BAE-125
0464476.jpg,Lockheed Corporation,C-130,C-130
0464756.jpg,Airbus,A340,A340-600
0465268.jpg,Dornier,Dornier 328,Dornier 328
0465507.jpg,McDonnell Douglas,F/A-18,F/A-18
0466768.jpg,Airbus,A340,A340-600
0466917.jpg,Cessna,Cessna Citation,Cessna 525
0467386.jpg,Tupolev,Tu-154,Tu-154
0467404.jpg,Lockheed Corporation,L-1011,L-1011
0467409.jpg,McDonnell Douglas,MD-11,MD-11
0467411.jpg,Airbus,A310,A310
0467416.jpg,Airbus,A330,A330-200
0467430.jpg,Boeing,Boeing 737,737-600
0467431.jpg,Boeing,Boeing 757,757-300
0467445.jpg,Boeing,Boeing 777,777-200
0467448.jpg,Boeing,Boeing 767,767-400
0467450.jpg,Fokker,Fokker 70,Fokker 70
0467550.jpg,Fokker,Fokker 50,Fokker 50
0467798.jpg,Boeing,Boeing 737,737-900
0468262.jpg,Dassault Aviation,Falcon 2000,Falcon 2000
0469128.jpg,Boeing,Boeing 777,777-200
0469133.jpg,Fokker,Fokker 70,Fokker 70
0469140.jpg,Boeing,Boeing 757,757-300
0469653.jpg,Boeing,Boeing 757,757-300
0469667.jpg,Saab,Saab 340,Saab 340
0469779.jpg,Airbus,A340,A340-600
0470833.jpg,Airbus,A330,A330-300
0471263.jpg,Boeing,Boeing 747,747-200
0472671.jpg,Gulfstream Aerospace,Gulfstream,Gulfstream V
0472681.jpg,Yakovlev,Yak-42,Yak-42
0476345.jpg,Boeing,Boeing 747,747-200
0476348.jpg,Boeing,Boeing 767,767-200
0476351.jpg,Boeing,Boeing 767,767-400
0476813.jpg,Canadair,CRJ-700,CRJ-700
0476814.jpg,Boeing,Boeing 747,747-300
0476825.jpg,Boeing,Boeing 737,737-900
0477027.jpg,McDonnell Douglas,DC-9,DC-9-30
0477671.jpg,Boeing,Boeing 757,757-300
0478314.jpg,McDonnell Douglas,DC-10,DC-10
0478337.jpg,McDonnell Douglas,MD-11,MD-11
0478340.jpg,Lockheed Corporation,L-1011,L-1011
0478341.jpg,Airbus,A340,A340-600
0478342.jpg,Boeing,Boeing 757,757-300
0478903.jpg,de Havilland,DHC-6,DHC-6
0478909.jpg,Boeing,Boeing 767,767-300
0478967.jpg,McDonnell Douglas,MD-80,MD-87
0480706.jpg,Boeing,Boeing 737,737-200
0480708.jpg,McDonnell Douglas,MD-80,MD-87
0481841.jpg,Airbus,A320,A319
0481842.jpg,Airbus,A320,A318
0481847.jpg,Boeing,Boeing 707,707-320
0481979.jpg,Boeing,Boeing 767,767-300
0482761.jpg,Boeing,Boeing 707,707-320
0482762.jpg,Robin,DR-400,DR-400
0482763.jpg,Boeing,Boeing 727,727-200
0482793.jpg,Boeing,Boeing 757,757-300
0482796.jpg,Airbus,A300,A300B4
0482799.jpg,McDonnell Douglas,MD-90,MD-90
0482804.jpg,Boeing,Boeing 737,737-400
0482806.jpg,Airbus,A310,A310
0482818.jpg,Boeing,Boeing 747,747-200
0482820.jpg,Lockheed Corporation,L-1011,L-1011
0482823.jpg,Boeing,Boeing 747,747-200
0483241.jpg,Antonov,An-12,An-12
0483243.jpg,Airbus,A300,A300B4
0483246.jpg,Embraer,EMB-120,EMB-120
0483570.jpg,Antonov,An-12,An-12
0483573.jpg,British Aerospace,BAE 146,BAE 146-200
0483582.jpg,Fokker,Fokker 70,Fokker 70
0483585.jpg,Canadair,CRJ-200,CRJ-200
0483586.jpg,ATR,ATR-72,ATR-72
0484863.jpg,McDonnell Douglas,DC-10,DC-10
0485221.jpg,de Havilland,Dash 8,DHC-8-300
0485222.jpg,Embraer,EMB-120,EMB-120
0485231.jpg,Boeing,Boeing 747,747-100
0485243.jpg,Fokker,Fokker 100,Fokker 100
0487316.jpg,Airbus,A310,A310
0487317.jpg,McDonnell Douglas,DC-10,DC-10
0487319.jpg,Boeing,Boeing 767,767-200
0487329.jpg,Fokker,Fokker 100,Fokker 100
0487330.jpg,Airbus,A330,A330-300
0487344.jpg,McDonnell Douglas,MD-90,MD-90
0487353.jpg,McDonnell Douglas,MD-11,MD-11
0487356.jpg,Boeing,Boeing 747,747-200
0487357.jpg,Boeing,Boeing 737,737-400
0487358.jpg,Boeing,Boeing 777,777-200
0487359.jpg,McDonnell Douglas,MD-80,MD-87
0487360.jpg,McDonnell Douglas,MD-90,MD-90
0487362.jpg,Fokker,Fokker 50,Fokker 50
0487363.jpg,Canadair,CRJ-200,CRJ-200
0487364.jpg,Boeing,Boeing 767,767-300
0487365.jpg,Tupolev,Tu-154,Tu-154
0487369.jpg,Boeing,Boeing 747,747-300
0487370.jpg,Boeing,Boeing 747,747-200
0487371.jpg,Airbus,A300,A300B4
0487374.jpg,Boeing,Boeing 747,747-300
0487379.jpg,Fokker,Fokker 50,Fokker 50
0487386.jpg,Airbus,A340,A340-200
0487393.jpg,Yakovlev,Yak-42,Yak-42
0487397.jpg,Tupolev,Tu-154,Tu-154
0487399.jpg,Canadair,CRJ-700,CRJ-700
0488486.jpg,Cessna,Cessna 208,Cessna 208
0488490.jpg,Saab,Saab 340,Saab 340
0488493.jpg,McDonnell Douglas,DC-10,DC-10
0488504.jpg,Embraer,EMB-120,EMB-120
0488514.jpg,Embraer,EMB-120,EMB-120
0488515.jpg,Canadair,CRJ-200,CRJ-200
0488533.jpg,Airbus,A340,A340-600
0488772.jpg,Gulfstream Aerospace,Gulfstream,Gulfstream V
0488869.jpg,Boeing,Boeing 757,757-200
0489925.jpg,Dassault Aviation,Falcon 900,Falcon 900
0489932.jpg,Airbus,A300,A300B4
0489934.jpg,Douglas Aircraft Company,DC-6,DC-6
0490170.jpg,Antonov,An-12,An-12
0490172.jpg,Tupolev,Tu-154,Tu-154
0490173.jpg,Yakovlev,Yak-42,Yak-42
0490174.jpg,Boeing,Boeing 767,767-200
0490185.jpg,Yakovlev,Yak-42,Yak-42
0490186.jpg,Boeing,Boeing 737,737-700
0490833.jpg,Canadair,CRJ-700,CRJ-700
0491557.jpg,Airbus,A330,A330-200
0491938.jpg,Boeing,Boeing 747,747-400
0492475.jpg,Cessna,Cessna 208,Cessna 208
0492477.jpg,Boeing,Boeing 747,747-400
0492487.jpg,Gulfstream Aerospace,Gulfstream,Gulfstream V
0492490.jpg,Gulfstream Aerospace,Gulfstream,Gulfstream IV
0492491.jpg,Saab,Saab 2000,Saab 2000
0492492.jpg,Dornier,Dornier 328,Dornier 328
0492493.jpg,Douglas Aircraft Company,C-47,C-47
0492495.jpg,Boeing,Boeing 767,767-300
0492497.jpg,Boeing,Boeing 737,737-300
0492538.jpg,Embraer,EMB-120,EMB-120
0493824.jpg,Boeing,Boeing 777,777-200
0494461.jpg,McDonnell Douglas,MD-90,MD-90
0494477.jpg,Airbus,A340,A340-300
0494478.jpg,Boeing,Boeing 737,737-200
0494481.jpg,McDonnell Douglas,DC-9,DC-9-30
0494862.jpg,Boeing,Boeing 767,767-200
0495198.jpg,Beechcraft,Beechcraft 1900,Beechcraft 1900
0496749.jpg,Boeing,Boeing 757,757-300
0496773.jpg,Boeing,Boeing 767,767-400
0496901.jpg,Boeing,Boeing 737,737-900
0496970.jpg,Airbus,A330,A330-300
0497532.jpg,Boeing,Boeing 737,737-200
0497534.jpg,Boeing,Boeing 737,737-700
0497539.jpg,Fokker,Fokker 50,Fokker 50
0497629.jpg,Gulfstream Aerospace,Gulfstream,Gulfstream V
0497637.jpg,Gulfstream Aerospace,Gulfstream,Gulfstream IV
0497638.jpg,Dassault Aviation,Falcon 900,Falcon 900
0497639.jpg,Gulfstream Aerospace,Gulfstream,Gulfstream IV
0497788.jpg,Bombardier Aerospace,Global Express,Global Express
0497885.jpg,Gulfstream Aerospace,Gulfstream,Gulfstream V
0497894.jpg,Gulfstream Aerospace,Gulfstream,Gulfstream IV
0498115.jpg,Tupolev,Tu-134,Tu-134
0498132.jpg,Boeing,Boeing 767,767-300
0498138.jpg,Gulfstream Aerospace,Gulfstream,Gulfstream V
0498140.jpg,Airbus,A320,A321
0498141.jpg,Boeing,Boeing 767,767-300
0498307.jpg,McDonnell Douglas,DC-10,DC-10
0498315.jpg,Gulfstream Aerospace,Gulfstream,Gulfstream V
0498907.jpg,Boeing,Boeing 717,Boeing 717
0498976.jpg,Boeing,Boeing 767,767-400
0500439.jpg,Lockheed Corporation,L-1011,L-1011
0500443.jpg,Boeing,Boeing 717,Boeing 717
0501286.jpg,Canadair,Challenger 600,Challenger 600
0501887.jpg,Boeing,Boeing 767,767-300
0501890.jpg,Airbus,A320,A320
0502301.jpg,British Aerospace,BAE 146,BAE 146-200
0503703.jpg,Fairchild,Metroliner,Metroliner
0504825.jpg,Yakovlev,Yak-42,Yak-42
0504826.jpg,Tupolev,Tu-134,Tu-134
0505611.jpg,Airbus,A320,A318
0505751.jpg,McDonnell Douglas,DC-9,DC-9-30
0507656.jpg,Fokker,Fokker 70,Fokker 70
0507685.jpg,Boeing,Boeing 777,777-200
0507837.jpg,Boeing,Boeing 757,757-300
0509495.jpg,Piper,PA-28,PA-28
0509496.jpg,Cessna,Cessna 172,Cessna 172
0509541.jpg,Airbus,A340,A340-500
0512072.jpg,Yakovlev,Yak-42,Yak-42
0512432.jpg,ATR,ATR-42,ATR-42
0514108.jpg,British Aerospace,BAE 146,BAE 146-200
0514738.jpg,Gulfstream Aerospace,Gulfstream,Gulfstream IV
0514744.jpg,Boeing,Boeing 737,737-900
0517105.jpg,British Aerospace,BAE 146,BAE 146-300
0517625.jpg,Dornier,Dornier 328,Dornier 328
0517626.jpg,Fokker,Fokker 70,Fokker 70
0517627.jpg,Dornier,Dornier 328,Dornier 328
0517628.jpg,Dornier,Dornier 328,Dornier 328
0517631.jpg,Boeing,Boeing 737,737-300
0517633.jpg,British Aerospace,BAE-125,BAE-125
0517745.jpg,Airbus,A330,A330-300
0517785.jpg,Gulfstream Aerospace,Gulfstream,Gulfstream V
0517786.jpg,Saab,Saab 340,Saab 340
0517837.jpg,Lockheed Corporation,L-1011,L-1011
0517893.jpg,Fokker,Fokker 70,Fokker 70
0518626.jpg,Bombardier Aerospace,Global Express,Global Express
0519448.jpg,Airbus,A320,A318
0521261.jpg,Canadair,CRJ-700,CRJ-700
0521262.jpg,Cessna,Cessna Citation,Cessna 560
0521359.jpg,McDonnell Douglas,MD-80,MD-80
0522417.jpg,Boeing,Boeing 737,737-500
0522819.jpg,Boeing,Boeing 737,737-900
0522830.jpg,Boeing,Boeing 747,747-300
0522853.jpg,Airbus,A320,A319
0522856.jpg,Boeing,Boeing 737,737-300
0522857.jpg,Boeing,Boeing 737,737-700
0522861.jpg,Tupolev,Tu-154,Tu-154
0522863.jpg,McDonnell Douglas,MD-80,MD-87
0522866.jpg,de Havilland,Dash 8,DHC-8-300
0522872.jpg,Boeing,Boeing 737,737-900
0522873.jpg,Boeing,Boeing 757,757-300
0522876.jpg,McDonnell Douglas,DC-9,DC-9-30
0522884.jpg,Boeing,Boeing 737,737-200
0522910.jpg,Bombardier Aerospace,Global Express,Global Express
0522914.jpg,Dornier,Dornier 328,Dornier 328
0522933.jpg,Antonov,An-12,An-12
0522938.jpg,Ilyushin,Il-76,Il-76
0522941.jpg,ATR,ATR-42,ATR-42
0522948.jpg,Tupolev,Tu-134,Tu-134
0522959.jpg,Ilyushin,Il-76,Il-76
0522967.jpg,Tupolev,Tu-134,Tu-134
0522968.jpg,Yakovlev,Yak-42,Yak-42
0522969.jpg,Tupolev,Tu-134,Tu-134
0522973.jpg,Tupolev,Tu-154,Tu-154
0522975.jpg,Tupolev,Tu-134,Tu-134
0522981.jpg,Douglas Aircraft Company,DC-8,DC-8
0523001.jpg,Airbus,A320,A321
0523009.jpg,Tupolev,Tu-134,Tu-134
0523012.jpg,Airbus,A340,A340-200
0523013.jpg,Boeing,Boeing 757,757-200
0523019.jpg,Fairchild,Metroliner,Metroliner
0523021.jpg,ATR,ATR-42,ATR-42
0523028.jpg,Boeing,Boeing 767,767-300
0523031.jpg,Airbus,A320,A320
0523033.jpg,Cessna,Cessna 208,Cessna 208
0523047.jpg,McDonnell Douglas,MD-80,MD-87
0523050.jpg,Airbus,A320,A321
0523051.jpg,Tupolev,Tu-134,Tu-134
0523052.jpg,Tupolev,Tu-154,Tu-154
0523057.jpg,Tupolev,Tu-134,Tu-134
0523063.jpg,Airbus,A330,A330-200
0523093.jpg,Ilyushin,Il-76,Il-76
0523104.jpg,Airbus,A320,A319
0523110.jpg,Ilyushin,Il-76,Il-76
0523111.jpg,Canadair,CRJ-200,CRJ-200
0523118.jpg,McDonnell Douglas,DC-9,DC-9-30
0523139.jpg,Tupolev,Tu-134,Tu-134
0523140.jpg,Yakovlev,Yak-42,Yak-42
0523142.jpg,Tupolev,Tu-134,Tu-134
0523144.jpg,Tupolev,Tu-134,Tu-134
0523148.jpg,Antonov,An-12,An-12
0523155.jpg,Tupolev,Tu-134,Tu-134
0523168.jpg,British Aerospace,BAE 146,BAE 146-300
0523171.jpg,McDonnell Douglas,DC-10,DC-10
0523172.jpg,McDonnell Douglas,DC-10,DC-10
0523178.jpg,Ilyushin,Il-76,Il-76
0523179.jpg,Antonov,An-12,An-12
0523181.jpg,Ilyushin,Il-76,Il-76
0523183.jpg,Ilyushin,Il-76,Il-76
0523184.jpg,Ilyushin,Il-76,Il-76
0523187.jpg,Tupolev,Tu-134,Tu-134
0523189.jpg,Tupolev,Tu-154,Tu-154
0523192.jpg,Yakovlev,Yak-42,Yak-42
0523207.jpg,Boeing,Boeing 737,737-400
0523218.jpg,Canadair,CRJ-200,CRJ-200
0523219.jpg,Airbus,A320,A320
0523220.jpg,Boeing,Boeing 737,737-400
0523221.jpg,Airbus,A300,A300B4
0523223.jpg,Boeing,Boeing 727,727-200
0523226.jpg,Boeing,Boeing 737,737-700
0523227.jpg,Yakovlev,Yak-42,Yak-42
0523228.jpg,Ilyushin,Il-76,Il-76
0523229.jpg,Boeing,Boeing 737,737-200
0523246.jpg,Ilyushin,Il-76,Il-76
0523249.jpg,Tupolev,Tu-134,Tu-134
0523250.jpg,McDonnell Douglas,MD-80,MD-80
0523272.jpg,Tupolev,Tu-134,Tu-134
0523278.jpg,Tupolev,Tu-134,Tu-134
0524795.jpg,Cessna,Cessna Citation,Cessna 560
0524796.jpg,McDonnell Douglas,MD-90,MD-90
0525265.jpg,British Aerospace,BAE-125,BAE-125
0525387.jpg,Embraer,EMB-120,EMB-120
0525555.jpg,Douglas Aircraft Company,DC-3,DC-3
0525710.jpg,Tupolev,Tu-134,Tu-134
0525834.jpg,British Aerospace,BAE 146,BAE 146-200
0525838.jpg,Fokker,Fokker 70,Fokker 70
0525841.jpg,Boeing,Boeing 717,Boeing 717
0525849.jpg,Canadair,Challenger 600,Challenger 600
0525862.jpg,Airbus,A310,A310
0526028.jpg,Cessna,Cessna Citation,Cessna 560
0527682.jpg,Airbus,A320,A318
0529781.jpg,Boeing,Boeing 767,767-200
0529811.jpg,Airbus,A340,A340-300
0535113.jpg,Boeing,Boeing 747,747-100
0536299.jpg,Panavia,Tornado,Tornado
0536306.jpg,Lockheed Corporation,L-1011,L-1011
0536312.jpg,Douglas Aircraft Company,DC-8,DC-8
0536338.jpg,McDonnell Douglas,DC-10,DC-10
0536340.jpg,McDonnell Douglas,DC-10,DC-10
0536510.jpg,Boeing,Boeing 737,737-200
0536511.jpg,Boeing,Boeing 707,707-320
0536515.jpg,Boeing,Boeing 707,707-320
0536721.jpg,Boeing,Boeing 707,707-320
0536722.jpg,Lockheed Corporation,L-1011,L-1011
0537423.jpg,de Havilland,Dash 8,DHC-8-100
0537688.jpg,Boeing,Boeing 707,707-320
0538259.jpg,Douglas Aircraft Company,DC-6,DC-6
0538261.jpg,Boeing,Boeing 727,727-200
0538339.jpg,McDonnell Douglas,DC-10,DC-10
0538371.jpg,Douglas Aircraft Company,DC-6,DC-6
0538594.jpg,Douglas Aircraft Company,DC-3,DC-3
0538955.jpg,Douglas Aircraft Company,C-47,C-47
0539095.jpg,Boeing,Boeing 747,747-400
0539184.jpg,Douglas Aircraft Company,DC-3,DC-3
0539185.jpg,Douglas Aircraft Company,DC-3,DC-3
0539186.jpg,Douglas Aircraft Company,DC-6,DC-6
0539189.jpg,Douglas Aircraft Company,DC-3,DC-3
0539191.jpg,Douglas Aircraft Company,DC-3,DC-3
0539398.jpg,Douglas Aircraft Company,DC-3,DC-3
0539791.jpg,Douglas Aircraft Company,DC-6,DC-6
0540023.jpg,Boeing,Boeing 747,747-200
0540048.jpg,Douglas Aircraft Company,DC-3,DC-3
0540272.jpg,McDonnell Douglas,DC-10,DC-10
0540389.jpg,Boeing,Boeing 747,747-100
0540390.jpg,de Havilland,DHC-6,DHC-6
0540717.jpg,McDonnell Douglas,DC-9,DC-9-30
0540719.jpg,Boeing,Boeing 747,747-100
0540985.jpg,Douglas Aircraft Company,DC-3,DC-3
0543347.jpg,Canadair,Challenger 600,Challenger 600
0543862.jpg,Boeing,Boeing 777,777-200
0543868.jpg,Cessna,Cessna Citation,Cessna 525
0543870.jpg,Gulfstream Aerospace,Gulfstream,Gulfstream IV
0543872.jpg,Tupolev,Tu-154,Tu-154
0544833.jpg,Douglas Aircraft Company,DC-3,DC-3
0544844.jpg,Cessna,Cessna 172,Cessna 172
0544848.jpg,Piper,PA-28,PA-28
0544869.jpg,Douglas Aircraft Company,C-47,C-47
0545025.jpg,de Havilland,DHC-6,DHC-6
0545058.jpg,Douglas Aircraft Company,DC-6,DC-6
0545060.jpg,Douglas Aircraft Company,DC-6,DC-6
0545061.jpg,Douglas Aircraft Company,DC-6,DC-6
0545210.jpg,Boeing,Boeing 737,737-300
0546334.jpg,Douglas Aircraft Company,DC-8,DC-8
0546606.jpg,British Aerospace,BAE 146,BAE 146-300
0547003.jpg,Douglas Aircraft Company,DC-8,DC-8
0547008.jpg,Douglas Aircraft Company,DC-6,DC-6
0547017.jpg,Douglas Aircraft Company,DC-3,DC-3
0547019.jpg,Lockheed Corporation,C-130,C-130
0547020.jpg,Douglas Aircraft Company,DC-3,DC-3
0547087.jpg,Boeing,Boeing 737,737-300
0547148.jpg,McDonnell Douglas,MD-90,MD-90
0547318.jpg,Airbus,A320,A321
0547319.jpg,Dassault Aviation,Falcon 900,Falcon 900
0547330.jpg,Douglas Aircraft Company,DC-3,DC-3
0547337.jpg,Douglas Aircraft Company,DC-3,DC-3
0547507.jpg,Douglas Aircraft Company,DC-8,DC-8
0547519.jpg,Dassault Aviation,Falcon 2000,Falcon 2000
0548186.jpg,Boeing,Boeing 737,737-200
0548477.jpg,Douglas Aircraft Company,C-47,C-47
0548478.jpg,Douglas Aircraft Company,DC-6,DC-6
0548480.jpg,Douglas Aircraft Company,DC-3,DC-3
0548481.jpg,Douglas Aircraft Company,DC-3,DC-3
0548494.jpg,Douglas Aircraft Company,DC-8,DC-8
0548499.jpg,Douglas Aircraft Company,DC-3,DC-3
0548719.jpg,Boeing,Boeing 707,707-320
0548757.jpg,de Havilland,DH-82,DH-82
0548759.jpg,Douglas Aircraft Company,DC-3,DC-3
0548761.jpg,Douglas Aircraft Company,DC-3,DC-3
0548883.jpg,Douglas Aircraft Company,DC-6,DC-6
0550295.jpg,Canadair,CRJ-700,CRJ-700
0550328.jpg,Fokker,Fokker 50,Fokker 50
0550418.jpg,Dassault Aviation,Falcon 900,Falcon 900
0550468.jpg,British Aerospace,BAE-125,BAE-125
0550495.jpg,Dassault Aviation,Falcon 2000,Falcon 2000
0551249.jpg,McDonnell Douglas,DC-9,DC-9-30
0551250.jpg,Douglas Aircraft Company,DC-8,DC-8
0551251.jpg,Tupolev,Tu-134,Tu-134
0551410.jpg,Douglas Aircraft Company,DC-3,DC-3
0551411.jpg,Douglas Aircraft Company,C-47,C-47
0551835.jpg,Douglas Aircraft Company,DC-3,DC-3
0551913.jpg,Douglas Aircraft Company,DC-6,DC-6
0552041.jpg,Boeing,Boeing 767,767-400
0553599.jpg,Lockheed Corporation,C-130,C-130
0553601.jpg,Airbus,A340,A340-200
0553608.jpg,Dassault Aviation,Falcon 900,Falcon 900
0554595.jpg,Douglas Aircraft Company,DC-3,DC-3
0554600.jpg,de Havilland,DHC-6,DHC-6
0554640.jpg,Douglas Aircraft Company,DC-6,DC-6
0554716.jpg,Douglas Aircraft Company,DC-6,DC-6
0554718.jpg,Douglas Aircraft Company,DC-6,DC-6
0554721.jpg,McDonnell Douglas,DC-9,DC-9-30
0554722.jpg,Douglas Aircraft Company,DC-3,DC-3
0554928.jpg,Douglas Aircraft Company,DC-6,DC-6
0554933.jpg,Douglas Aircraft Company,DC-6,DC-6
0554934.jpg,Douglas Aircraft Company,DC-3,DC-3
0554994.jpg,British Aerospace,Hawk T1,Hawk T1
0555526.jpg,Gulfstream Aerospace,Gulfstream,Gulfstream V
0556341.jpg,McDonnell Douglas,MD-80,MD-80
0558232.jpg,Boeing,Boeing 767,767-300
0558237.jpg,Airbus,A340,A340-300
0558239.jpg,Gulfstream Aerospace,Gulfstream,Gulfstream V
0558247.jpg,Boeing,Boeing 767,767-400
0558296.jpg,Fokker,Fokker 70,Fokker 70
0558306.jpg,Boeing,Boeing 747,747-100
0558343.jpg,Boeing,Boeing 737,737-400
0559493.jpg,Airbus,A320,A318
0561949.jpg,Fokker,Fokker 50,Fokker 50
0562105.jpg,Boeing,Boeing 737,737-400
0562110.jpg,British Aerospace,BAE 146,BAE 146-200
0562112.jpg,Antonov,An-12,An-12
0562338.jpg,Boeing,Boeing 747,747-300
0562553.jpg,Boeing,Boeing 737,737-600
0562555.jpg,Saab,Saab 340,Saab 340
0562558.jpg,ATR,ATR-42,ATR-42
0563774.jpg,Douglas Aircraft Company,DC-3,DC-3
0563866.jpg,Douglas Aircraft Company,DC-6,DC-6
0564009.jpg,Douglas Aircraft Company,DC-6,DC-6
0564013.jpg,Douglas Aircraft Company,DC-6,DC-6
0564155.jpg,McDonnell Douglas,DC-9,DC-9-30
0564160.jpg,Douglas Aircraft Company,DC-8,DC-8
0564173.jpg,Lockheed Corporation,L-1011,L-1011
0564217.jpg,Cessna,Cessna 172,Cessna 172
0564261.jpg,Douglas Aircraft Company,DC-6,DC-6
0564292.jpg,Douglas Aircraft Company,DC-6,DC-6
0564318.jpg,de Havilland,DHC-6,DHC-6
0564495.jpg,Boeing,Boeing 737,737-200
0564624.jpg,Douglas Aircraft Company,DC-6,DC-6
0566293.jpg,Airbus,A340,A340-600
0568803.jpg,McDonnell Douglas,DC-10,DC-10
0568994.jpg,Douglas Aircraft Company,DC-6,DC-6
0569010.jpg,Boeing,Boeing 747,747-300
0569402.jpg,Boeing,Boeing 737,737-300
0570728.jpg,Airbus,A340,A340-600
0570736.jpg,McDonnell Douglas,MD-80,MD-80
0570746.jpg,Boeing,Boeing 767,767-300
0570801.jpg,British Aerospace,BAE 146,BAE 146-300
0571183.jpg,Airbus,A340,A340-600
0571575.jpg,Canadair,Challenger 600,Challenger 600
0572854.jpg,Fairchild,Metroliner,Metroliner
0572855.jpg,Fairchild,Metroliner,Metroliner
0572858.jpg,Douglas Aircraft Company,DC-3,DC-3
0572859.jpg,Embraer,EMB-120,EMB-120
0572861.jpg,Boeing,Boeing 737,737-400
0572863.jpg,Antonov,An-12,An-12
0573292.jpg,de Havilland,Dash 8,DHC-8-100
0573365.jpg,Embraer,EMB-120,EMB-120
0573366.jpg,Fairchild,Metroliner,Metroliner
0573367.jpg,Lockheed Corporation,C-130,C-130
0573368.jpg,Boeing,Boeing 717,Boeing 717
0573369.jpg,Douglas Aircraft Company,C-47,C-47
0573392.jpg,Fokker,Fokker 100,Fokker 100
0573469.jpg,Fairchild,Metroliner,Metroliner
0573942.jpg,Fairchild,Metroliner,Metroliner
0573943.jpg,Boeing,Boeing 767,767-300
0573944.jpg,British Aerospace,BAE 146,BAE 146-300
0574284.jpg,Boeing,Boeing 747,747-300
0574286.jpg,McDonnell Douglas,MD-11,MD-11
0574287.jpg,McDonnell Douglas,DC-10,DC-10
0574292.jpg,ATR,ATR-42,ATR-42
0574350.jpg,Boeing,Boeing 737,737-300
0574352.jpg,Beechcraft,Beechcraft 1900,Beechcraft 1900
0574356.jpg,Boeing,Boeing 717,Boeing 717
0574357.jpg,Embraer,EMB-120,EMB-120
0574359.jpg,Boeing,Boeing 707,707-320
0574360.jpg,Dornier,Dornier 328,Dornier 328
0574362.jpg,Boeing,Boeing 747,747-400
0576232.jpg,de Havilland,Dash 8,DHC-8-100
0576233.jpg,Dornier,Dornier 328,Dornier 328
0576234.jpg,Fokker,Fokker 50,Fokker 50
0576236.jpg,Ilyushin,Il-76,Il-76
0576242.jpg,Airbus,A300,A300B4
0576244.jpg,Boeing,Boeing 767,767-200
0576246.jpg,Embraer,Embraer ERJ 145,ERJ 145
0576249.jpg,Ilyushin,Il-76,Il-76
0576250.jpg,Douglas Aircraft Company,DC-6,DC-6
0576251.jpg,Douglas Aircraft Company,C-47,C-47
0577854.jpg,Ilyushin,Il-76,Il-76
0577855.jpg,Boeing,Boeing 707,707-320
0577856.jpg,Ilyushin,Il-76,Il-76
0578315.jpg,Tupolev,Tu-154,Tu-154
0582362.jpg,Tupolev,Tu-154,Tu-154
0582363.jpg,Boeing,Boeing 707,707-320
0582364.jpg,Antonov,An-12,An-12
0582365.jpg,Antonov,An-12,An-12
0582367.jpg,Boeing,Boeing 727,727-200
0582368.jpg,British Aerospace,BAE 146,BAE 146-200
0582370.jpg,Airbus,A320,A320
0582371.jpg,Ilyushin,Il-76,Il-76
0582372.jpg,Boeing,Boeing 707,707-320
0582373.jpg,Antonov,An-12,An-12
0582376.jpg,Antonov,An-12,An-12
0582379.jpg,Ilyushin,Il-76,Il-76
0582863.jpg,Boeing,Boeing 737,737-900
0584536.jpg,Airbus,A300,A300B4
0584541.jpg,Cessna,Cessna Citation,Cessna 560
0585327.jpg,Airbus,A340,A340-200
0586041.jpg,Douglas Aircraft Company,DC-6,DC-6
0586256.jpg,Douglas Aircraft Company,DC-3,DC-3
0586258.jpg,Panavia,Tornado,Tornado
0586259.jpg,Douglas Aircraft Company,C-47,C-47
0586536.jpg,McDonnell Douglas,DC-10,DC-10
0586769.jpg,Douglas Aircraft Company,DC-6,DC-6
0586774.jpg,Douglas Aircraft Company,DC-3,DC-3
0586973.jpg,British Aerospace,BAE 146,BAE 146-300
0591254.jpg,Lockheed Corporation,C-130,C-130
0592094.jpg,Antonov,An-12,An-12
0592099.jpg,Beechcraft,Beechcraft 1900,Beechcraft 1900
0592977.jpg,Boeing,Boeing 737,737-200
0592981.jpg,Douglas Aircraft Company,DC-8,DC-8
0593152.jpg,Douglas Aircraft Company,DC-6,DC-6
0593168.jpg,Douglas Aircraft Company,DC-8,DC-8
0593170.jpg,Douglas Aircraft Company,DC-8,DC-8
0593173.jpg,Douglas Aircraft Company,DC-8,DC-8
0593819.jpg,Douglas Aircraft Company,DC-3,DC-3
0594211.jpg,Douglas Aircraft Company,C-47,C-47
0594827.jpg,Boeing,Boeing 757,757-300
0595602.jpg,de Havilland,Dash 8,DHC-8-300
0597780.jpg,Supermarine,Spitfire,Spitfire
0598112.jpg,Boeing,Boeing 747,747-100
0598378.jpg,Douglas Aircraft Company,DC-6,DC-6
0598742.jpg,Douglas Aircraft Company,DC-3,DC-3
0599217.jpg,Canadair,CRJ-200,CRJ-200
0601227.jpg,Douglas Aircraft Company,DC-3,DC-3
0601504.jpg,Dassault Aviation,Falcon 900,Falcon 900
0602177.jpg,Boeing,Boeing 707,707-320
0602227.jpg,Boeing,Boeing 707,707-320
0602228.jpg,Douglas Aircraft Company,C-47,C-47
0602442.jpg,Douglas Aircraft Company,DC-3,DC-3
0602750.jpg,Lockheed Corporation,L-1011,L-1011
0602762.jpg,Cessna,Cessna 208,Cessna 208
0604668.jpg,Boeing,Boeing 737,737-500
0606123.jpg,Yakovlev,Yak-42,Yak-42
0606125.jpg,Douglas Aircraft Company,DC-3,DC-3
0606126.jpg,de Havilland,DHC-6,DHC-6
0606129.jpg,Tupolev,Tu-134,Tu-134
0606131.jpg,Lockheed Corporation,C-130,C-130
0606403.jpg,Douglas Aircraft Company,DC-6,DC-6
0606501.jpg,Douglas Aircraft Company,DC-8,DC-8
0606502.jpg,Boeing,Boeing 747,747-100
0606801.jpg,Gulfstream Aerospace,Gulfstream,Gulfstream IV
0607513.jpg,Lockheed Martin,F-16,F-16A/B
0607514.jpg,Eurofighter,Eurofighter Typhoon,Eurofighter Typhoon
0607517.jpg,Eurofighter,Eurofighter Typhoon,Eurofighter Typhoon
0607518.jpg,Panavia,Tornado,Tornado
0608863.jpg,Douglas Aircraft Company,DC-8,DC-8
0609174.jpg,Embraer,Embraer Legacy 600,Embraer Legacy 600
0610653.jpg,Boeing,Boeing 737,737-200
0610657.jpg,Boeing,Boeing 707,707-320
0610659.jpg,Lockheed Corporation,C-130,C-130
0610689.jpg,McDonnell Douglas,DC-10,DC-10
0613605.jpg,Douglas Aircraft Company,DC-6,DC-6
0614080.jpg,ATR,ATR-72,ATR-72
0618871.jpg,Airbus,A310,A310
0618964.jpg,Boeing,Boeing 747,747-200
0618966.jpg,Boeing,Boeing 737,737-700
0618967.jpg,Boeing,Boeing 737,737-500
0618968.jpg,Fokker,Fokker 50,Fokker 50
0618972.jpg,Tupolev,Tu-134,Tu-134
0618973.jpg,Douglas Aircraft Company,C-47,C-47
0618977.jpg,Embraer,EMB-120,EMB-120
0619179.jpg,Embraer,Embraer ERJ 145,ERJ 135
0619697.jpg,ATR,ATR-42,ATR-42
0619977.jpg,Douglas Aircraft Company,DC-6,DC-6
0620000.jpg,Douglas Aircraft Company,DC-8,DC-8
0620009.jpg,Douglas Aircraft Company,DC-6,DC-6
0620014.jpg,Douglas Aircraft Company,DC-3,DC-3
0622055.jpg,McDonnell Douglas,MD-90,MD-90
0622056.jpg,Boeing,Boeing 737,737-700
0624127.jpg,Dassault Aviation,Falcon 900,Falcon 900
0624128.jpg,Boeing,Boeing 707,707-320
0625195.jpg,Embraer,Embraer ERJ 145,ERJ 135
0625402.jpg,Airbus,A320,A320
0625762.jpg,Airbus,A320,A321
0625763.jpg,Airbus,A320,A319
0628313.jpg,Beechcraft,King Air,Model B200
0628815.jpg,Dornier,Dornier 328,Dornier 328
0630229.jpg,de Havilland,Dash 8,DHC-8-100
0631759.jpg,Lockheed Corporation,L-1011,L-1011
0631812.jpg,Embraer,Embraer ERJ 145,ERJ 135
0631840.jpg,Fairchild,Metroliner,Metroliner
0631897.jpg,Boeing,Boeing 707,707-320
0632009.jpg,Tupolev,Tu-134,Tu-134
0632010.jpg,Boeing,Boeing 727,727-200
0632012.jpg,Douglas Aircraft Company,DC-3,DC-3
0632992.jpg,Tupolev,Tu-154,Tu-154
0633233.jpg,Airbus,A340,A340-500
0634628.jpg,Fairchild,Metroliner,Metroliner
0635825.jpg,Boeing,Boeing 737,737-600
0635837.jpg,Lockheed Corporation,C-130,C-130
0636196.jpg,Douglas Aircraft Company,DC-6,DC-6
0636482.jpg,Beechcraft,Beechcraft 1900,Beechcraft 1900
0636590.jpg,Boeing,Boeing 747,747-200
0637452.jpg,Boeing,Boeing 777,777-300
0637453.jpg,Canadair,Challenger 600,Challenger 600
0638654.jpg,Boeing,Boeing 727,727-200
0639717.jpg,Airbus,A340,A340-600
0640534.jpg,Fairchild,Metroliner,Metroliner
0640660.jpg,Douglas Aircraft Company,DC-8,DC-8
0640701.jpg,Fairchild,Metroliner,Metroliner
0641165.jpg,Boeing,Boeing 737,737-900
0641196.jpg,Boeing,Boeing 747,747-100
0642069.jpg,Saab,Saab 340,Saab 340
0642071.jpg,Embraer,Embraer E-Jet,E-170
0642084.jpg,Douglas Aircraft Company,DC-3,DC-3
0643700.jpg,Douglas Aircraft Company,DC-8,DC-8
0645411.jpg,Yakovlev,Yak-42,Yak-42
0645934.jpg,Antonov,An-12,An-12
0647463.jpg,Douglas Aircraft Company,DC-6,DC-6
0647819.jpg,British Aerospace,BAE 146,BAE 146-300
0647986.jpg,McDonnell Douglas,MD-11,MD-11
0648034.jpg,Douglas Aircraft Company,DC-6,DC-6
0648036.jpg,Panavia,Tornado,Tornado
0648476.jpg,Saab,Saab 2000,Saab 2000
0649605.jpg,Airbus,A320,A319
0649689.jpg,Boeing,Boeing 737,737-500
0649690.jpg,Boeing,Boeing 737,737-400
0650211.jpg,Canadair,CRJ-200,CRJ-200
0650456.jpg,Boeing,Boeing 747,747-400
0653292.jpg,de Havilland,DHC-1,DHC-1
0653804.jpg,Boeing,Boeing 737,737-300
0656580.jpg,Antonov,An-12,An-12
0657761.jpg,Boeing,Boeing 737,737-500
0657801.jpg,McDonnell Douglas,DC-9,DC-9-30
0657816.jpg,Embraer,EMB-120,EMB-120
0658057.jpg,Airbus,A330,A330-200
0658059.jpg,Airbus,A340,A340-200
0658065.jpg,Boeing,Boeing 767,767-200
0658068.jpg,Boeing,Boeing 777,777-200
0658110.jpg,Boeing,Boeing 707,707-320
0658111.jpg,Boeing,Boeing 757,757-300
0659112.jpg,Tupolev,Tu-134,Tu-134
0659386.jpg,Panavia,Tornado,Tornado
0659387.jpg,Cessna,Cessna 208,Cessna 208
0661734.jpg,Embraer,Embraer E-Jet,E-170
0661930.jpg,Airbus,A300,A300B4
0662343.jpg,Boeing,Boeing 757,757-300
0662509.jpg,Canadair,CRJ-200,CRJ-200
0662510.jpg,British Aerospace,BAE 146,BAE 146-200
0663587.jpg,Robin,DR-400,DR-400
0663844.jpg,Fokker,Fokker 50,Fokker 50
0664002.jpg,Embraer,Embraer E-Jet,E-170
0665003.jpg,McDonnell Douglas,MD-80,MD-80
0668306.jpg,Airbus,A310,A310
0668315.jpg,Boeing,Boeing 767,767-200
0668320.jpg,McDonnell Douglas,MD-11,MD-11
0668444.jpg,Airbus,A320,A320
0669870.jpg,Boeing,Boeing 737,737-600
0670556.jpg,Embraer,Embraer ERJ 145,ERJ 135
0671304.jpg,Boeing,Boeing 737,737-900
0672114.jpg,Airbus,A320,A319
0673356.jpg,Saab,Saab 340,Saab 340
0673361.jpg,ATR,ATR-42,ATR-42
0673364.jpg,British Aerospace,BAE 146,BAE 146-200
0673508.jpg,Dornier,Dornier 328,Dornier 328
0673596.jpg,Boeing,Boeing 737,737-700
0675250.jpg,Boeing,Boeing 767,767-200
0675670.jpg,Airbus,A330,A330-300
0675672.jpg,Fokker,Fokker 100,Fokker 100
0675711.jpg,Boeing,Boeing 737,737-600
0675845.jpg,Airbus,A300,A300B4
0676942.jpg,Airbus,A320,A320
0677162.jpg,Airbus,A300,A300B4
0677164.jpg,Dassault Aviation,Falcon 900,Falcon 900
0677428.jpg,British Aerospace,BAE-125,BAE-125
0677579.jpg,McDonnell Douglas,DC-10,DC-10
0677582.jpg,Lockheed Corporation,L-1011,L-1011
0677583.jpg,Boeing,Boeing 747,747-100
0677584.jpg,McDonnell Douglas,DC-10,DC-10
0677585.jpg,Lockheed Corporation,L-1011,L-1011
0677586.jpg,Boeing,Boeing 747,747-100
0677638.jpg,Tupolev,Tu-134,Tu-134
0678976.jpg,Boeing,Boeing 757,757-200
0678979.jpg,Boeing,Boeing 747,747-400
0678983.jpg,McDonnell Douglas,DC-10,DC-10
0678996.jpg,Boeing,Boeing 767,767-300
0679350.jpg,Boeing,Boeing 767,767-300
0680027.jpg,Airbus,A300,A300B4
0680033.jpg,British Aerospace,Hawk T1,Hawk T1
0680474.jpg,Saab,Saab 340,Saab 340
0680785.jpg,Canadair,CRJ-200,CRJ-200
0681040.jpg,Lockheed Corporation,L-1011,L-1011
0681458.jpg,McDonnell Douglas,F/A-18,F/A-18
0681463.jpg,British Aerospace,Hawk T1,Hawk T1
0681470.jpg,Airbus,A320,A321
0681535.jpg,Airbus,A310,A310
0681536.jpg,Airbus,A340,A340-300
0681537.jpg,Boeing,Boeing 737,737-700
0681539.jpg,Boeing,Boeing 747,747-300
0681541.jpg,Boeing,Boeing 737,737-300
0681542.jpg,Airbus,A320,A321
0681544.jpg,McDonnell Douglas,MD-11,MD-11
0681545.jpg,Airbus,A340,A340-600
0681901.jpg,Lockheed Corporation,C-130,C-130
0682201.jpg,Boeing,Boeing 737,737-400
0682207.jpg,Canadair,CRJ-700,CRJ-700
0682665.jpg,Boeing,Boeing 747,747-200
0683548.jpg,Airbus,A340,A340-600
0683550.jpg,Douglas Aircraft Company,C-47,C-47
0683594.jpg,Canadair,Challenger 600,Challenger 600
0683604.jpg,British Aerospace,BAE-125,BAE-125
0683605.jpg,ATR,ATR-72,ATR-72
0683606.jpg,Airbus,A300,A300B4
0684562.jpg,Airbus,A320,A321
0684565.jpg,Boeing,Boeing 737,737-800
0684603.jpg,Airbus,A320,A321
0684605.jpg,Boeing,Boeing 747,747-200
0684607.jpg,Boeing,Boeing 757,757-200
0684608.jpg,Airbus,A330,A330-300
0685134.jpg,de Havilland,Dash 8,DHC-8-100
0685277.jpg,British Aerospace,Hawk T1,Hawk T1
0685282.jpg,Boeing,Boeing 747,747-100
0685368.jpg,Boeing,Boeing 757,757-200
0685372.jpg,McDonnell Douglas,DC-9,DC-9-30
0685374.jpg,Tupolev,Tu-154,Tu-154
0687267.jpg,Boeing,Boeing 737,737-300
0687272.jpg,Panavia,Tornado,Tornado
0687278.jpg,de Havilland,DHC-6,DHC-6
0687392.jpg,Boeing,Boeing 747,747-200
0687610.jpg,Boeing,Boeing 707,707-320
0688075.jpg,de Havilland,Dash 8,DHC-8-300
0688076.jpg,Airbus,A320,A320
0688078.jpg,ATR,ATR-72,ATR-72
0688079.jpg,McDonnell Douglas,MD-90,MD-90
0688080.jpg,Fokker,Fokker 50,Fokker 50
0688081.jpg,Fokker,Fokker 100,Fokker 100
0688083.jpg,Boeing,Boeing 747,747-400
0688093.jpg,Boeing,Boeing 747,747-100
0688097.jpg,Boeing,Boeing 767,767-300
0688099.jpg,McDonnell Douglas,MD-90,MD-90
0689276.jpg,Boeing,Boeing 727,727-200
0689282.jpg,Lockheed Corporation,L-1011,L-1011
0689371.jpg,Douglas Aircraft Company,DC-3,DC-3
0690072.jpg,Fokker,Fokker 100,Fokker 100
0690074.jpg,Airbus,A340,A340-300
0690637.jpg,Dornier,Dornier 328,Dornier 328
0691159.jpg,Boeing,Boeing 707,707-320
0691269.jpg,Douglas Aircraft Company,C-47,C-47
0691271.jpg,McDonnell Douglas,F/A-18,F/A-18
0691273.jpg,McDonnell Douglas,MD-80,MD-80
0691437.jpg,Panavia,Tornado,Tornado
0691667.jpg,British Aerospace,BAE 146,BAE 146-300
0692095.jpg,Beechcraft,King Air,Model B200
0692098.jpg,Embraer,Embraer ERJ 145,ERJ 135
0692142.jpg,McDonnell Douglas,MD-11,MD-11
0692381.jpg,Douglas Aircraft Company,DC-3,DC-3
0693418.jpg,ATR,ATR-42,ATR-42
0693457.jpg,Tupolev,Tu-134,Tu-134
0693511.jpg,Boeing,Boeing 747,747-300
0693515.jpg,de Havilland,Dash 8,DHC-8-100
0694269.jpg,British Aerospace,BAE 146,BAE 146-300
0694275.jpg,Airbus,A320,A318
0694463.jpg,Airbus,A320,A320
0694464.jpg,Douglas Aircraft Company,DC-8,DC-8
0694466.jpg,Boeing,Boeing 757,757-200
0694467.jpg,Fokker,Fokker 50,Fokker 50
0694478.jpg,Boeing,Boeing 727,727-200
0694480.jpg,Boeing,Boeing 737,737-200
0694487.jpg,Boeing,Boeing 737,737-700
0694490.jpg,McDonnell Douglas,MD-11,MD-11
0694546.jpg,Boeing,Boeing 737,737-800
0694760.jpg,Antonov,An-12,An-12
0694978.jpg,Douglas Aircraft Company,DC-8,DC-8
0695327.jpg,Airbus,A320,A318
0695328.jpg,Embraer,Embraer ERJ 145,ERJ 135
0695983.jpg,Canadair,CRJ-700,CRJ-700
0696943.jpg,Gulfstream Aerospace,Gulfstream,Gulfstream IV
0697376.jpg,Boeing,Boeing 737,737-300
0697383.jpg,Embraer,EMB-120,EMB-120
0697384.jpg,Fokker,Fokker 50,Fokker 50
0697386.jpg,Boeing,Boeing 737,737-700
0697871.jpg,British Aerospace,BAE-125,BAE-125
0698580.jpg,Boeing,Boeing 707,707-320
0698730.jpg,Saab,Saab 340,Saab 340
0698787.jpg,Boeing,Boeing 737,737-200
0698791.jpg,Boeing,Boeing 737,737-500
0699286.jpg,Boeing,Boeing 727,727-200
0699302.jpg,Airbus,A310,A310
0699510.jpg,McDonnell Douglas,MD-90,MD-90
0699565.jpg,Airbus,A320,A320
0699595.jpg,Douglas Aircraft Company,DC-8,DC-8
0699596.jpg,Boeing,Boeing 737,737-400
0699599.jpg,Boeing,Boeing 727,727-200
0699600.jpg,Embraer,Embraer ERJ 145,ERJ 145
0699601.jpg,Embraer,Embraer Legacy 600,Embraer Legacy 600
0701140.jpg,Boeing,Boeing 737,737-700
0701142.jpg,Embraer,Embraer ERJ 145,ERJ 145
0701145.jpg,Embraer,Embraer ERJ 145,ERJ 145
0701628.jpg,Boeing,Boeing 737,737-900
0701629.jpg,Canadair,CRJ-200,CRJ-200
0701751.jpg,Airbus,A320,A319
0701753.jpg,Airbus,A340,A340-200
0701760.jpg,Boeing,Boeing 757,757-200
0702839.jpg,Boeing,Boeing 747,747-200
0702840.jpg,McDonnell Douglas,MD-80,MD-80
0702843.jpg,ATR,ATR-42,ATR-42
0702845.jpg,Boeing,Boeing 737,737-200
0702868.jpg,Boeing,Boeing 737,737-600
0702871.jpg,British Aerospace,BAE 146,BAE 146-200
0704265.jpg,McDonnell Douglas,MD-80,MD-80
0704268.jpg,Boeing,Boeing 737,737-200
0704269.jpg,Boeing,Boeing 727,727-200
0704272.jpg,Douglas Aircraft Company,C-47,C-47
0704276.jpg,Boeing,Boeing 767,767-300
0704510.jpg,Boeing,Boeing 777,777-200
0704547.jpg,McDonnell Douglas,DC-9,DC-9-30
0704549.jpg,Boeing,Boeing 737,737-300
0704551.jpg,Douglas Aircraft Company,C-47,C-47
0704643.jpg,Douglas Aircraft Company,C-47,C-47
0704984.jpg,Airbus,A340,A340-500
0705082.jpg,Canadair,Challenger 600,Challenger 600
0705084.jpg,Boeing,Boeing 747,747-100
0706174.jpg,Fokker,Fokker 100,Fokker 100
0706175.jpg,Boeing,Boeing 737,737-800
0706180.jpg,Boeing,Boeing 717,Boeing 717
0706205.jpg,Boeing,Boeing 737,737-500
0706206.jpg,Lockheed Corporation,C-130,C-130
0706209.jpg,Douglas Aircraft Company,DC-3,DC-3
0706281.jpg,Boeing,Boeing 737,737-300
0708618.jpg,Boeing,Boeing 717,Boeing 717
0708626.jpg,Bombardier Aerospace,Global Express,Global Express
0708630.jpg,Embraer,Embraer E-Jet,E-170
0708633.jpg,Douglas Aircraft Company,DC-3,DC-3
0708637.jpg,Boeing,Boeing 717,Boeing 717
0708639.jpg,Embraer,Embraer ERJ 145,ERJ 135
0708641.jpg,Boeing,Boeing 757,757-200
0708642.jpg,Boeing,Boeing 757,757-300
0708643.jpg,Canadair,CRJ-700,CRJ-700
0709185.jpg,Airbus,A320,A319
0709331.jpg,de Havilland,DH-82,DH-82
0709332.jpg,Beechcraft,King Air,Model B200
0709507.jpg,Boeing,Boeing 767,767-200
0709566.jpg,Boeing,Boeing 757,757-300
0709875.jpg,Douglas Aircraft Company,DC-3,DC-3
0709877.jpg,McDonnell Douglas,DC-10,DC-10
0709959.jpg,Embraer,Embraer ERJ 145,ERJ 145
0709986.jpg,Lockheed Martin,F-16,F-16A/B
0710454.jpg,Boeing,Boeing 737,737-800
0710650.jpg,Airbus,A340,A340-300
0710652.jpg,Airbus,A340,A340-500
0710665.jpg,Airbus,A340,A340-600
0710666.jpg,Boeing,Boeing 747,747-300
0710667.jpg,Airbus,A340,A340-200
0710668.jpg,Airbus,A340,A340-300
0710670.jpg,Airbus,A340,A340-200
0711013.jpg,British Aerospace,BAE 146,BAE 146-300
0711205.jpg,Embraer,Embraer ERJ 145,ERJ 145
0711206.jpg,Saab,Saab 2000,Saab 2000
0712062.jpg,Canadair,CRJ-200,CRJ-200
0712752.jpg,de Havilland,DHC-6,DHC-6
0713467.jpg,Boeing,Boeing 767,767-200
0713593.jpg,Embraer,Embraer E-Jet,E-170
0713645.jpg,Boeing,Boeing 747,747-100
0713693.jpg,Supermarine,Spitfire,Spitfire
0713739.jpg,British Aerospace,BAE 146,BAE 146-200
0713740.jpg,de Havilland,Dash 8,DHC-8-100
0713745.jpg,Boeing,Boeing 737,737-800
0713752.jpg,Boeing,Boeing 737,737-200
0713822.jpg,de Havilland,DHC-6,DHC-6
0713823.jpg,Douglas Aircraft Company,DC-3,DC-3
0713915.jpg,Cessna,Cessna Citation,Cessna 525
0713916.jpg,British Aerospace,BAE-125,BAE-125
0713927.jpg,Boeing,Boeing 727,727-200
0714155.jpg,Airbus,A330,A330-300
0715299.jpg,Boeing,Boeing 757,757-300
0716334.jpg,Tupolev,Tu-134,Tu-134
0716336.jpg,Dassault Aviation,Falcon 900,Falcon 900
0716337.jpg,Fokker,Fokker 100,Fokker 100
0716370.jpg,Boeing,Boeing 767,767-300
0716371.jpg,Fokker,Fokker 100,Fokker 100
0716386.jpg,Boeing,Boeing 707,707-320
0716436.jpg,Boeing,Boeing 737,737-400
0716437.jpg,Airbus,A320,A320
0716451.jpg,Tupolev,Tu-154,Tu-154
0716452.jpg,McDonnell Douglas,MD-80,MD-87
0717211.jpg,Fokker,Fokker 100,Fokker 100
0717480.jpg,Boeing,Boeing 707,707-320
0717614.jpg,Supermarine,Spitfire,Spitfire
0717995.jpg,Embraer,Embraer E-Jet,E-170
0718627.jpg,Airbus,A300,A300B4
0718915.jpg,Gulfstream Aerospace,Gulfstream,Gulfstream V
0718917.jpg,Douglas Aircraft Company,DC-8,DC-8
0719053.jpg,Tupolev,Tu-134,Tu-134
0719135.jpg,Boeing,Boeing 747,747-200
0719543.jpg,McDonnell Douglas,MD-90,MD-90
0719790.jpg,Airbus,A340,A340-200
0719823.jpg,ATR,ATR-42,ATR-42
0719827.jpg,British Aerospace,BAE 146,BAE 146-200
0719828.jpg,Airbus,A310,A310
0720225.jpg,McDonnell Douglas,DC-10,DC-10
0720882.jpg,Tupolev,Tu-134,Tu-134
0721177.jpg,Airbus,A340,A340-200
0721412.jpg,Douglas Aircraft Company,DC-8,DC-8
0721589.jpg,British Aerospace,BAE 146,BAE 146-200
0721593.jpg,Boeing,Boeing 737,737-600
0722225.jpg,Boeing,Boeing 737,737-900
0722894.jpg,Embraer,Embraer Legacy 600,Embraer Legacy 600
0723122.jpg,Boeing,Boeing 737,737-200
0723126.jpg,Douglas Aircraft Company,DC-8,DC-8
0723207.jpg,Lockheed Corporation,L-1011,L-1011
0723210.jpg,Douglas Aircraft Company,DC-3,DC-3
0723229.jpg,Boeing,Boeing 737,737-500
0723567.jpg,Airbus,A330,A330-200
0723572.jpg,Boeing,Boeing 737,737-900
0724121.jpg,ATR,ATR-42,ATR-42
0724783.jpg,Boeing,Boeing 727,727-200
0725155.jpg,Boeing,Boeing 707,707-320
0725232.jpg,Bombardier Aerospace,Global Express,Global Express
0725553.jpg,Lockheed Martin,F-16,F-16A/B
0725666.jpg,Douglas Aircraft Company,DC-6,DC-6
0725711.jpg,Douglas Aircraft Company,DC-6,DC-6
0725715.jpg,Yakovlev,Yak-42,Yak-42
0725997.jpg,Boeing,Boeing 747,747-200
0726430.jpg,Tupolev,Tu-154,Tu-154
0726611.jpg,Lockheed Corporation,L-1011,L-1011
0726795.jpg,Douglas Aircraft Company,DC-6,DC-6
0726925.jpg,Douglas Aircraft Company,C-47,C-47
0727254.jpg,Boeing,Boeing 737,737-900
0727357.jpg,Boeing,Boeing 747,747-300
0727358.jpg,Airbus,A340,A340-500
0727631.jpg,Douglas Aircraft Company,DC-6,DC-6
0727643.jpg,Airbus,A340,A340-500
0727647.jpg,Airbus,A340,A340-500
0727657.jpg,Airbus,A340,A340-500
0727974.jpg,Antonov,An-12,An-12
0728390.jpg,Boeing,Boeing 737,737-300
0728571.jpg,Canadair,CRJ-700,CRJ-700
0728940.jpg,McDonnell Douglas,MD-11,MD-11
0729054.jpg,Lockheed Martin,F-16,F-16A/B
0729223.jpg,Boeing,Boeing 707,707-320
0730106.jpg,Yakovlev,Yak-42,Yak-42
0730316.jpg,de Havilland,DH-82,DH-82
0730318.jpg,de Havilland,DH-82,DH-82
0730326.jpg,de Havilland,DH-82,DH-82
0730396.jpg,Beechcraft,Beechcraft 1900,Beechcraft 1900
0730398.jpg,Douglas Aircraft Company,DC-6,DC-6
0730399.jpg,Douglas Aircraft Company,DC-6,DC-6
0730690.jpg,Douglas Aircraft Company,C-47,C-47
0730739.jpg,Boeing,Boeing 767,767-200
0730742.jpg,ATR,ATR-42,ATR-42
0730793.jpg,Boeing,Boeing 727,727-200
0730798.jpg,Boeing,Boeing 737,737-600
0730799.jpg,Douglas Aircraft Company,DC-3,DC-3
0730802.jpg,Douglas Aircraft Company,DC-3,DC-3
0730970.jpg,Boeing,Boeing 747,747-100
0731199.jpg,Boeing,Boeing 737,737-600
0731464.jpg,Boeing,Boeing 737,737-700
0731604.jpg,de Havilland,DHC-1,DHC-1
0731614.jpg,Boeing,Boeing 707,707-320
0731728.jpg,Lockheed Martin,F-16,F-16A/B
0732118.jpg,Antonov,An-12,An-12
0732162.jpg,Boeing,Boeing 737,737-900
0732201.jpg,Boeing,Boeing 777,777-200
0732410.jpg,Boeing,Boeing 707,707-320
0732415.jpg,de Havilland,Dash 8,DHC-8-300
0732456.jpg,Boeing,Boeing 727,727-200
0732526.jpg,McDonnell Douglas,DC-9,DC-9-30
0732667.jpg,Boeing,Boeing 707,707-320
0732693.jpg,Airbus,A340,A340-200
0732742.jpg,Embraer,Embraer ERJ 145,ERJ 145
0732747.jpg,ATR,ATR-72,ATR-72
0733079.jpg,Yakovlev,Yak-42,Yak-42
0733462.jpg,Boeing,Boeing 747,747-100
0733747.jpg,McDonnell Douglas,MD-90,MD-90
0734099.jpg,McDonnell Douglas,DC-10,DC-10
0734769.jpg,de Havilland,DHC-6,DHC-6
0734890.jpg,de Havilland,DHC-6,DHC-6
0734984.jpg,Douglas Aircraft Company,DC-6,DC-6
0735009.jpg,Douglas Aircraft Company,C-47,C-47
0735014.jpg,Fairchild,Metroliner,Metroliner
0735016.jpg,Airbus,A300,A300B4
0735017.jpg,de Havilland,DHC-6,DHC-6
0735020.jpg,de Havilland,DHC-6,DHC-6
0735021.jpg,de Havilland,DHC-6,DHC-6
0735040.jpg,Douglas Aircraft Company,DC-8,DC-8
0735046.jpg,de Havilland,DH-82,DH-82
0735402.jpg,Lockheed Martin,F-16,F-16A/B
0735947.jpg,de Havilland,DHC-6,DHC-6
0735977.jpg,Antonov,An-12,An-12
0735988.jpg,Ilyushin,Il-76,Il-76
0736232.jpg,Lockheed Corporation,C-130,C-130
0736498.jpg,Lockheed Martin,F-16,F-16A/B
0737312.jpg,Ilyushin,Il-76,Il-76
0737315.jpg,Antonov,An-12,An-12
0737317.jpg,Tupolev,Tu-154,Tu-154
0737320.jpg,Ilyushin,Il-76,Il-76
0737370.jpg,Antonov,An-12,An-12
0737371.jpg,Antonov,An-12,An-12
0737605.jpg,Lockheed Martin,F-16,F-16A/B
0737639.jpg,Airbus,A310,A310
0737678.jpg,de Havilland,DH-82,DH-82
0737927.jpg,Lockheed Martin,F-16,F-16A/B
0738021.jpg,Beechcraft,King Air,Model B200
0738206.jpg,Douglas Aircraft Company,DC-8,DC-8
0738224.jpg,Ilyushin,Il-76,Il-76
0738232.jpg,Ilyushin,Il-76,Il-76
0738252.jpg,Antonov,An-12,An-12
0738255.jpg,Antonov,An-12,An-12
0738257.jpg,Boeing,Boeing 767,767-200
0738259.jpg,Antonov,An-12,An-12
0738965.jpg,Airbus,A340,A340-300
0738966.jpg,McDonnell Douglas,DC-9,DC-9-30
0738967.jpg,Dornier,Dornier 328,Dornier 328
0738976.jpg,Fairchild,Metroliner,Metroliner
0738982.jpg,Tupolev,Tu-134,Tu-134
0738985.jpg,de Havilland,DHC-6,DHC-6
0740504.jpg,Airbus,A320,A321
0740881.jpg,Boeing,Boeing 727,727-200
0740882.jpg,Boeing,Boeing 757,757-200
0740884.jpg,Airbus,A320,A321
0740885.jpg,Boeing,Boeing 737,737-800
0740887.jpg,Saab,Saab 340,Saab 340
0740888.jpg,ATR,ATR-72,ATR-72
0740891.jpg,McDonnell Douglas,MD-80,MD-87
0740907.jpg,Boeing,Boeing 737,737-400
0740912.jpg,Ilyushin,Il-76,Il-76
0740991.jpg,British Aerospace,BAE 146,BAE 146-200
0741298.jpg,Cessna,Cessna Citation,Cessna 560
0741746.jpg,British Aerospace,BAE-125,BAE-125
0741747.jpg,Dassault Aviation,Falcon 2000,Falcon 2000
0742025.jpg,McDonnell Douglas,MD-80,MD-87
0743270.jpg,de Havilland,DHC-1,DHC-1
0743290.jpg,de Havilland,DH-82,DH-82
0743928.jpg,Cessna,Cessna 172,Cessna 172
0744221.jpg,McDonnell Douglas,MD-11,MD-11
0744228.jpg,Airbus,A330,A330-200
0744232.jpg,Airbus,A330,A330-300
0744234.jpg,Boeing,Boeing 747,747-300
0744239.jpg,Fokker,Fokker 50,Fokker 50
0744300.jpg,Cessna,Cessna 172,Cessna 172
0744304.jpg,Panavia,Tornado,Tornado
0744732.jpg,Boeing,Boeing 747,747-200
0744907.jpg,Boeing,Boeing 767,767-200
0744909.jpg,Douglas Aircraft Company,DC-8,DC-8
0745103.jpg,Boeing,Boeing 727,727-200
0745361.jpg,Airbus,A340,A340-300
0745448.jpg,Boeing,Boeing 737,737-600
0745521.jpg,Airbus,A340,A340-500
0745799.jpg,Piper,PA-28,PA-28
0746093.jpg,Yakovlev,Yak-42,Yak-42
0746095.jpg,Beechcraft,King Air,Model B200
0746098.jpg,Ilyushin,Il-76,Il-76
0746111.jpg,McDonnell Douglas,DC-9,DC-9-30
0746112.jpg,Boeing,Boeing 737,737-300
0746672.jpg,Supermarine,Spitfire,Spitfire
0747557.jpg,Cessna,Cessna 172,Cessna 172
0747565.jpg,Lockheed Martin,F-16,F-16A/B
0747566.jpg,Boeing,Boeing 707,707-320
0748299.jpg,Boeing,Boeing 737,737-300
0748614.jpg,Piper,PA-28,PA-28
0749032.jpg,Saab,Saab 2000,Saab 2000
0749197.jpg,Panavia,Tornado,Tornado
0749198.jpg,Panavia,Tornado,Tornado
0749201.jpg,Dornier,Dornier 328,Dornier 328
0749478.jpg,Yakovlev,Yak-42,Yak-42
0749479.jpg,Boeing,Boeing 757,757-200
0749875.jpg,Lockheed Martin,F-16,F-16A/B
0749915.jpg,Lockheed Martin,F-16,F-16A/B
0749918.jpg,de Havilland,DHC-6,DHC-6
0749919.jpg,Piper,PA-28,PA-28
0750589.jpg,McDonnell Douglas,DC-9,DC-9-30
0751008.jpg,Boeing,Boeing 747,747-300
0751056.jpg,Airbus,A300,A300B4
0751325.jpg,Beechcraft,Beechcraft 1900,Beechcraft 1900
0751326.jpg,Antonov,An-12,An-12
0751327.jpg,Ilyushin,Il-76,Il-76
0752004.jpg,Supermarine,Spitfire,Spitfire
0752124.jpg,Boeing,Boeing 777,777-200
0752805.jpg,Embraer,Embraer ERJ 145,ERJ 145
0752972.jpg,Saab,Saab 2000,Saab 2000
0753073.jpg,Dassault Aviation,Falcon 900,Falcon 900
0753075.jpg,Dassault Aviation,Falcon 900,Falcon 900
0753360.jpg,British Aerospace,BAE-125,BAE-125
0753862.jpg,Airbus,A300,A300B4
0753915.jpg,Ilyushin,Il-76,Il-76
0755282.jpg,Boeing,Boeing 737,737-600
0755283.jpg,Antonov,An-12,An-12
0755287.jpg,Gulfstream Aerospace,Gulfstream,Gulfstream IV
0755464.jpg,Lockheed Corporation,C-130,C-130
0756076.jpg,Ilyushin,Il-76,Il-76
0756079.jpg,Antonov,An-12,An-12
0756253.jpg,McDonnell Douglas,MD-80,MD-87
0756688.jpg,Boeing,Boeing 767,767-200
0757186.jpg,Ilyushin,Il-76,Il-76
0757651.jpg,Dassault Aviation,Falcon 2000,Falcon 2000
0757653.jpg,Cessna,Cessna Citation,Cessna 525
0757655.jpg,British Aerospace,BAE-125,BAE-125
0757707.jpg,Airbus,A320,A321
0758130.jpg,Tupolev,Tu-154,Tu-154
0758132.jpg,Embraer,Embraer Legacy 600,Embraer Legacy 600
0758359.jpg,British Aerospace,BAE 146,BAE 146-300
0758399.jpg,Embraer,Embraer E-Jet,E-170
0758787.jpg,Ilyushin,Il-76,Il-76
0758789.jpg,Ilyushin,Il-76,Il-76
0759282.jpg,Lockheed Corporation,C-130,C-130
0759286.jpg,Cessna,Cessna Citation,Cessna 560
0759316.jpg,Gulfstream Aerospace,Gulfstream,Gulfstream V
0759487.jpg,Dassault Aviation,Falcon 900,Falcon 900
0759971.jpg,Tupolev,Tu-134,Tu-134
0760541.jpg,Antonov,An-12,An-12
0760910.jpg,Boeing,Boeing 707,707-320
0761093.jpg,Supermarine,Spitfire,Spitfire
0761149.jpg,Dornier,Dornier 328,Dornier 328
0761153.jpg,Boeing,Boeing 737,737-500
0761960.jpg,Cessna,Cessna 208,Cessna 208
0761965.jpg,Fokker,Fokker 70,Fokker 70
0763193.jpg,Airbus,A300,A300B4
0763430.jpg,de Havilland,Dash 8,DHC-8-300
0763431.jpg,Saab,Saab 2000,Saab 2000
0763917.jpg,de Havilland,DH-82,DH-82
0763966.jpg,Douglas Aircraft Company,C-47,C-47
0764132.jpg,Antonov,An-12,An-12
0764133.jpg,Antonov,An-12,An-12
0764239.jpg,Gulfstream Aerospace,Gulfstream,Gulfstream IV
0765020.jpg,de Havilland,DHC-1,DHC-1
0765178.jpg,de Havilland,DHC-1,DHC-1
0765599.jpg,Boeing,Boeing 747,747-200
0765604.jpg,Antonov,An-12,An-12
0765747.jpg,McDonnell Douglas,MD-90,MD-90
0765750.jpg,Douglas Aircraft Company,DC-8,DC-8
0765754.jpg,Yakovlev,Yak-42,Yak-42
0765780.jpg,Airbus,A310,A310
0765781.jpg,Boeing,Boeing 757,757-200
0765873.jpg,de Havilland,DH-82,DH-82
0766314.jpg,Boeing,Boeing 747,747-400
0766954.jpg,Boeing,Boeing 747,747-300
0767364.jpg,de Havilland,DH-82,DH-82
0767540.jpg,Embraer,Embraer ERJ 145,ERJ 145
0767799.jpg,Antonov,An-12,An-12
0767912.jpg,Douglas Aircraft Company,DC-3,DC-3
0768014.jpg,de Havilland,DH-82,DH-82
0768173.jpg,Boeing,Boeing 767,767-400
0768287.jpg,Piper,PA-28,PA-28
0768395.jpg,Douglas Aircraft Company,DC-3,DC-3
0768399.jpg,Douglas Aircraft Company,DC-6,DC-6
0768400.jpg,Boeing,Boeing 737,737-400
0768404.jpg,Airbus,A300,A300B4
0769140.jpg,British Aerospace,BAE-125,BAE-125
0770350.jpg,Beechcraft,Beechcraft 1900,Beechcraft 1900
0770351.jpg,Airbus,A340,A340-600
0770474.jpg,Boeing,Boeing 737,737-700
0771162.jpg,McDonnell Douglas,DC-10,DC-10
0771164.jpg,Boeing,Boeing 727,727-200
0771168.jpg,Boeing,Boeing 747,747-200
0771762.jpg,Lockheed Corporation,C-130,C-130
0771793.jpg,Lockheed Corporation,C-130,C-130
0771794.jpg,Lockheed Corporation,C-130,C-130
0771899.jpg,McDonnell Douglas,MD-80,MD-87
0772253.jpg,Lockheed Corporation,C-130,C-130
0773019.jpg,Douglas Aircraft Company,DC-6,DC-6
0773044.jpg,Douglas Aircraft Company,DC-3,DC-3
0773076.jpg,McDonnell Douglas,MD-11,MD-11
0773222.jpg,Lockheed Corporation,C-130,C-130
0773394.jpg,Lockheed Corporation,C-130,C-130
0773398.jpg,Lockheed Corporation,C-130,C-130
0773399.jpg,Lockheed Corporation,C-130,C-130
0773400.jpg,Lockheed Corporation,C-130,C-130
0773403.jpg,Lockheed Corporation,C-130,C-130
0773531.jpg,Douglas Aircraft Company,DC-3,DC-3
0773533.jpg,Douglas Aircraft Company,DC-3,DC-3
0773536.jpg,de Havilland,DHC-6,DHC-6
0773538.jpg,Douglas Aircraft Company,C-47,C-47
0774035.jpg,Lockheed Corporation,C-130,C-130
0774288.jpg,Bombardier Aerospace,Global Express,Global Express
0774291.jpg,McDonnell Douglas,MD-90,MD-90
0774293.jpg,Airbus,A340,A340-500
0774763.jpg,Lockheed Corporation,C-130,C-130
0775040.jpg,Canadair,CRJ-700,CRJ-700
0776777.jpg,Airbus,A340,A340-500
0777090.jpg,de Havilland,DHC-6,DHC-6
0778284.jpg,Embraer,Embraer ERJ 145,ERJ 135
0779048.jpg,Piper,PA-28,PA-28
0779327.jpg,Cessna,Cessna 172,Cessna 172
0779578.jpg,McDonnell Douglas,MD-90,MD-90
0779581.jpg,Embraer,Embraer Legacy 600,Embraer Legacy 600
0779704.jpg,Embraer,Embraer E-Jet,E-170
0780417.jpg,Canadair,Challenger 600,Challenger 600
0780677.jpg,Robin,DR-400,DR-400
0780680.jpg,McDonnell Douglas,F/A-18,F/A-18
0780820.jpg,Boeing,Boeing 737,737-700
0781083.jpg,Canadair,Challenger 600,Challenger 600
0781086.jpg,Douglas Aircraft Company,DC-3,DC-3
0781149.jpg,Cessna,Cessna Citation,Cessna 560
0781150.jpg,Boeing,Boeing 737,737-800
0781152.jpg,Gulfstream Aerospace,Gulfstream,Gulfstream V
0781154.jpg,Dassault Aviation,Falcon 2000,Falcon 2000
0781272.jpg,Canadair,Challenger 600,Challenger 600
0781670.jpg,Ilyushin,Il-76,Il-76
0781904.jpg,Boeing,Boeing 757,757-300
0782914.jpg,Douglas Aircraft Company,DC-8,DC-8
0782915.jpg,McDonnell Douglas,MD-80,MD-87
0782933.jpg,Bombardier Aerospace,Global Express,Global Express
0783526.jpg,Boeing,Boeing 747,747-200
0783815.jpg,Airbus,A330,A330-200
0783899.jpg,Lockheed Corporation,L-1011,L-1011
0783900.jpg,Boeing,Boeing 747,747-100
0783932.jpg,Boeing,Boeing 767,767-300
0783933.jpg,ATR,ATR-72,ATR-72
0784350.jpg,Boeing,Boeing 737,737-600
0784479.jpg,Yakovlev,Yak-42,Yak-42
0784484.jpg,Airbus,A320,A320
0784557.jpg,Yakovlev,Yak-42,Yak-42
0785021.jpg,Boeing,Boeing 747,747-300
0785251.jpg,Embraer,Embraer ERJ 145,ERJ 135
0786219.jpg,Airbus,A330,A330-200
0786220.jpg,Ilyushin,Il-76,Il-76
0786221.jpg,Antonov,An-12,An-12
0786258.jpg,Boeing,Boeing 727,727-200
0786259.jpg,Boeing,Boeing 747,747-200
0786971.jpg,Fokker,Fokker 100,Fokker 100
0787578.jpg,de Havilland,DH-82,DH-82
0788134.jpg,Saab,Saab 2000,Saab 2000
0788136.jpg,Dassault Aviation,Falcon 900,Falcon 900
0788162.jpg,de Havilland,DH-82,DH-82
0788163.jpg,de Havilland,DH-82,DH-82
0788467.jpg,Boeing,Boeing 747,747-300
0788471.jpg,Boeing,Boeing 767,767-300
0788474.jpg,Airbus,A320,A319
0788947.jpg,Boeing,Boeing 737,737-800
0788951.jpg,Boeing,Boeing 757,757-200
0788954.jpg,ATR,ATR-42,ATR-42
0789257.jpg,Embraer,Embraer Legacy 600,Embraer Legacy 600
0789676.jpg,Canadair,Challenger 600,Challenger 600
0789704.jpg,Cessna,Cessna 208,Cessna 208
0789826.jpg,Boeing,Boeing 737,737-200
0789828.jpg,Boeing,Boeing 707,707-320
0791201.jpg,Piper,PA-28,PA-28
0792085.jpg,Boeing,Boeing 747,747-100
0792092.jpg,Antonov,An-12,An-12
0792175.jpg,Fokker,Fokker 70,Fokker 70
0792199.jpg,Airbus,A320,A320
0792200.jpg,Douglas Aircraft Company,DC-8,DC-8
0792283.jpg,British Aerospace,BAE 146,BAE 146-200
0792288.jpg,Fokker,Fokker 70,Fokker 70
0792373.jpg,Yakovlev,Yak-42,Yak-42
0792422.jpg,Douglas Aircraft Company,C-47,C-47
0793020.jpg,Antonov,An-12,An-12
0793692.jpg,Piper,PA-28,PA-28
0794898.jpg,Embraer,Embraer Legacy 600,Embraer Legacy 600
0795231.jpg,Gulfstream Aerospace,Gulfstream,Gulfstream IV
0796213.jpg,Boeing,Boeing 747,747-100
0796296.jpg,Douglas Aircraft Company,DC-6,DC-6
0796297.jpg,Cessna,Cessna 208,Cessna 208
0796349.jpg,Cessna,Cessna Citation,Cessna 525
0796380.jpg,McDonnell Douglas,MD-90,MD-90
0796384.jpg,Dornier,Dornier 328,Dornier 328
0796416.jpg,Airbus,A340,A340-500
0796442.jpg,Gulfstream Aerospace,Gulfstream,Gulfstream IV
0796444.jpg,Boeing,Boeing 737,737-600
0796447.jpg,Dornier,Dornier 328,Dornier 328
0796507.jpg,Cessna,Cessna Citation,Cessna 560
0798632.jpg,Boeing,Boeing 737,737-700
0799381.jpg,de Havilland,Dash 8,DHC-8-300
0799583.jpg,Airbus,A340,A340-600
0799585.jpg,British Aerospace,BAE 146,BAE 146-300
0799590.jpg,Boeing,Boeing 717,Boeing 717
0799591.jpg,Airbus,A340,A340-200
0799595.jpg,Boeing,Boeing 737,737-300
0799596.jpg,Antonov,An-12,An-12
0799600.jpg,Airbus,A340,A340-200
0799696.jpg,Airbus,A340,A340-500
0800390.jpg,Yakovlev,Yak-42,Yak-42
0800636.jpg,Embraer,Embraer ERJ 145,ERJ 145
0800867.jpg,ATR,ATR-42,ATR-42
0800871.jpg,Douglas Aircraft Company,C-47,C-47
0800914.jpg,Douglas Aircraft Company,C-47,C-47
0800938.jpg,Boeing,Boeing 737,737-600
0801610.jpg,Airbus,A300,A300B4
0801612.jpg,Fairchild,Metroliner,Metroliner
0802262.jpg,Boeing,Boeing 757,757-200
0802263.jpg,Airbus,A320,A320
0803547.jpg,Fokker,Fokker 50,Fokker 50
0803688.jpg,Airbus,A340,A340-500
0803689.jpg,Airbus,A340,A340-500
0804455.jpg,ATR,ATR-72,ATR-72
0804670.jpg,Boeing,Boeing 747,747-100
0805499.jpg,Beechcraft,King Air,Model B200
0805841.jpg,Gulfstream Aerospace,Gulfstream,Gulfstream IV
0806578.jpg,Douglas Aircraft Company,DC-3,DC-3
0807071.jpg,Airbus,A340,A340-500
0807405.jpg,Boeing,Boeing 737,737-500
0807408.jpg,Lockheed Corporation,L-1011,L-1011
0807859.jpg,Lockheed Corporation,C-130,C-130
0807860.jpg,Airbus,A320,A320
0807870.jpg,Airbus,A340,A340-500
0807951.jpg,Douglas Aircraft Company,DC-3,DC-3
0807954.jpg,Fokker,Fokker 70,Fokker 70
0807961.jpg,Boeing,Boeing 737,737-400
0808778.jpg,Lockheed Corporation,L-1011,L-1011
0808883.jpg,British Aerospace,BAE 146,BAE 146-300
0808929.jpg,Tupolev,Tu-154,Tu-154
0808930.jpg,Boeing,Boeing 747,747-100
0808933.jpg,Ilyushin,Il-76,Il-76
0808956.jpg,McDonnell Douglas,DC-10,DC-10
0809054.jpg,British Aerospace,BAE 146,BAE 146-300
0809454.jpg,Cessna,Cessna 208,Cessna 208
0809559.jpg,Ilyushin,Il-76,Il-76
0809560.jpg,Boeing,Boeing 707,707-320
0809727.jpg,Boeing,Boeing 747,747-100
0810303.jpg,Yakovlev,Yak-42,Yak-42
0810388.jpg,Ilyushin,Il-76,Il-76
0810604.jpg,Lockheed Corporation,L-1011,L-1011
0810608.jpg,Boeing,Boeing 707,707-320
0811679.jpg,Ilyushin,Il-76,Il-76
0811680.jpg,Antonov,An-12,An-12
0812092.jpg,Boeing,Boeing 707,707-320
0812094.jpg,Boeing,Boeing 747,747-200
0812096.jpg,Airbus,A300,A300B4
0812097.jpg,Fokker,Fokker 50,Fokker 50
0812098.jpg,McDonnell Douglas,MD-11,MD-11
0812685.jpg,Ilyushin,Il-76,Il-76
0812906.jpg,Antonov,An-12,An-12
0812908.jpg,Boeing,Boeing 707,707-320
0812909.jpg,Douglas Aircraft Company,DC-8,DC-8
0813373.jpg,McDonnell Douglas,DC-9,DC-9-30
0813549.jpg,Ilyushin,Il-76,Il-76
0813852.jpg,McDonnell Douglas,MD-11,MD-11
0814348.jpg,British Aerospace,BAE 146,BAE 146-300
0814397.jpg,Boeing,Boeing 747,747-100
0814400.jpg,Lockheed Corporation,L-1011,L-1011
0814401.jpg,Lockheed Corporation,L-1011,L-1011
0814904.jpg,Antonov,An-12,An-12
0814906.jpg,Boeing,Boeing 757,757-200
0815913.jpg,Boeing,Boeing 737,737-200
0816285.jpg,Cessna,Cessna 208,Cessna 208
0817369.jpg,Douglas Aircraft Company,C-47,C-47
0817414.jpg,McDonnell Douglas,MD-80,MD-87
0817449.jpg,Canadair,CRJ-700,CRJ-700
0817490.jpg,Ilyushin,Il-76,Il-76
0817494.jpg,Boeing,Boeing 707,707-320
0817558.jpg,Boeing,Boeing 737,737-600
0817610.jpg,Embraer,Embraer ERJ 145,ERJ 135
0818052.jpg,de Havilland,DH-82,DH-82
0819081.jpg,Airbus,A330,A330-300
0819084.jpg,Airbus,A340,A340-500
0819685.jpg,Yakovlev,Yak-42,Yak-42
0820512.jpg,de Havilland,DH-82,DH-82
0820619.jpg,de Havilland,DH-82,DH-82
0820657.jpg,Cessna,Cessna Citation,Cessna 525
0821363.jpg,McDonnell Douglas,MD-80,MD-80
0821375.jpg,Airbus,A340,A340-600
0821422.jpg,Boeing,Boeing 747,747-200
0822062.jpg,de Havilland,Dash 8,DHC-8-300
0822339.jpg,Douglas Aircraft Company,DC-8,DC-8
0822340.jpg,Airbus,A310,A310
0822344.jpg,Tupolev,Tu-154,Tu-154
0822345.jpg,McDonnell Douglas,DC-10,DC-10
0822346.jpg,ATR,ATR-42,ATR-42
0822348.jpg,Boeing,Boeing 737,737-200
0822350.jpg,Dassault Aviation,Falcon 900,Falcon 900
0824047.jpg,Airbus,A330,A330-300
0824980.jpg,Fairchild,Metroliner,Metroliner
0826475.jpg,Boeing,Boeing 737,737-200
0829650.jpg,Lockheed Corporation,L-1011,L-1011
0829651.jpg,Airbus,A310,A310
0829813.jpg,Tupolev,Tu-134,Tu-134
0829816.jpg,Embraer,Embraer ERJ 145,ERJ 145
0829994.jpg,Lockheed Corporation,L-1011,L-1011
0829997.jpg,Airbus,A320,A320
0829998.jpg,Boeing,Boeing 747,747-200
0829999.jpg,Boeing,Boeing 737,737-400
0830001.jpg,Boeing,Boeing 737,737-300
0832778.jpg,Embraer,Embraer E-Jet,E-170
0833334.jpg,ATR,ATR-42,ATR-42
0835324.jpg,de Havilland,Dash 8,DHC-8-300
0835837.jpg,Boeing,Boeing 767,767-400
0836146.jpg,Airbus,A300,A300B4
0836147.jpg,Boeing,Boeing 747,747-200
0836151.jpg,Tupolev,Tu-134,Tu-134
0836152.jpg,de Havilland,Dash 8,DHC-8-300
0836158.jpg,Tupolev,Tu-134,Tu-134
0836159.jpg,Tupolev,Tu-154,Tu-154
0836160.jpg,Yakovlev,Yak-42,Yak-42
0836251.jpg,Fairchild,Metroliner,Metroliner
0836255.jpg,McDonnell Douglas,MD-11,MD-11
0836257.jpg,Tupolev,Tu-134,Tu-134
0837340.jpg,Boeing,Boeing 737,737-900
0837880.jpg,Boeing,Boeing 767,767-400
0838486.jpg,Dornier,Dornier 328,Dornier 328
0838565.jpg,Boeing,Boeing 757,757-200
0839551.jpg,Boeing,Boeing 757,757-300
0840357.jpg,Boeing,Boeing 737,737-900
0841712.jpg,Canadair,CRJ-200,CRJ-200
0841849.jpg,Dassault Aviation,Falcon 2000,Falcon 2000
0842124.jpg,Embraer,Embraer ERJ 145,ERJ 135
0842128.jpg,Saab,Saab 340,Saab 340
0842353.jpg,Embraer,Embraer ERJ 145,ERJ 145
0842381.jpg,Boeing,Boeing 737,737-600
0842387.jpg,Airbus,A340,A340-200
0842393.jpg,Boeing,Boeing 737,737-700
0842395.jpg,Airbus,A320,A319
0842399.jpg,Airbus,A340,A340-200
0842400.jpg,Antonov,An-12,An-12
0842533.jpg,Fokker,Fokker 70,Fokker 70
0843145.jpg,Airbus,A310,A310
0843963.jpg,McDonnell Douglas,MD-80,MD-80
0843964.jpg,Boeing,Boeing 747,747-100
0843965.jpg,de Havilland,DHC-6,DHC-6
0845036.jpg,Tupolev,Tu-134,Tu-134
0845037.jpg,Embraer,Embraer Legacy 600,Embraer Legacy 600
0845899.jpg,Cessna,Cessna Citation,Cessna 525
0845910.jpg,Fokker,Fokker 70,Fokker 70
0846103.jpg,Boeing,Boeing 727,727-200
0846175.jpg,Airbus,A310,A310
0846180.jpg,Boeing,Boeing 777,777-200
0846181.jpg,Airbus,A330,A330-300
0846636.jpg,Boeing,Boeing 777,777-300
0846642.jpg,Boeing,Boeing 767,767-400
0846826.jpg,Airbus,A330,A330-200
0847262.jpg,Cessna,Cessna 172,Cessna 172
0847273.jpg,Boeing,Boeing 737,737-200
0847415.jpg,Airbus,A320,A319
0847480.jpg,McDonnell Douglas,DC-10,DC-10
0847752.jpg,Airbus,A310,A310
0848056.jpg,Ilyushin,Il-76,Il-76
0848057.jpg,Boeing,Boeing 737,737-300
0848058.jpg,ATR,ATR-42,ATR-42
0848059.jpg,de Havilland,DHC-6,DHC-6
0848067.jpg,Beechcraft,Beechcraft 1900,Beechcraft 1900
0848069.jpg,Canadair,CRJ-200,CRJ-200
0848170.jpg,Dassault Aviation,Falcon 2000,Falcon 2000
0848172.jpg,Fokker,Fokker 70,Fokker 70
0849197.jpg,Airbus,A340,A340-200
0849347.jpg,Cessna,Cessna Citation,Cessna 560
0849350.jpg,Canadair,CRJ-700,CRJ-700
0849417.jpg,Airbus,A320,A320
0849418.jpg,Airbus,A340,A340-300
0850831.jpg,Embraer,EMB-120,EMB-120
0850835.jpg,Antonov,An-12,An-12
0851153.jpg,ATR,ATR-42,ATR-42
0851156.jpg,Gulfstream Aerospace,Gulfstream,Gulfstream IV
0851157.jpg,Cessna,Cessna 208,Cessna 208
0851298.jpg,McDonnell Douglas,MD-80,MD-80
0851299.jpg,Lockheed Corporation,C-130,C-130
0851302.jpg,Boeing,Boeing 737,737-400
0851305.jpg,Airbus,A310,A310
0851311.jpg,Boeing,Boeing 747,747-100
0851313.jpg,Airbus,A320,A321
0851314.jpg,Airbus,A320,A320
0851322.jpg,Boeing,Boeing 757,757-200
0851323.jpg,Lockheed Corporation,L-1011,L-1011
0851325.jpg,Boeing,Boeing 767,767-300
0851614.jpg,Supermarine,Spitfire,Spitfire
0851647.jpg,Boeing,Boeing 737,737-200
0851668.jpg,Lockheed Corporation,L-1011,L-1011
0852135.jpg,Antonov,An-12,An-12
0852361.jpg,Antonov,An-12,An-12
0852553.jpg,Cessna,Cessna 208,Cessna 208
0852820.jpg,Airbus,A340,A340-600
0852822.jpg,Airbus,A340,A340-200
0852827.jpg,Boeing,Boeing 747,747-100
0853397.jpg,Airbus,A310,A310
0853398.jpg,Boeing,Boeing 737,737-200
0853774.jpg,Boeing,Boeing 737,737-400
0853775.jpg,British Aerospace,BAE-125,BAE-125
0854310.jpg,Airbus,A340,A340-500
0854311.jpg,Fokker,Fokker 100,Fokker 100
0855449.jpg,Canadair,CRJ-200,CRJ-200
0856020.jpg,Boeing,Boeing 747,747-300
0856817.jpg,Cirrus Aircraft,SR-20,SR-20
0856823.jpg,Fokker,Fokker 50,Fokker 50
0857107.jpg,Boeing,Boeing 737,737-500
0857110.jpg,Airbus,A300,A300B4
0857160.jpg,Airbus,A330,A330-300
0857549.jpg,Boeing,Boeing 737,737-800
0857553.jpg,de Havilland,DHC-6,DHC-6
0857653.jpg,Airbus,A320,A320
0858585.jpg,Fokker,Fokker 70,Fokker 70
0858700.jpg,Fairchild,Metroliner,Metroliner
0858701.jpg,ATR,ATR-42,ATR-42
0859025.jpg,Ilyushin,Il-76,Il-76
0859029.jpg,Boeing,Boeing 747,747-300
0859229.jpg,Cessna,Cessna Citation,Cessna 525
0860225.jpg,Boeing,Boeing 767,767-300
0862199.jpg,Airbus,A340,A340-200
0862739.jpg,Airbus,A320,A321
0863693.jpg,Boeing,Boeing 767,767-300
0863830.jpg,Boeing,Boeing 757,757-200
0863885.jpg,Airbus,A320,A321
0864334.jpg,Bombardier Aerospace,Global Express,Global Express
0864570.jpg,Boeing,Boeing 737,737-900
0864663.jpg,Airbus,A320,A318
0864665.jpg,Boeing,Boeing 707,707-320
0864982.jpg,Canadair,Challenger 600,Challenger 600
0865314.jpg,Boeing,Boeing 737,737-500
0865670.jpg,Boeing,Boeing 767,767-200
0866092.jpg,McDonnell Douglas,MD-80,MD-87
0866582.jpg,Canadair,CRJ-200,CRJ-200
0866586.jpg,McDonnell Douglas,MD-80,MD-80
0866844.jpg,Boeing,Boeing 767,767-200
0867007.jpg,Boeing,Boeing 767,767-400
0867011.jpg,Embraer,Embraer ERJ 145,ERJ 145
0868105.jpg,Gulfstream Aerospace,Gulfstream,Gulfstream V
0868107.jpg,Canadair,CRJ-700,CRJ-700
0868108.jpg,de Havilland,Dash 8,DHC-8-300
0869644.jpg,Boeing,Boeing 747,747-100
0869684.jpg,Airbus,A300,A300B4
0869689.jpg,McDonnell Douglas,MD-11,MD-11
0869692.jpg,Boeing,Boeing 707,707-320
0869693.jpg,Lockheed Corporation,C-130,C-130
0869696.jpg,Lockheed Corporation,L-1011,L-1011
0869697.jpg,Boeing,Boeing 747,747-100
0869712.jpg,Gulfstream Aerospace,Gulfstream,Gulfstream IV
0869717.jpg,Lockheed Corporation,L-1011,L-1011
0869721.jpg,Ilyushin,Il-76,Il-76
0869722.jpg,Boeing,Boeing 707,707-320
0869727.jpg,Boeing,Boeing 747,747-200
0869729.jpg,McDonnell Douglas,DC-10,DC-10
0869735.jpg,Airbus,A310,A310
0869739.jpg,Boeing,Boeing 707,707-320
0869742.jpg,Boeing,Boeing 707,707-320
0869743.jpg,Boeing,Boeing 747,747-200
0869956.jpg,Piper,PA-28,PA-28
0869979.jpg,Embraer,Embraer E-Jet,E-170
0870094.jpg,Fokker,Fokker 70,Fokker 70
0870126.jpg,Canadair,CRJ-200,CRJ-200
0870232.jpg,Boeing,Boeing 767,767-400
0870244.jpg,Boeing,Boeing 767,767-300
0870655.jpg,Douglas Aircraft Company,C-47,C-47
0870866.jpg,Airbus,A310,A310
0871198.jpg,McDonnell Douglas,MD-11,MD-11
0871496.jpg,McDonnell Douglas,F/A-18,F/A-18
0872249.jpg,Fokker,Fokker 70,Fokker 70
0872412.jpg,de Havilland,DH-82,DH-82
0872421.jpg,de Havilland,Dash 8,DHC-8-300
0872422.jpg,Fokker,Fokker 70,Fokker 70
0873946.jpg,Fairchild,Metroliner,Metroliner
0874281.jpg,McDonnell Douglas,F/A-18,F/A-18
0874688.jpg,Saab,Saab 2000,Saab 2000
0874829.jpg,ATR,ATR-42,ATR-42
0874832.jpg,Fairchild,Metroliner,Metroliner
0874951.jpg,McDonnell Douglas,MD-80,MD-87
0874976.jpg,McDonnell Douglas,F/A-18,F/A-18
0875281.jpg,Boeing,Boeing 727,727-200
0875283.jpg,McDonnell Douglas,MD-90,MD-90
0875300.jpg,Lockheed Corporation,L-1011,L-1011
0875303.jpg,Boeing,Boeing 737,737-200
0875308.jpg,Lockheed Corporation,L-1011,L-1011
0875309.jpg,McDonnell Douglas,MD-90,MD-90
0875317.jpg,Boeing,Boeing 727,727-200
0875323.jpg,McDonnell Douglas,MD-80,MD-80
0875327.jpg,de Havilland,DHC-6,DHC-6
0875337.jpg,Lockheed Corporation,C-130,C-130
0875344.jpg,Lockheed Corporation,C-130,C-130
0875346.jpg,McDonnell Douglas,DC-9,DC-9-30
0875351.jpg,Douglas Aircraft Company,DC-6,DC-6
0875356.jpg,de Havilland,DHC-6,DHC-6
0875360.jpg,Airbus,A300,A300B4
0875404.jpg,Lockheed Corporation,L-1011,L-1011
0875560.jpg,Boeing,Boeing 717,Boeing 717
0875563.jpg,Boeing,Boeing 737,737-800
0876439.jpg,Boeing,Boeing 747,747-300
0876440.jpg,Boeing,Boeing 737,737-500
0876574.jpg,Eurofighter,Eurofighter Typhoon,Eurofighter Typhoon
0876577.jpg,Supermarine,Spitfire,Spitfire
0877062.jpg,de Havilland,DHC-1,DHC-1
0877084.jpg,Panavia,Tornado,Tornado
0877086.jpg,Supermarine,Spitfire,Spitfire
0877087.jpg,Beechcraft,King Air,Model B200
0877089.jpg,Eurofighter,Eurofighter Typhoon,Eurofighter Typhoon
0877674.jpg,de Havilland,DH-82,DH-82
0877683.jpg,British Aerospace,Hawk T1,Hawk T1
0878583.jpg,Antonov,An-12,An-12
0879141.jpg,Fokker,Fokker 100,Fokker 100
0879367.jpg,Piper,PA-28,PA-28
0879882.jpg,Douglas Aircraft Company,C-47,C-47
0879883.jpg,Douglas Aircraft Company,DC-3,DC-3
0879887.jpg,de Havilland,DHC-6,DHC-6
0879888.jpg,Douglas Aircraft Company,C-47,C-47
0879889.jpg,de Havilland,DHC-6,DHC-6
0879892.jpg,Boeing,Boeing 727,727-200
0879893.jpg,Tupolev,Tu-154,Tu-154
0880060.jpg,Supermarine,Spitfire,Spitfire
0880062.jpg,Airbus,A300,A300B4
0880063.jpg,Panavia,Tornado,Tornado
0880309.jpg,Canadair,CRJ-200,CRJ-200
0880314.jpg,Bombardier Aerospace,Global Express,Global Express
0880533.jpg,British Aerospace,Hawk T1,Hawk T1
0880559.jpg,Saab,Saab 2000,Saab 2000
0880566.jpg,Tupolev,Tu-134,Tu-134
0880568.jpg,McDonnell Douglas,MD-80,MD-87
0880570.jpg,Boeing,Boeing 747,747-100
0880572.jpg,McDonnell Douglas,DC-10,DC-10
0880573.jpg,Boeing,Boeing 747,747-200
0880574.jpg,Lockheed Corporation,L-1011,L-1011
0880575.jpg,Douglas Aircraft Company,DC-8,DC-8
0880576.jpg,Boeing,Boeing 747,747-300
0880579.jpg,Lockheed Corporation,C-130,C-130
0880582.jpg,Cessna,Cessna Citation,Cessna 560
0880585.jpg,Boeing,Boeing 747,747-100
0880590.jpg,Fairchild,Metroliner,Metroliner
0880592.jpg,Douglas Aircraft Company,DC-8,DC-8
0880593.jpg,Boeing,Boeing 737,737-200
0880595.jpg,Embraer,EMB-120,EMB-120
0880598.jpg,McDonnell Douglas,MD-11,MD-11
0881386.jpg,Embraer,EMB-120,EMB-120
0881964.jpg,Supermarine,Spitfire,Spitfire
0881971.jpg,Supermarine,Spitfire,Spitfire
0881972.jpg,Supermarine,Spitfire,Spitfire
0882609.jpg,Boeing,Boeing 737,737-300
0882696.jpg,Supermarine,Spitfire,Spitfire
0883339.jpg,Lockheed Corporation,C-130,C-130
0883341.jpg,Lockheed Corporation,C-130,C-130
0884477.jpg,Airbus,A340,A340-200
0885090.jpg,Airbus,A340,A340-300
0885092.jpg,Boeing,Boeing 777,777-300
0885174.jpg,Antonov,An-12,An-12
0885277.jpg,Boeing,Boeing 747,747-200
0885288.jpg,de Havilland,DH-82,DH-82
0885290.jpg,McDonnell Douglas,F/A-18,F/A-18
0885552.jpg,Boeing,Boeing 717,Boeing 717
0885590.jpg,Piper,PA-28,PA-28
0885597.jpg,de Havilland,Dash 8,DHC-8-300
0885622.jpg,Airbus,A340,A340-500
0885624.jpg,Embraer,EMB-120,EMB-120
0885966.jpg,Boeing,Boeing 747,747-200
0886623.jpg,Canadair,CRJ-700,CRJ-700
0887066.jpg,Boeing,Boeing 707,707-320
0888030.jpg,Canadair,CRJ-700,CRJ-700
0888512.jpg,Boeing,Boeing 747,747-400
0890198.jpg,Boeing,Boeing 777,777-200
0890355.jpg,Lockheed Martin,F-16,F-16A/B
0890396.jpg,Boeing,Boeing 737,737-600
0890438.jpg,McDonnell Douglas,F/A-18,F/A-18
0890439.jpg,Lockheed Corporation,C-130,C-130
0890450.jpg,Cessna,Cessna Citation,Cessna 560
0890461.jpg,Canadair,CRJ-700,CRJ-900
0890644.jpg,Cessna,Cessna 172,Cessna 172
0890662.jpg,British Aerospace,BAE 146,BAE 146-300
0890795.jpg,Fokker,Fokker 100,Fokker 100
0890827.jpg,Gulfstream Aerospace,Gulfstream,Gulfstream IV
0890939.jpg,British Aerospace,BAE 146,BAE 146-300
0890965.jpg,Saab,Saab 2000,Saab 2000
0891418.jpg,Lockheed Corporation,C-130,C-130
0891419.jpg,Panavia,Tornado,Tornado
0891448.jpg,British Aerospace,BAE 146,BAE 146-200
0892223.jpg,Fokker,Fokker 50,Fokker 50
0892227.jpg,Airbus,A340,A340-300
0892229.jpg,Boeing,Boeing 767,767-200
0893717.jpg,British Aerospace,Hawk T1,Hawk T1
0894021.jpg,Boeing,Boeing 777,777-200
0894166.jpg,Boeing,Boeing 747,747-300
0894169.jpg,McDonnell Douglas,MD-11,MD-11
0894188.jpg,Boeing,Boeing 737,737-500
0894189.jpg,Boeing,Boeing 737,737-300
0894203.jpg,Airbus,A310,A310
0894205.jpg,Tupolev,Tu-134,Tu-134
0894206.jpg,British Aerospace,BAE 146,BAE 146-300
0894208.jpg,Boeing,Boeing 747,747-300
0894211.jpg,McDonnell Douglas,MD-11,MD-11
0894213.jpg,McDonnell Douglas,DC-10,DC-10
0894219.jpg,Boeing,Boeing 737,737-300
0894220.jpg,Boeing,Boeing 737,737-500
0894240.jpg,Boeing,Boeing 747,747-400
0894309.jpg,British Aerospace,BAE 146,BAE 146-200
0894311.jpg,Tupolev,Tu-154,Tu-154
0894313.jpg,Boeing,Boeing 767,767-200
0894315.jpg,Boeing,Boeing 737,737-200
0894316.jpg,Boeing,Boeing 747,747-200
0894317.jpg,McDonnell Douglas,DC-10,DC-10
0894319.jpg,Boeing,Boeing 737,737-200
0894321.jpg,McDonnell Douglas,DC-10,DC-10
0894324.jpg,Airbus,A320,A320
0894325.jpg,British Aerospace,BAE 146,BAE 146-200
0894379.jpg,Antonov,An-12,An-12
0894380.jpg,Boeing,Boeing 707,707-320
0894381.jpg,Boeing,Boeing 707,707-320
0894382.jpg,Airbus,A300,A300B4
0894384.jpg,McDonnell Douglas,MD-11,MD-11
0894385.jpg,Boeing,Boeing 747,747-300
0894387.jpg,Airbus,A310,A310
0894406.jpg,Boeing,Boeing 777,777-200
0895159.jpg,Ilyushin,Il-76,Il-76
0895165.jpg,Boeing,Boeing 707,707-320
0895290.jpg,McDonnell Douglas,DC-10,DC-10
0895308.jpg,Lockheed Martin,F-16,F-16A/B
0895309.jpg,Lockheed Martin,F-16,F-16A/B
0895456.jpg,British Aerospace,BAE 146,BAE 146-200
0895892.jpg,Canadair,CRJ-200,CRJ-200
0896106.jpg,Cessna,Cessna 172,Cessna 172
0896575.jpg,Airbus,A340,A340-500
0896698.jpg,McDonnell Douglas,F/A-18,F/A-18
0896699.jpg,Lockheed Martin,F-16,F-16A/B
0897300.jpg,Airbus,A340,A340-200
0897305.jpg,Embraer,EMB-120,EMB-120
0897884.jpg,Boeing,Boeing 777,777-300
0900469.jpg,Boeing,Boeing 737,737-800
0900486.jpg,Fokker,Fokker 100,Fokker 100
0900488.jpg,Embraer,Embraer Legacy 600,Embraer Legacy 600
0901141.jpg,Airbus,A340,A340-200
0901157.jpg,Fokker,Fokker 70,Fokker 70
0901350.jpg,McDonnell Douglas,DC-9,DC-9-30
0901358.jpg,Boeing,Boeing 767,767-300
0901363.jpg,McDonnell Douglas,DC-10,DC-10
0901364.jpg,Tupolev,Tu-154,Tu-154
0901367.jpg,Airbus,A300,A300B4
0901369.jpg,McDonnell Douglas,DC-10,DC-10
0901370.jpg,ATR,ATR-42,ATR-42
0901374.jpg,Airbus,A300,A300B4
0901375.jpg,Antonov,An-12,An-12
0901378.jpg,McDonnell Douglas,MD-11,MD-11
0901380.jpg,Airbus,A340,A340-200
0901456.jpg,Douglas Aircraft Company,DC-8,DC-8
0901457.jpg,Douglas Aircraft Company,DC-8,DC-8
0901458.jpg,Douglas Aircraft Company,DC-8,DC-8
0901460.jpg,Douglas Aircraft Company,DC-8,DC-8
0901473.jpg,Cessna,Cessna Citation,Cessna 560
0901474.jpg,Douglas Aircraft Company,DC-8,DC-8
0901496.jpg,McDonnell Douglas,DC-9,DC-9-30
0901498.jpg,Boeing,Boeing 707,707-320
0901500.jpg,Lockheed Corporation,L-1011,L-1011
0901504.jpg,Boeing,Boeing 727,727-200
0901506.jpg,Airbus,A300,A300B4
0901509.jpg,Yakovlev,Yak-42,Yak-42
0901512.jpg,Yakovlev,Yak-42,Yak-42
0901513.jpg,Boeing,Boeing 747,747-100
0901514.jpg,Airbus,A310,A310
0901515.jpg,Fokker,Fokker 50,Fokker 50
0901516.jpg,Airbus,A300,A300B4
0901518.jpg,McDonnell Douglas,DC-9,DC-9-30
0901521.jpg,Boeing,Boeing 727,727-200
0901522.jpg,Lockheed Corporation,L-1011,L-1011
0901529.jpg,Lockheed Corporation,L-1011,L-1011
0901533.jpg,Douglas Aircraft Company,DC-6,DC-6
0902147.jpg,Ilyushin,Il-76,Il-76
0902418.jpg,Boeing,Boeing 757,757-200
0902419.jpg,Supermarine,Spitfire,Spitfire
0903057.jpg,British Aerospace,Hawk T1,Hawk T1
0903124.jpg,Boeing,Boeing 757,757-200
0903308.jpg,Airbus,A310,A310
0903658.jpg,Boeing,Boeing 757,757-300
0903662.jpg,Tupolev,Tu-154,Tu-154
0903776.jpg,Airbus,A320,A321
0904850.jpg,Boeing,Boeing 737,737-600
0904858.jpg,Boeing,Boeing 767,767-400
0905077.jpg,Boeing,Boeing 767,767-400
0905078.jpg,Embraer,Embraer E-Jet,E-170
0905532.jpg,Airbus,A320,A318
0905853.jpg,Canadair,Challenger 600,Challenger 600
0905907.jpg,Boeing,Boeing 737,737-600
0906211.jpg,Airbus,A340,A340-300
0906979.jpg,Yakovlev,Yak-42,Yak-42
0907287.jpg,Embraer,Embraer ERJ 145,ERJ 135
0907298.jpg,Embraer,Embraer E-Jet,E-170
0907301.jpg,Embraer,Embraer ERJ 145,ERJ 145
0907304.jpg,ATR,ATR-72,ATR-72
0907347.jpg,Fokker,Fokker 100,Fokker 100
0907348.jpg,Lockheed Corporation,L-1011,L-1011
0907357.jpg,Boeing,Boeing 737,737-300
0907358.jpg,Boeing,Boeing 737,737-200
0907359.jpg,Boeing,Boeing 727,727-200
0907363.jpg,de Havilland,Dash 8,DHC-8-100
0907364.jpg,Boeing,Boeing 727,727-200
0907365.jpg,Fairchild,Metroliner,Metroliner
0907367.jpg,McDonnell Douglas,DC-9,DC-9-30
0907370.jpg,Boeing,Boeing 727,727-200
0907373.jpg,Cessna,Cessna Citation,Cessna 560
0907375.jpg,Boeing,Boeing 767,767-200
0907378.jpg,Boeing,Boeing 727,727-200
0907380.jpg,McDonnell Douglas,DC-9,DC-9-30
0907383.jpg,Airbus,A320,A320
0907384.jpg,Boeing,Boeing 727,727-200
0907389.jpg,Lockheed Corporation,L-1011,L-1011
0907390.jpg,Airbus,A300,A300B4
0907391.jpg,Lockheed Corporation,L-1011,L-1011
0907402.jpg,Yakovlev,Yak-42,Yak-42
0907404.jpg,Tupolev,Tu-154,Tu-154
0907405.jpg,Boeing,Boeing 727,727-200
0907407.jpg,Boeing,Boeing 767,767-200
0907408.jpg,Boeing,Boeing 737,737-300
0907410.jpg,Tupolev,Tu-134,Tu-134
0907419.jpg,Tupolev,Tu-134,Tu-134
0907425.jpg,Fairchild,Metroliner,Metroliner
0907429.jpg,Boeing,Boeing 737,737-200
0907431.jpg,Boeing,Boeing 767,767-300
0907432.jpg,Boeing,Boeing 767,767-300
0907433.jpg,Boeing,Boeing 727,727-200
0907436.jpg,McDonnell Douglas,DC-9,DC-9-30
0907437.jpg,Canadair,CRJ-200,CRJ-200
0907752.jpg,Boeing,Boeing 737,737-600
0908026.jpg,Dornier,Dornier 328,Dornier 328
0908027.jpg,de Havilland,DHC-6,DHC-6
0908588.jpg,Boeing,Boeing 767,767-200
0908591.jpg,Dornier,Dornier 328,Dornier 328
0908594.jpg,de Havilland,DH-82,DH-82
0908596.jpg,Boeing,Boeing 767,767-200
0909293.jpg,Lockheed Corporation,L-1011,L-1011
0909665.jpg,Embraer,Embraer ERJ 145,ERJ 135
0909855.jpg,Dornier,Dornier 328,Dornier 328
0909856.jpg,Canadair,Challenger 600,Challenger 600
0910816.jpg,Dornier,Dornier 328,Dornier 328
0911010.jpg,Lockheed Corporation,C-130,C-130
0911624.jpg,Fokker,Fokker 50,Fokker 50
0911625.jpg,Embraer,EMB-120,EMB-120
0911710.jpg,de Havilland,DH-82,DH-82
0911713.jpg,de Havilland,DHC-1,DHC-1
0912143.jpg,Fokker,Fokker 100,Fokker 100
0912525.jpg,Supermarine,Spitfire,Spitfire
0912693.jpg,Boeing,Boeing 737,737-500
0912833.jpg,Embraer,Embraer E-Jet,E-170
0913417.jpg,British Aerospace,BAE-125,BAE-125
0913620.jpg,de Havilland,DHC-6,DHC-6
0913627.jpg,Airbus,A340,A340-200
0913940.jpg,Gulfstream Aerospace,Gulfstream,Gulfstream V
0913985.jpg,Ilyushin,Il-76,Il-76
0914134.jpg,Canadair,CRJ-700,CRJ-700
0914475.jpg,Boeing,Boeing 757,757-300
0914477.jpg,de Havilland,DH-82,DH-82
0914555.jpg,Gulfstream Aerospace,Gulfstream,Gulfstream V
0916246.jpg,Canadair,CRJ-200,CRJ-200
0916252.jpg,Embraer,EMB-120,EMB-120
0916254.jpg,McDonnell Douglas,MD-11,MD-11
0917341.jpg,Canadair,CRJ-700,CRJ-700
0917345.jpg,British Aerospace,BAE-125,BAE-125
0917347.jpg,Boeing,Boeing 717,Boeing 717
0917357.jpg,Dornier,Dornier 328,Dornier 328
0917396.jpg,Saab,Saab 340,Saab 340
0917712.jpg,British Aerospace,BAE 146,BAE 146-300
0917793.jpg,Dornier,Dornier 328,Dornier 328
0918179.jpg,Gulfstream Aerospace,Gulfstream,Gulfstream IV
0918184.jpg,Airbus,A340,A340-200
0918557.jpg,Boeing,Boeing 717,Boeing 717
0918624.jpg,Boeing,Boeing 717,Boeing 717
0918627.jpg,McDonnell Douglas,MD-80,MD-80
0918628.jpg,McDonnell Douglas,MD-90,MD-90
0918727.jpg,Antonov,An-12,An-12
0918736.jpg,British Aerospace,BAE 146,BAE 146-300
0920052.jpg,Saab,Saab 2000,Saab 2000
0920409.jpg,Boeing,Boeing 727,727-200
0920415.jpg,Tupolev,Tu-154,Tu-154
0920416.jpg,British Aerospace,BAE 146,BAE 146-200
0920417.jpg,ATR,ATR-42,ATR-42
0920420.jpg,Tupolev,Tu-134,Tu-134
0920421.jpg,Antonov,An-12,An-12
0920422.jpg,Douglas Aircraft Company,DC-6,DC-6
0920469.jpg,Lockheed Martin,F-16,F-16A/B
0920945.jpg,Douglas Aircraft Company,DC-6,DC-6
0920946.jpg,Ilyushin,Il-76,Il-76
0920951.jpg,Antonov,An-12,An-12
0921022.jpg,Boeing,Boeing 737,737-200
0921023.jpg,Douglas Aircraft Company,DC-8,DC-8
0921024.jpg,McDonnell Douglas,MD-80,MD-80
0921181.jpg,Boeing,Boeing 757,757-200
0921289.jpg,Tupolev,Tu-134,Tu-134
0921743.jpg,Canadair,CRJ-200,CRJ-200
0921760.jpg,Fairchild,Metroliner,Metroliner
0921761.jpg,ATR,ATR-42,ATR-42
0921924.jpg,ATR,ATR-72,ATR-72
0921985.jpg,Dornier,Dornier 328,Dornier 328
0921998.jpg,Embraer,EMB-120,EMB-120
0922520.jpg,Saab,Saab 2000,Saab 2000
0922626.jpg,British Aerospace,BAE 146,BAE 146-200
0922639.jpg,British Aerospace,BAE 146,BAE 146-200
0922754.jpg,Canadair,CRJ-200,CRJ-200
0922757.jpg,Bombardier Aerospace,Global Express,Global Express
0923270.jpg,de Havilland,DHC-6,DHC-6
0923416.jpg,Bombardier Aerospace,Global Express,Global Express
0923417.jpg,McDonnell Douglas,DC-9,DC-9-30
0923499.jpg,Yakovlev,Yak-42,Yak-42
0923501.jpg,Fokker,Fokker 50,Fokker 50
0923502.jpg,Airbus,A310,A310
0923503.jpg,McDonnell Douglas,MD-80,MD-80
0923504.jpg,Boeing,Boeing 737,737-400
0923506.jpg,Boeing,Boeing 737,737-200
0923507.jpg,Boeing,Boeing 727,727-200
0923532.jpg,Airbus,A320,A320
0923548.jpg,McDonnell Douglas,DC-9,DC-9-30
0923550.jpg,McDonnell Douglas,DC-10,DC-10
0923557.jpg,British Aerospace,BAE 146,BAE 146-200
0923560.jpg,Boeing,Boeing 737,737-400
0923562.jpg,Dornier,Dornier 328,Dornier 328
0923566.jpg,Lockheed Corporation,L-1011,L-1011
0923571.jpg,Boeing,Boeing 757,757-200
0923572.jpg,British Aerospace,BAE 146,BAE 146-300
0923673.jpg,Boeing,Boeing 737,737-200
0923708.jpg,British Aerospace,BAE 146,BAE 146-200
0923710.jpg,Airbus,A300,A300B4
0923714.jpg,Tupolev,Tu-134,Tu-134
0923715.jpg,McDonnell Douglas,MD-80,MD-80
0923717.jpg,Lockheed Corporation,L-1011,L-1011
0923718.jpg,ATR,ATR-72,ATR-72
0923766.jpg,Saab,Saab 2000,Saab 2000
0923884.jpg,Boeing,Boeing 707,707-320
0923888.jpg,Airbus,A320,A318
0924085.jpg,Saab,Saab 340,Saab 340
0924092.jpg,McDonnell Douglas,MD-80,MD-87
0924100.jpg,Canadair,CRJ-700,CRJ-700
0924311.jpg,Airbus,A300,A300B4
0924404.jpg,Boeing,Boeing 757,757-300
0924405.jpg,Boeing,Boeing 757,757-300
0924608.jpg,Tupolev,Tu-134,Tu-134
0925056.jpg,Lockheed Martin,F-16,F-16A/B
0925061.jpg,Eurofighter,Eurofighter Typhoon,Eurofighter Typhoon
0925498.jpg,Embraer,Embraer ERJ 145,ERJ 145
0925499.jpg,Dornier,Dornier 328,Dornier 328
0925865.jpg,Airbus,A320,A319
0926105.jpg,Boeing,Boeing 747,747-100
0926108.jpg,McDonnell Douglas,MD-80,MD-80
0926148.jpg,Airbus,A310,A310
0926152.jpg,British Aerospace,BAE-125,BAE-125
0927368.jpg,Airbus,A340,A340-500
0927430.jpg,Embraer,Embraer E-Jet,E-170
0927431.jpg,Dassault Aviation,Falcon 2000,Falcon 2000
0927837.jpg,Fokker,Fokker 50,Fokker 50
0928043.jpg,Boeing,Boeing 737,737-600
0928322.jpg,Embraer,Embraer ERJ 145,ERJ 145
0928613.jpg,Canadair,CRJ-200,CRJ-200
0928680.jpg,de Havilland,DHC-1,DHC-1
0928792.jpg,Boeing,Boeing 747,747-200
0929568.jpg,Boeing,Boeing 747,747-400
0929790.jpg,McDonnell Douglas,MD-80,MD-80
0929800.jpg,Canadair,CRJ-700,CRJ-700
0930240.jpg,de Havilland,DHC-1,DHC-1
0930260.jpg,Supermarine,Spitfire,Spitfire
0930261.jpg,Beechcraft,King Air,Model B200
0931107.jpg,Airbus,A300,A300B4
0931109.jpg,ATR,ATR-72,ATR-72
0931601.jpg,Boeing,Boeing 737,737-600
0931734.jpg,Boeing,Boeing 767,767-400
0931743.jpg,Canadair,CRJ-700,CRJ-700
0931966.jpg,Embraer,Embraer ERJ 145,ERJ 145
0932478.jpg,McDonnell Douglas,MD-90,MD-90
0933127.jpg,Boeing,Boeing 737,737-400
0934118.jpg,British Aerospace,Hawk T1,Hawk T1
0934119.jpg,British Aerospace,Hawk T1,Hawk T1
0934120.jpg,British Aerospace,Hawk T1,Hawk T1
0934121.jpg,Lockheed Martin,F-16,F-16A/B
0934703.jpg,Airbus,A310,A310
0934705.jpg,Airbus,A320,A318
0934710.jpg,British Aerospace,BAE 146,BAE 146-200
0935015.jpg,British Aerospace,Hawk T1,Hawk T1
0935016.jpg,British Aerospace,Hawk T1,Hawk T1
0935361.jpg,Beechcraft,Beechcraft 1900,Beechcraft 1900
0935983.jpg,Airbus,A340,A340-500
0936086.jpg,Boeing,Boeing 767,767-400
0936094.jpg,Airbus,A340,A340-500
0936107.jpg,Embraer,EMB-120,EMB-120
0936113.jpg,Saab,Saab 2000,Saab 2000
0936117.jpg,Tupolev,Tu-154,Tu-154
0936118.jpg,Airbus,A340,A340-500
0936133.jpg,Airbus,A320,A321
0936143.jpg,Boeing,Boeing 737,737-900
0936156.jpg,Saab,Saab 340,Saab 340
0936618.jpg,British Aerospace,BAE 146,BAE 146-300
0936623.jpg,Saab,Saab 2000,Saab 2000
0936782.jpg,Boeing,Boeing 767,767-200
0936826.jpg,Saab,Saab 2000,Saab 2000
0939480.jpg,Boeing,Boeing 707,707-320
0939483.jpg,Tupolev,Tu-154,Tu-154
0939484.jpg,Embraer,Embraer Legacy 600,Embraer Legacy 600
0939485.jpg,Airbus,A300,A300B4
0939486.jpg,Saab,Saab 2000,Saab 2000
0939487.jpg,Saab,Saab 2000,Saab 2000
0939497.jpg,Boeing,Boeing 747,747-300
0939501.jpg,Airbus,A340,A340-200
0939503.jpg,Airbus,A320,A319
0939509.jpg,Beechcraft,Beechcraft 1900,Beechcraft 1900
0939510.jpg,Lockheed Corporation,C-130,C-130
0939518.jpg,ATR,ATR-42,ATR-42
0939519.jpg,Embraer,Embraer E-Jet,E-195
0939537.jpg,Boeing,Boeing 737,737-400
0939541.jpg,Airbus,A320,A318
0939544.jpg,McDonnell Douglas,MD-80,MD-80
0939547.jpg,Boeing,Boeing 747,747-200
0939548.jpg,Airbus,A340,A340-200
0939563.jpg,Boeing,Boeing 767,767-300
0939568.jpg,Boeing,Boeing 737,737-400
0939577.jpg,Fokker,Fokker 50,Fokker 50
0939579.jpg,Boeing,Boeing 777,777-200
0939580.jpg,Airbus,A380,A380
0939607.jpg,Boeing,Boeing 727,727-200
0939608.jpg,Airbus,A320,A321
0939614.jpg,British Aerospace,BAE-125,BAE-125
0939993.jpg,Boeing,Boeing 777,777-300
0940358.jpg,Boeing,Boeing 767,767-400
0940709.jpg,Supermarine,Spitfire,Spitfire
0940910.jpg,Supermarine,Spitfire,Spitfire
0941235.jpg,Canadair,CRJ-700,CRJ-700
0941858.jpg,Boeing,Boeing 777,777-200
0942001.jpg,Boeing,Boeing 737,737-500
0942162.jpg,British Aerospace,BAE 146,BAE 146-300
0942394.jpg,de Havilland,Dash 8,DHC-8-100
0942395.jpg,Canadair,CRJ-200,CRJ-200
0942763.jpg,Airbus,A340,A340-300
0943962.jpg,Dornier,Dornier 328,Dornier 328
0944156.jpg,Boeing,Boeing 747,747-100
0944161.jpg,Douglas Aircraft Company,C-47,C-47
0944166.jpg,Boeing,Boeing 737,737-300
0944174.jpg,Fokker,Fokker 100,Fokker 100
0944175.jpg,Tupolev,Tu-134,Tu-134
0944176.jpg,Yakovlev,Yak-42,Yak-42
0944182.jpg,Yakovlev,Yak-42,Yak-42
0944208.jpg,Boeing,Boeing 717,Boeing 717
0944221.jpg,Airbus,A340,A340-300
0944239.jpg,Yakovlev,Yak-42,Yak-42
0944240.jpg,Tupolev,Tu-154,Tu-154
0944241.jpg,Tupolev,Tu-134,Tu-134
0944244.jpg,Fairchild,Metroliner,Metroliner
0944245.jpg,Boeing,Boeing 737,737-800
0944247.jpg,Boeing,Boeing 737,737-500
0944253.jpg,Boeing,Boeing 737,737-600
0944254.jpg,McDonnell Douglas,MD-80,MD-80
0944257.jpg,Boeing,Boeing 737,737-500
0944357.jpg,Airbus,A340,A340-200
0944751.jpg,British Aerospace,BAE-125,BAE-125
0944920.jpg,Dassault Aviation,Falcon 900,Falcon 900
0944945.jpg,McDonnell Douglas,MD-11,MD-11
0944994.jpg,Embraer,Embraer E-Jet,E-170
0944995.jpg,McDonnell Douglas,MD-80,MD-87
0945011.jpg,Fokker,Fokker 50,Fokker 50
0945365.jpg,Dassault Aviation,Falcon 2000,Falcon 2000
0945368.jpg,Ilyushin,Il-76,Il-76
0945369.jpg,Fokker,Fokker 50,Fokker 50
0946093.jpg,Boeing,Boeing 747,747-400
0946798.jpg,Boeing,Boeing 747,747-300
0947462.jpg,Airbus,A310,A310
0948003.jpg,Dassault Aviation,Falcon 2000,Falcon 2000
0948007.jpg,Lockheed Martin,F-16,F-16A/B
0948344.jpg,Boeing,Boeing 747,747-300
0948666.jpg,Tupolev,Tu-134,Tu-134
0949750.jpg,de Havilland,Dash 8,DHC-8-100
0949944.jpg,Airbus,A340,A340-300
0949946.jpg,Airbus,A310,A310
0950056.jpg,Ilyushin,Il-76,Il-76
0950117.jpg,McDonnell Douglas,MD-11,MD-11
0950119.jpg,Airbus,A340,A340-200
0950275.jpg,Boeing,Boeing 737,737-200
0950305.jpg,Embraer,Embraer ERJ 145,ERJ 145
0950326.jpg,Airbus,A340,A340-200
0950331.jpg,McDonnell Douglas,MD-11,MD-11
0950339.jpg,Airbus,A330,A330-200
0950401.jpg,Boeing,Boeing 747,747-300
0950402.jpg,Fokker,Fokker 100,Fokker 100
0950428.jpg,McDonnell Douglas,MD-80,MD-80
0950429.jpg,Douglas Aircraft Company,DC-6,DC-6
0950435.jpg,Airbus,A340,A340-200
0950436.jpg,McDonnell Douglas,MD-80,MD-80
0950440.jpg,British Aerospace,BAE 146,BAE 146-200
0950442.jpg,Boeing,Boeing 757,757-300
0950562.jpg,Douglas Aircraft Company,DC-6,DC-6
0950991.jpg,Boeing,Boeing 707,707-320
0951126.jpg,Cessna,Cessna Citation,Cessna 560
0951982.jpg,Boeing,Boeing 707,707-320
0952377.jpg,Fokker,Fokker 50,Fokker 50
0952519.jpg,ATR,ATR-72,ATR-72
0952726.jpg,Douglas Aircraft Company,C-47,C-47
0953094.jpg,Boeing,Boeing 767,767-200
0953521.jpg,Airbus,A320,A320
0953525.jpg,Douglas Aircraft Company,C-47,C-47
0953559.jpg,Boeing,Boeing 737,737-300
0953561.jpg,Fokker,Fokker 50,Fokker 50
0953562.jpg,Beechcraft,King Air,Model B200
0955444.jpg,McDonnell Douglas,MD-80,MD-80
0955449.jpg,Canadair,CRJ-700,CRJ-700
0955450.jpg,Boeing,Boeing 767,767-200
0955770.jpg,Fokker,Fokker 70,Fokker 70
0956171.jpg,Boeing,Boeing 737,737-700
0956231.jpg,Boeing,Boeing 767,767-300
0956273.jpg,Boeing,Boeing 737,737-600
0956798.jpg,Douglas Aircraft Company,DC-8,DC-8
0956802.jpg,Douglas Aircraft Company,DC-6,DC-6
0957050.jpg,McDonnell Douglas,MD-80,MD-87
0957225.jpg,British Aerospace,BAE 146,BAE 146-200
0957883.jpg,Airbus,A320,A319
0957893.jpg,Boeing,Boeing 757,757-300
0957896.jpg,Boeing,Boeing 737,737-800
0957899.jpg,Airbus,A320,A320
0957905.jpg,ATR,ATR-72,ATR-72
0957980.jpg,Beechcraft,Beechcraft 1900,Beechcraft 1900
0957983.jpg,Boeing,Boeing 737,737-700
0958065.jpg,Gulfstream Aerospace,Gulfstream,Gulfstream IV
0958066.jpg,Tupolev,Tu-134,Tu-134
0958070.jpg,ATR,ATR-42,ATR-42
0958085.jpg,Lockheed Corporation,C-130,C-130
0958089.jpg,Yakovlev,Yak-42,Yak-42
0958129.jpg,Boeing,Boeing 767,767-200
0958138.jpg,Boeing,Boeing 717,Boeing 717
0958196.jpg,Lockheed Corporation,L-1011,L-1011
0958304.jpg,Embraer,Embraer ERJ 145,ERJ 145
0958484.jpg,Canadair,CRJ-200,CRJ-200
0958520.jpg,Dornier,Dornier 328,Dornier 328
0958618.jpg,Fokker,Fokker 100,Fokker 100
0959047.jpg,Boeing,Boeing 737,737-600
0959053.jpg,British Aerospace,BAE 146,BAE 146-200
0959054.jpg,Dornier,Dornier 328,Dornier 328
0959085.jpg,Airbus,A340,A340-500
0959262.jpg,Airbus,A320,A319
0959265.jpg,Embraer,Embraer E-Jet,E-170
0959267.jpg,McDonnell Douglas,MD-11,MD-11
0959346.jpg,Boeing,Boeing 747,747-300
0959452.jpg,Airbus,A320,A320
0960091.jpg,Panavia,Tornado,Tornado
0960098.jpg,Saab,Saab 340,Saab 340
0960135.jpg,Boeing,Boeing 717,Boeing 717
0960175.jpg,Douglas Aircraft Company,DC-3,DC-3
0960998.jpg,de Havilland,DHC-1,DHC-1
0961452.jpg,Douglas Aircraft Company,C-47,C-47
0961750.jpg,Boeing,Boeing 737,737-600
0961756.jpg,Embraer,Embraer ERJ 145,ERJ 135
0961819.jpg,Airbus,A340,A340-200
0961972.jpg,British Aerospace,Hawk T1,Hawk T1
0962110.jpg,Airbus,A380,A380
0962152.jpg,Airbus,A340,A340-500
0962576.jpg,Saab,Saab 2000,Saab 2000
0962633.jpg,Boeing,Boeing 717,Boeing 717
0962643.jpg,Embraer,Embraer E-Jet,E-170
0962825.jpg,Lockheed Corporation,C-130,C-130
0962871.jpg,Boeing,Boeing 717,Boeing 717
0962873.jpg,Boeing,Boeing 767,767-300
0962875.jpg,Boeing,Boeing 747,747-100
0962924.jpg,Airbus,A380,A380
0963004.jpg,Boeing,Boeing 747,747-200
0963485.jpg,Lockheed Corporation,C-130,C-130
0963590.jpg,Boeing,Boeing 747,747-300
0963959.jpg,Cessna,Cessna 208,Cessna 208
0963962.jpg,British Aerospace,BAE 146,BAE 146-300
0964235.jpg,Boeing,Boeing 747,747-400
0964344.jpg,Boeing,Boeing 747,747-200
0964904.jpg,Dornier,Dornier 328,Dornier 328
0965611.jpg,Boeing,Boeing 737,737-300
0965617.jpg,ATR,ATR-42,ATR-42
0965713.jpg,Gulfstream Aerospace,Gulfstream,Gulfstream V
0966109.jpg,British Aerospace,BAE 146,BAE 146-200
0966176.jpg,Airbus,A340,A340-300
0966761.jpg,Cirrus Aircraft,SR-20,SR-20
0967566.jpg,Airbus,A340,A340-500
0967804.jpg,British Aerospace,BAE 146,BAE 146-200
0967812.jpg,ATR,ATR-42,ATR-42
0967818.jpg,Yakovlev,Yak-42,Yak-42
0967830.jpg,ATR,ATR-42,ATR-42
0967831.jpg,Yakovlev,Yak-42,Yak-42
0967838.jpg,Lockheed Corporation,C-130,C-130
0967844.jpg,Fairchild,Metroliner,Metroliner
0967847.jpg,Douglas Aircraft Company,DC-8,DC-8
0967849.jpg,Saab,Saab 2000,Saab 2000
0967855.jpg,Boeing,Boeing 767,767-300
0967862.jpg,Boeing,Boeing 747,747-400
0967960.jpg,ATR,ATR-42,ATR-42
0968259.jpg,Airbus,A340,A340-500
0968445.jpg,McDonnell Douglas,MD-11,MD-11
0968446.jpg,McDonnell Douglas,DC-10,DC-10
0968748.jpg,Yakovlev,Yak-42,Yak-42
0972415.jpg,Embraer,Embraer E-Jet,E-170
0972487.jpg,Boeing,Boeing 737,737-400
0973041.jpg,Airbus,A340,A340-300
0973082.jpg,Boeing,Boeing 737,737-400
0973085.jpg,Saab,Saab 2000,Saab 2000
0973091.jpg,Boeing,Boeing 737,737-600
0973098.jpg,Boeing,Boeing 757,757-200
0973100.jpg,Dassault Aviation,Falcon 900,Falcon 900
0973103.jpg,Canadair,CRJ-200,CRJ-200
0973105.jpg,Saab,Saab 340,Saab 340
0973158.jpg,Fokker,Fokker 70,Fokker 70
0973160.jpg,Yakovlev,Yak-42,Yak-42
0973162.jpg,Embraer,Embraer Legacy 600,Embraer Legacy 600
0973166.jpg,Fokker,Fokker 70,Fokker 70
0973167.jpg,Boeing,Boeing 737,737-800
0973255.jpg,Ilyushin,Il-76,Il-76
0973256.jpg,Tupolev,Tu-154,Tu-154
0973263.jpg,Boeing,Boeing 747,747-400
0973264.jpg,ATR,ATR-72,ATR-72
0973290.jpg,Airbus,A320,A320
0973382.jpg,Dassault Aviation,Falcon 2000,Falcon 2000
0973383.jpg,Airbus,A320,A319
0974301.jpg,Airbus,A330,A330-200
0974359.jpg,Tupolev,Tu-134,Tu-134
0974653.jpg,Cessna,Cessna 172,Cessna 172
0974654.jpg,Cessna,Cessna 172,Cessna 172
0974733.jpg,McDonnell Douglas,DC-9,DC-9-30
0974734.jpg,Boeing,Boeing 737,737-500
0975821.jpg,Fairchild,Metroliner,Metroliner
0975823.jpg,Canadair,CRJ-200,CRJ-200
0975825.jpg,Douglas Aircraft Company,C-47,C-47
0975826.jpg,Fairchild,Metroliner,Metroliner
0975833.jpg,Embraer,Embraer ERJ 145,ERJ 135
0977012.jpg,Saab,Saab 340,Saab 340
0977239.jpg,Embraer,EMB-120,EMB-120
0977245.jpg,Saab,Saab 340,Saab 340
0977247.jpg,Fairchild,Metroliner,Metroliner
0977248.jpg,Canadair,CRJ-200,CRJ-200
0977264.jpg,McDonnell Douglas,MD-90,MD-90
0977265.jpg,ATR,ATR-42,ATR-42
0977267.jpg,McDonnell Douglas,MD-90,MD-90
0977324.jpg,Airbus,A380,A380
0977327.jpg,British Aerospace,BAE 146,BAE 146-200
0977330.jpg,Boeing,Boeing 737,737-500
0977335.jpg,Fokker,Fokker 100,Fokker 100
0977340.jpg,McDonnell Douglas,MD-80,MD-87
0977345.jpg,Embraer,EMB-120,EMB-120
0977347.jpg,Boeing,Boeing 757,757-300
0977350.jpg,Boeing,Boeing 737,737-800
0977357.jpg,ATR,ATR-42,ATR-42
0977358.jpg,de Havilland,Dash 8,DHC-8-300
0977515.jpg,Airbus,A330,A330-200
0977899.jpg,Gulfstream Aerospace,Gulfstream,Gulfstream IV
0977928.jpg,Lockheed Corporation,C-130,C-130
0978113.jpg,Lockheed Corporation,C-130,C-130
0978114.jpg,Panavia,Tornado,Tornado
0978286.jpg,Airbus,A310,A310
0978484.jpg,Airbus,A340,A340-600
0978502.jpg,McDonnell Douglas,DC-9,DC-9-30
0978815.jpg,Antonov,An-12,An-12
0979376.jpg,Boeing,Boeing 707,707-320
0979377.jpg,Boeing,Boeing 707,707-320
0979466.jpg,Canadair,Challenger 600,Challenger 600
0979470.jpg,Boeing,Boeing 737,737-200
0979472.jpg,McDonnell Douglas,MD-80,MD-80
0979579.jpg,McDonnell Douglas,MD-90,MD-90
0979582.jpg,Embraer,Embraer Legacy 600,Embraer Legacy 600
0979612.jpg,Cessna,Cessna 208,Cessna 208
0979614.jpg,Fokker,Fokker 50,Fokker 50
0979615.jpg,Tupolev,Tu-154,Tu-154
0979622.jpg,Fairchild,Metroliner,Metroliner
0979624.jpg,Airbus,A320,A319
0979639.jpg,British Aerospace,BAE 146,BAE 146-200
0979645.jpg,de Havilland,Dash 8,DHC-8-300
0979648.jpg,McDonnell Douglas,MD-80,MD-80
0979649.jpg,Cessna,Cessna 208,Cessna 208
0979652.jpg,Embraer,EMB-120,EMB-120
0979658.jpg,Saab,Saab 340,Saab 340
0979659.jpg,British Aerospace,BAE 146,BAE 146-200
0979665.jpg,Boeing,Boeing 737,737-400
0979868.jpg,Ilyushin,Il-76,Il-76
0979923.jpg,Douglas Aircraft Company,DC-3,DC-3
0979926.jpg,Ilyushin,Il-76,Il-76
0980092.jpg,McDonnell Douglas,MD-11,MD-11
0980094.jpg,Boeing,Boeing 747,747-300
0980191.jpg,Boeing,Boeing 747,747-300
0980196.jpg,Boeing,Boeing 727,727-200
0980197.jpg,McDonnell Douglas,MD-11,MD-11
0980397.jpg,Fokker,Fokker 100,Fokker 100
0980549.jpg,Boeing,Boeing 747,747-100
0980556.jpg,McDonnell Douglas,MD-11,MD-11
0980635.jpg,Airbus,A330,A330-300
0981290.jpg,de Havilland,DHC-1,DHC-1
0981301.jpg,Boeing,Boeing 737,737-200
0981462.jpg,Boeing,Boeing 747,747-300
0981533.jpg,Boeing,Boeing 767,767-400
0981955.jpg,Boeing,Boeing 767,767-400
0983420.jpg,Tupolev,Tu-154,Tu-154
0983542.jpg,Boeing,Boeing 747,747-300
0983618.jpg,Boeing,Boeing 727,727-200
0983934.jpg,Boeing,Boeing 747,747-400
0984284.jpg,de Havilland,DH-82,DH-82
0984407.jpg,McDonnell Douglas,MD-80,MD-87
0984408.jpg,Bombardier Aerospace,Global Express,Global Express
0984409.jpg,Boeing,Boeing 737,737-700
0984875.jpg,Lockheed Corporation,L-1011,L-1011
0984879.jpg,Tupolev,Tu-154,Tu-154
0984996.jpg,Fairchild,Metroliner,Metroliner
0985290.jpg,Boeing,Boeing 767,767-400
0985372.jpg,de Havilland,DH-82,DH-82
0985425.jpg,Boeing,Boeing 767,767-300
0985695.jpg,Embraer,Embraer Legacy 600,Embraer Legacy 600
0985788.jpg,Lockheed Corporation,L-1011,L-1011
0985789.jpg,McDonnell Douglas,DC-10,DC-10
0985968.jpg,Boeing,Boeing 757,757-300
0986161.jpg,Boeing,Boeing 737,737-300
0986170.jpg,Airbus,A340,A340-500
0986465.jpg,Panavia,Tornado,Tornado
0986593.jpg,Boeing,Boeing 717,Boeing 717
0987259.jpg,Antonov,An-12,An-12
0987261.jpg,Boeing,Boeing 707,707-320
0987619.jpg,Boeing,Boeing 737,737-400
0987741.jpg,Douglas Aircraft Company,DC-8,DC-8
0987802.jpg,Boeing,Boeing 737,737-900
0988091.jpg,Airbus,A320,A319
0988468.jpg,Boeing,Boeing 737,737-800
0988536.jpg,Tupolev,Tu-134,Tu-134
0988559.jpg,Canadair,CRJ-700,CRJ-700
0988938.jpg,Boeing,Boeing 767,767-300
0988940.jpg,Antonov,An-12,An-12
0988944.jpg,Boeing,Boeing 737,737-400
0988971.jpg,Canadair,Challenger 600,Challenger 600
0989090.jpg,Douglas Aircraft Company,DC-8,DC-8
0989093.jpg,Douglas Aircraft Company,DC-6,DC-6
0989278.jpg,Tupolev,Tu-154,Tu-154
0989281.jpg,Boeing,Boeing 747,747-400
0989702.jpg,Fokker,Fokker 70,Fokker 70
0989831.jpg,Boeing,Boeing 747,747-200
0989834.jpg,Boeing,Boeing 747,747-100
0990061.jpg,Dassault Aviation,Falcon 2000,Falcon 2000
0990829.jpg,Boeing,Boeing 757,757-200
0991569.jpg,Boeing,Boeing 707,707-320
0992232.jpg,British Aerospace,BAE 146,BAE 146-200
0992259.jpg,Canadair,Challenger 600,Challenger 600
0993061.jpg,Boeing,Boeing 747,747-100
0993066.jpg,Ilyushin,Il-76,Il-76
0993482.jpg,Embraer,Embraer ERJ 145,ERJ 135
0993489.jpg,McDonnell Douglas,DC-10,DC-10
0993510.jpg,Embraer,Embraer Legacy 600,Embraer Legacy 600
0993942.jpg,Tupolev,Tu-134,Tu-134
0993945.jpg,Boeing,Boeing 747,747-200
0993951.jpg,Douglas Aircraft Company,DC-8,DC-8
0994751.jpg,Gulfstream Aerospace,Gulfstream,Gulfstream IV
0994752.jpg,Dassault Aviation,Falcon 2000,Falcon 2000
0994754.jpg,Airbus,A310,A310
0994960.jpg,Boeing,Boeing 727,727-200
0994986.jpg,Boeing,Boeing 727,727-200
0995278.jpg,de Havilland,DHC-6,DHC-6
0995282.jpg,Bombardier Aerospace,Global Express,Global Express
0995286.jpg,Boeing,Boeing 727,727-200
0995290.jpg,Airbus,A340,A340-200
0995387.jpg,Yakovlev,Yak-42,Yak-42
0995392.jpg,ATR,ATR-42,ATR-42
0995399.jpg,Cessna,Cessna 208,Cessna 208
0995410.jpg,Airbus,A300,A300B4
0995426.jpg,Fokker,Fokker 100,Fokker 100
0995429.jpg,Airbus,A310,A310
0996087.jpg,Airbus,A340,A340-300
0996336.jpg,McDonnell Douglas,DC-9,DC-9-30
0996406.jpg,McDonnell Douglas,MD-80,MD-87
0996410.jpg,Airbus,A340,A340-500
0996414.jpg,Fairchild,Metroliner,Metroliner
0996453.jpg,Airbus,A340,A340-500
0996456.jpg,Embraer,EMB-120,EMB-120
0996523.jpg,Canadair,CRJ-200,CRJ-200
0996526.jpg,Canadair,CRJ-200,CRJ-200
0996579.jpg,Airbus,A340,A340-200
0996666.jpg,Piper,PA-28,PA-28
0996668.jpg,Embraer,Embraer E-Jet,E-170
0996676.jpg,McDonnell Douglas,MD-11,MD-11
0996983.jpg,Canadair,CRJ-700,CRJ-700
0996985.jpg,British Aerospace,BAE-125,BAE-125
0997581.jpg,Dornier,Dornier 328,Dornier 328
0998786.jpg,Embraer,Embraer E-Jet,E-170
0998884.jpg,Canadair,CRJ-700,CRJ-700
0999159.jpg,Embraer,EMB-120,EMB-120
1000013.jpg,Yakovlev,Yak-42,Yak-42
1000026.jpg,Dornier,Dornier 328,Dornier 328
1000027.jpg,Fokker,Fokker 70,Fokker 70
1000036.jpg,Airbus,A340,A340-600
1000039.jpg,Yakovlev,Yak-42,Yak-42
1000045.jpg,Airbus,A320,A321
1000048.jpg,Douglas Aircraft Company,DC-8,DC-8
1000107.jpg,Boeing,Boeing 717,Boeing 717
1000413.jpg,Boeing,Boeing 757,757-200
1001620.jpg,Boeing,Boeing 737,737-900
1001728.jpg,Ilyushin,Il-76,Il-76
1001809.jpg,de Havilland,DH-82,DH-82
1001811.jpg,Airbus,A320,A320
1001812.jpg,Robin,DR-400,DR-400
1001818.jpg,Canadair,CRJ-700,CRJ-700
1001821.jpg,de Havilland,DH-82,DH-82
1001973.jpg,British Aerospace,BAE-125,BAE-125
1002202.jpg,Ilyushin,Il-76,Il-76
1002382.jpg,McDonnell Douglas,DC-9,DC-9-30
1002385.jpg,Douglas Aircraft Company,C-47,C-47
1002431.jpg,Douglas Aircraft Company,DC-8,DC-8
1002439.jpg,Boeing,Boeing 707,707-320
1002458.jpg,Douglas Aircraft Company,DC-3,DC-3
1002746.jpg,Douglas Aircraft Company,DC-3,DC-3
1002747.jpg,Lockheed Corporation,L-1011,L-1011
1002749.jpg,McDonnell Douglas,DC-10,DC-10
1003022.jpg,Bombardier Aerospace,Global Express,Global Express
1003141.jpg,de Havilland,Dash 8,DHC-8-100
1003143.jpg,Airbus,A320,A319
1003826.jpg,Embraer,Embraer E-Jet,E-170
1004164.jpg,Airbus,A300,A300B4
1004662.jpg,McDonnell Douglas,MD-80,MD-87
1004738.jpg,Bombardier Aerospace,Global Express,Global Express
1004743.jpg,Boeing,Boeing 767,767-200
1004797.jpg,Boeing,Boeing 757,757-300
1004799.jpg,Yakovlev,Yak-42,Yak-42
1004908.jpg,Embraer,EMB-120,EMB-120
1004940.jpg,Airbus,A320,A321
1004978.jpg,ATR,ATR-72,ATR-72
1006793.jpg,Boeing,Boeing 767,767-400
1006795.jpg,British Aerospace,BAE-125,BAE-125
1007850.jpg,Fokker,Fokker 70,Fokker 70
1008043.jpg,Airbus,A340,A340-600
1008176.jpg,British Aerospace,BAE 146,BAE 146-300
1008426.jpg,Airbus,A320,A320
1008467.jpg,de Havilland,DHC-6,DHC-6
1008569.jpg,Gulfstream Aerospace,Gulfstream,Gulfstream V
1008572.jpg,Antonov,An-12,An-12
1008573.jpg,Ilyushin,Il-76,Il-76
1008575.jpg,Boeing,Boeing 707,707-320
1008788.jpg,Saab,Saab 340,Saab 340
1008872.jpg,Boeing,Boeing 747,747-100
1008901.jpg,Douglas Aircraft Company,DC-8,DC-8
1008903.jpg,Embraer,Embraer E-Jet,E-170
1009031.jpg,Boeing,Boeing 747,747-100
1009039.jpg,Airbus,A340,A340-600
1009081.jpg,de Havilland,DHC-6,DHC-6
1009344.jpg,Beechcraft,King Air,Model B200
1009765.jpg,Boeing,Boeing 747,747-100
1009831.jpg,Boeing,Boeing 707,707-320
1010412.jpg,Piper,PA-28,PA-28
1010452.jpg,Douglas Aircraft Company,C-47,C-47
1010683.jpg,Lockheed Corporation,L-1011,L-1011
1011181.jpg,Douglas Aircraft Company,DC-8,DC-8
1012153.jpg,Fokker,Fokker 100,Fokker 100
1013061.jpg,Dassault Aviation,Falcon 2000,Falcon 2000
1013082.jpg,Boeing,Boeing 747,747-100
1013358.jpg,Airbus,A310,A310
1013519.jpg,Airbus,A300,A300B4
1013524.jpg,McDonnell Douglas,DC-10,DC-10
1013534.jpg,Boeing,Boeing 747,747-100
1013667.jpg,Airbus,A340,A340-500
1014103.jpg,Boeing,Boeing 747,747-100
1014104.jpg,Douglas Aircraft Company,DC-8,DC-8
1014303.jpg,Embraer,Embraer ERJ 145,ERJ 145
1014304.jpg,Saab,Saab 2000,Saab 2000
1014363.jpg,British Aerospace,BAE-125,BAE-125
1014374.jpg,Boeing,Boeing 777,777-200
1014380.jpg,McDonnell Douglas,MD-80,MD-87
1014414.jpg,Fokker,Fokker 100,Fokker 100
1015040.jpg,Canadair,CRJ-200,CRJ-200
1016538.jpg,Boeing,Boeing 737,737-900
1016570.jpg,Boeing,Boeing 737,737-800
1016726.jpg,Boeing,Boeing 737,737-600
1017178.jpg,Lockheed Corporation,C-130,C-130
1017179.jpg,Boeing,Boeing 707,707-320
1017202.jpg,McDonnell Douglas,DC-10,DC-10
1017287.jpg,Boeing,Boeing 737,737-400
1017288.jpg,Boeing,Boeing 757,757-300
1017290.jpg,Airbus,A330,A330-200
1017404.jpg,McDonnell Douglas,DC-9,DC-9-30
1017406.jpg,Douglas Aircraft Company,DC-8,DC-8
1017808.jpg,ATR,ATR-72,ATR-72
1017810.jpg,Boeing,Boeing 757,757-200
1017912.jpg,Panavia,Tornado,Tornado
1017972.jpg,Cessna,Cessna 208,Cessna 208
1017974.jpg,Cessna,Cessna Citation,Cessna 560
1018460.jpg,Beechcraft,King Air,Model B200
1018463.jpg,Boeing,Boeing 747,747-400
1018464.jpg,Beechcraft,Beechcraft 1900,Beechcraft 1900
1018466.jpg,Boeing,Boeing 757,757-200
1018467.jpg,ATR,ATR-42,ATR-42
1018861.jpg,Beechcraft,Beechcraft 1900,Beechcraft 1900
1018862.jpg,Boeing,Boeing 737,737-900
1018873.jpg,Boeing,Boeing 767,767-300
1018875.jpg,Airbus,A320,A319
1018931.jpg,Douglas Aircraft Company,DC-8,DC-8
1018933.jpg,Embraer,Embraer E-Jet,E-190
1018935.jpg,Boeing,Boeing 737,737-300
1018992.jpg,Antonov,An-12,An-12
1019011.jpg,Boeing,Boeing 727,727-200
1019107.jpg,Airbus,A320,A321
1019430.jpg,de Havilland,DH-82,DH-82
1020536.jpg,Cessna,Cessna Citation,Cessna 560
1021870.jpg,Piper,PA-28,PA-28
1022382.jpg,Boeing,Boeing 717,Boeing 717
1022616.jpg,ATR,ATR-72,ATR-72
1023003.jpg,Douglas Aircraft Company,C-47,C-47
1023005.jpg,Canadair,Challenger 600,Challenger 600
1023006.jpg,de Havilland,Dash 8,DHC-8-100
1023007.jpg,de Havilland,DHC-6,DHC-6
1023312.jpg,ATR,ATR-42,ATR-42
1024161.jpg,Dassault Aviation,Falcon 2000,Falcon 2000
1025167.jpg,British Aerospace,BAE-125,BAE-125
1025168.jpg,Embraer,Embraer ERJ 145,ERJ 135
1025582.jpg,Bombardier Aerospace,Global Express,Global Express
1025794.jpg,Boeing,Boeing 707,707-320
1026075.jpg,Fairchild,Metroliner,Metroliner
1026133.jpg,Yakovlev,Yak-42,Yak-42
1026363.jpg,Boeing,Boeing 757,757-200
1026502.jpg,Dassault Aviation,Falcon 900,Falcon 900
1026503.jpg,Dassault Aviation,Falcon 2000,Falcon 2000
1026571.jpg,Fairchild,Metroliner,Metroliner
1026714.jpg,Saab,Saab 2000,Saab 2000
1026719.jpg,McDonnell Douglas,MD-80,MD-87
1027002.jpg,Boeing,Boeing 767,767-400
1027346.jpg,Yakovlev,Yak-42,Yak-42
1027348.jpg,Gulfstream Aerospace,Gulfstream,Gulfstream V
1027362.jpg,Airbus,A310,A310
1027524.jpg,Embraer,Embraer E-Jet,E-170
1027525.jpg,Beechcraft,King Air,Model B200
1027573.jpg,Airbus,A330,A330-300
1028093.jpg,Bombardier Aerospace,Global Express,Global Express
1028184.jpg,Douglas Aircraft Company,C-47,C-47
1028187.jpg,Boeing,Boeing 747,747-100
1028490.jpg,Cessna,Cessna 172,Cessna 172
1028704.jpg,de Havilland,Dash 8,DHC-8-100
1028854.jpg,Canadair,Challenger 600,Challenger 600
1028934.jpg,Fairchild,Metroliner,Metroliner
1030259.jpg,British Aerospace,BAE-125,BAE-125
1030324.jpg,Gulfstream Aerospace,Gulfstream,Gulfstream IV
1030353.jpg,Embraer,Embraer Legacy 600,Embraer Legacy 600
1031438.jpg,Boeing,Boeing 747,747-200
1031442.jpg,Douglas Aircraft Company,C-47,C-47
1031443.jpg,Douglas Aircraft Company,DC-3,DC-3
1031445.jpg,Boeing,Boeing 767,767-400
1031451.jpg,Airbus,A320,A319
1031454.jpg,Boeing,Boeing 767,767-200
1031455.jpg,de Havilland,Dash 8,DHC-8-100
1031457.jpg,Cessna,Cessna 208,Cessna 208
1031458.jpg,Fairchild,Metroliner,Metroliner
1031460.jpg,Beechcraft,Beechcraft 1900,Beechcraft 1900
1031465.jpg,McDonnell Douglas,MD-11,MD-11
1031472.jpg,Embraer,EMB-120,EMB-120
1031474.jpg,McDonnell Douglas,DC-10,DC-10
1031476.jpg,Airbus,A300,A300B4
1031497.jpg,Boeing,Boeing 757,757-200
1031498.jpg,de Havilland,Dash 8,DHC-8-100
1031503.jpg,Cessna,Cessna 208,Cessna 208
1031522.jpg,de Havilland,Dash 8,DHC-8-100
1031523.jpg,Embraer,Embraer E-Jet,E-190
1031647.jpg,Dassault Aviation,Falcon 900,Falcon 900
1032300.jpg,Canadair,Challenger 600,Challenger 600
1032301.jpg,Cessna,Cessna Citation,Cessna 560
1032302.jpg,British Aerospace,BAE-125,BAE-125
1032474.jpg,de Havilland,DHC-1,DHC-1
1033079.jpg,Boeing,Boeing 737,737-500
1033308.jpg,Boeing,Boeing 747,747-100
1033340.jpg,Airbus,A340,A340-500
1033590.jpg,Lockheed Corporation,C-130,C-130
1033762.jpg,Ilyushin,Il-76,Il-76
1033949.jpg,Cessna,Cessna Citation,Cessna 560
1034320.jpg,Canadair,CRJ-700,CRJ-700
1034793.jpg,Gulfstream Aerospace,Gulfstream,Gulfstream V
1034887.jpg,Piper,PA-28,PA-28
1034888.jpg,Cessna,Cessna Citation,Cessna 560
1035114.jpg,Antonov,An-12,An-12
1035348.jpg,Supermarine,Spitfire,Spitfire
1036701.jpg,Douglas Aircraft Company,DC-6,DC-6
1036800.jpg,ATR,ATR-42,ATR-42
1036801.jpg,Douglas Aircraft Company,C-47,C-47
1036806.jpg,Douglas Aircraft Company,DC-6,DC-6
1036818.jpg,Boeing,Boeing 737,737-800
1036820.jpg,Cessna,Cessna 208,Cessna 208
1036821.jpg,Cessna,Cessna 208,Cessna 208
1036822.jpg,Beechcraft,Beechcraft 1900,Beechcraft 1900
1036827.jpg,Douglas Aircraft Company,DC-3,DC-3
1036828.jpg,Douglas Aircraft Company,DC-3,DC-3
1036858.jpg,Boeing,Boeing 737,737-200
1036859.jpg,ATR,ATR-42,ATR-42
1036862.jpg,Beechcraft,Beechcraft 1900,Beechcraft 1900
1036863.jpg,Airbus,A320,A320
1036865.jpg,de Havilland,Dash 8,DHC-8-100
1036870.jpg,Fokker,Fokker 50,Fokker 50
1036873.jpg,Fokker,Fokker 50,Fokker 50
1036880.jpg,McDonnell Douglas,MD-80,MD-80
1036881.jpg,Boeing,Boeing 727,727-200
1037167.jpg,Canadair,Challenger 600,Challenger 600
1037168.jpg,Beechcraft,King Air,Model B200
1037436.jpg,ATR,ATR-72,ATR-72
1037465.jpg,Canadair,CRJ-200,CRJ-200
1037466.jpg,Bombardier Aerospace,Global Express,Global Express
1037501.jpg,Boeing,Boeing 747,747-200
1037507.jpg,Saab,Saab 2000,Saab 2000
1037509.jpg,de Havilland,Dash 8,DHC-8-100
1037614.jpg,McDonnell Douglas,DC-9,DC-9-30
1037834.jpg,Cessna,Cessna Citation,Cessna 560
1037982.jpg,Airbus,A330,A330-300
1038118.jpg,Boeing,Boeing 747,747-200
1040656.jpg,Cessna,Cessna Citation,Cessna 560
1041645.jpg,Boeing,Boeing 747,747-100
1041754.jpg,Douglas Aircraft Company,C-47,C-47
1041757.jpg,de Havilland,DH-82,DH-82
1041825.jpg,British Aerospace,BAE-125,BAE-125
1042021.jpg,Boeing,Boeing 707,707-320
1042331.jpg,Cessna,Cessna Citation,Cessna 560
1042661.jpg,Lockheed Corporation,L-1011,L-1011
1042824.jpg,Boeing,Boeing 707,707-320
1042843.jpg,de Havilland,DHC-1,DHC-1
1043369.jpg,Beechcraft,Beechcraft 1900,Beechcraft 1900
1043374.jpg,McDonnell Douglas,DC-9,DC-9-30
1043473.jpg,Boeing,Boeing 737,737-300
1043724.jpg,de Havilland,Dash 8,DHC-8-300
1043726.jpg,de Havilland,Dash 8,DHC-8-100
1043727.jpg,de Havilland,Dash 8,DHC-8-300
1043764.jpg,de Havilland,DHC-6,DHC-6
1043776.jpg,de Havilland,Dash 8,DHC-8-300
1043777.jpg,Embraer,Embraer Legacy 600,Embraer Legacy 600
1043778.jpg,de Havilland,Dash 8,DHC-8-100
1043782.jpg,de Havilland,DHC-6,DHC-6
1043786.jpg,Cessna,Cessna 208,Cessna 208
1043793.jpg,de Havilland,Dash 8,DHC-8-300
1043794.jpg,de Havilland,Dash 8,DHC-8-100
1043795.jpg,Boeing,Boeing 737,737-800
1043797.jpg,de Havilland,Dash 8,DHC-8-100
1043800.jpg,Cessna,Cessna 208,Cessna 208
1044149.jpg,Tupolev,Tu-154,Tu-154
1044385.jpg,Fokker,Fokker 70,Fokker 70
1044764.jpg,Douglas Aircraft Company,C-47,C-47
1045405.jpg,Panavia,Tornado,Tornado
1046407.jpg,Dornier,Dornier 328,Dornier 328
1046468.jpg,Cessna,Cessna Citation,Cessna 525
1046881.jpg,Airbus,A340,A340-500
1046884.jpg,Dassault Aviation,Falcon 2000,Falcon 2000
1046908.jpg,Dassault Aviation,Falcon 2000,Falcon 2000
1047313.jpg,British Aerospace,BAE-125,BAE-125
1047407.jpg,Gulfstream Aerospace,Gulfstream,Gulfstream V
1047726.jpg,Boeing,Boeing 747,747-100
1047756.jpg,Boeing,Boeing 727,727-200
1047759.jpg,Cessna,Cessna Citation,Cessna 525
1047792.jpg,Saab,Saab 2000,Saab 2000
1048162.jpg,Dornier,Dornier 328,Dornier 328
1048528.jpg,Lockheed Corporation,C-130,C-130
1048552.jpg,Bombardier Aerospace,Global Express,Global Express
1048572.jpg,McDonnell Douglas,MD-11,MD-11
1048957.jpg,British Aerospace,BAE-125,BAE-125
1049867.jpg,Douglas Aircraft Company,DC-8,DC-8
1050563.jpg,Saab,Saab 2000,Saab 2000
1050578.jpg,Ilyushin,Il-76,Il-76
1050592.jpg,Cessna,Cessna 208,Cessna 208
1050604.jpg,Douglas Aircraft Company,DC-8,DC-8
1050675.jpg,Cessna,Cessna Citation,Cessna 525
1050681.jpg,McDonnell Douglas,DC-10,DC-10
1050684.jpg,Boeing,Boeing 747,747-100
1050956.jpg,Airbus,A340,A340-600
1051041.jpg,Yakovlev,Yak-42,Yak-42
1051042.jpg,Boeing,Boeing 737,737-500
1051497.jpg,Bombardier Aerospace,Global Express,Global Express
1052314.jpg,Boeing,Boeing 737,737-900
1052486.jpg,Beechcraft,Beechcraft 1900,Beechcraft 1900
1052538.jpg,Dornier,Dornier 328,Dornier 328
1052982.jpg,Embraer,Embraer E-Jet,E-170
1052986.jpg,Antonov,An-12,An-12
1053135.jpg,de Havilland,DHC-6,DHC-6
1053311.jpg,McDonnell Douglas,MD-11,MD-11
1053316.jpg,Boeing,Boeing 767,767-300
1053425.jpg,Gulfstream Aerospace,Gulfstream,Gulfstream V
1053428.jpg,Airbus,A330,A330-200
1053446.jpg,Boeing,Boeing 737,737-500
1053447.jpg,Airbus,A340,A340-200
1053453.jpg,Cessna,Cessna 208,Cessna 208
1053460.jpg,Saab,Saab 340,Saab 340
1053463.jpg,de Havilland,DHC-6,DHC-6
1053484.jpg,de Havilland,DHC-6,DHC-6
1053500.jpg,Embraer,Embraer ERJ 145,ERJ 135
1053502.jpg,de Havilland,DHC-6,DHC-6
1053510.jpg,Embraer,Embraer Legacy 600,Embraer Legacy 600
1053532.jpg,Canadair,Challenger 600,Challenger 600
1053554.jpg,de Havilland,Dash 8,DHC-8-300
1053558.jpg,Canadair,CRJ-700,CRJ-900
1053560.jpg,de Havilland,DHC-6,DHC-6
1053710.jpg,Fokker,Fokker 70,Fokker 70
1053968.jpg,Boeing,Boeing 717,Boeing 717
1053984.jpg,Airbus,A340,A340-600
1054022.jpg,Airbus,A340,A340-200
1054078.jpg,Embraer,Embraer ERJ 145,ERJ 145
1054081.jpg,Gulfstream Aerospace,Gulfstream,Gulfstream IV
1054095.jpg,Boeing,Boeing 737,737-700
1054221.jpg,Saab,Saab 340,Saab 340
1054267.jpg,Saab,Saab 340,Saab 340
1054467.jpg,ATR,ATR-42,ATR-42
1054551.jpg,Beechcraft,King Air,Model B200
1054576.jpg,Saab,Saab 2000,Saab 2000
1054591.jpg,British Aerospace,Hawk T1,Hawk T1
1054811.jpg,de Havilland,Dash 8,DHC-8-100
1055149.jpg,Airbus,A320,A318
1055150.jpg,Airbus,A340,A340-600
1055151.jpg,Airbus,A380,A380
1055154.jpg,Canadair,CRJ-700,CRJ-900
1055199.jpg,Airbus,A320,A318
1055698.jpg,Lockheed Corporation,C-130,C-130
1056320.jpg,Airbus,A320,A318
1056902.jpg,Yakovlev,Yak-42,Yak-42
1058012.jpg,Beechcraft,King Air,Model B200
1058210.jpg,Beechcraft,King Air,Model B200
1058406.jpg,de Havilland,DH-82,DH-82
1058491.jpg,Airbus,A320,A318
1058493.jpg,Canadair,CRJ-700,CRJ-900
1058494.jpg,Canadair,CRJ-700,CRJ-900
1058713.jpg,de Havilland,DH-82,DH-82
1059090.jpg,Boeing,Boeing 737,737-400
1059170.jpg,Embraer,Embraer E-Jet,E-170
1059282.jpg,Douglas Aircraft Company,C-47,C-47
1059772.jpg,Fairchild,Metroliner,Metroliner
1059775.jpg,de Havilland,Dash 8,DHC-8-300
1059777.jpg,McDonnell Douglas,MD-80,MD-80
1059813.jpg,Boeing,Boeing 747,747-200
1059846.jpg,Boeing,Boeing 727,727-200
1060226.jpg,Canadair,CRJ-200,CRJ-200
1060231.jpg,Fairchild,Metroliner,Metroliner
1060375.jpg,Douglas Aircraft Company,DC-3,DC-3
1060487.jpg,Airbus,A320,A318
1060500.jpg,Boeing,Boeing 737,737-700
1060506.jpg,Cessna,Cessna Citation,Cessna 560
1060652.jpg,Dornier,Dornier 328,Dornier 328
1060704.jpg,Panavia,Tornado,Tornado
1060984.jpg,Cessna,Cessna Citation,Cessna 525
1061155.jpg,de Havilland,DHC-6,DHC-6
1061208.jpg,Tupolev,Tu-134,Tu-134
1061874.jpg,Boeing,Boeing 717,Boeing 717
1062012.jpg,Dassault Aviation,Falcon 900,Falcon 900
1062013.jpg,Canadair,Challenger 600,Challenger 600
1062014.jpg,Dassault Aviation,Falcon 900,Falcon 900
1062304.jpg,Boeing,Boeing 737,737-300
1062306.jpg,Cessna,Cessna Citation,Cessna 560
1062392.jpg,Canadair,Challenger 600,Challenger 600
1062482.jpg,Airbus,A340,A340-500
1062485.jpg,Dassault Aviation,Falcon 900,Falcon 900
1062510.jpg,Embraer,Embraer ERJ 145,ERJ 145
1062969.jpg,Boeing,Boeing 747,747-100
1062970.jpg,Cessna,Cessna Citation,Cessna 560
1062971.jpg,Boeing,Boeing 747,747-100
1063148.jpg,Gulfstream Aerospace,Gulfstream,Gulfstream V
1063410.jpg,McDonnell Douglas,MD-80,MD-87
1063417.jpg,Boeing,Boeing 767,767-200
1063985.jpg,Ilyushin,Il-76,Il-76
1063986.jpg,Boeing,Boeing 727,727-200
1064717.jpg,Gulfstream Aerospace,Gulfstream,Gulfstream IV
1065444.jpg,Airbus,A320,A321
1065592.jpg,Ilyushin,Il-76,Il-76
1066006.jpg,ATR,ATR-42,ATR-42
1066523.jpg,Cessna,Cessna Citation,Cessna 525
1066524.jpg,Gulfstream Aerospace,Gulfstream,Gulfstream IV
1066875.jpg,Ilyushin,Il-76,Il-76
1066879.jpg,Piper,PA-28,PA-28
1067522.jpg,Embraer,Embraer Legacy 600,Embraer Legacy 600
1067929.jpg,Boeing,Boeing 737,737-800
1068361.jpg,Embraer,Embraer Legacy 600,Embraer Legacy 600
1068481.jpg,Dornier,Dornier 328,Dornier 328
1068565.jpg,Boeing,Boeing 707,707-320
1068733.jpg,Boeing,Boeing 747,747-100
1069041.jpg,British Aerospace,BAE-125,BAE-125
1069042.jpg,Canadair,Challenger 600,Challenger 600
1069925.jpg,Airbus,A320,A318
1069978.jpg,Beechcraft,King Air,Model B200
1070335.jpg,British Aerospace,BAE-125,BAE-125
1070337.jpg,McDonnell Douglas,DC-9,DC-9-30
1070876.jpg,British Aerospace,Hawk T1,Hawk T1
1071955.jpg,Canadair,Challenger 600,Challenger 600
1072281.jpg,Lockheed Martin,F-16,F-16A/B
1072329.jpg,Supermarine,Spitfire,Spitfire
1072668.jpg,Cessna,Cessna 172,Cessna 172
1073024.jpg,Boeing,Boeing 757,757-200
1073029.jpg,McDonnell Douglas,MD-90,MD-90
1073030.jpg,Airbus,A340,A340-300
1073032.jpg,Airbus,A320,A319
1073033.jpg,Airbus,A340,A340-600
1073073.jpg,Embraer,Embraer ERJ 145,ERJ 145
1073334.jpg,Boeing,Boeing 717,Boeing 717
1075855.jpg,Antonov,An-12,An-12
1075856.jpg,Airbus,A340,A340-300
1076273.jpg,Eurofighter,Eurofighter Typhoon,Eurofighter Typhoon
1076891.jpg,British Aerospace,BAE 146,BAE 146-200
1077156.jpg,Embraer,Embraer E-Jet,E-170
1077480.jpg,Canadair,CRJ-700,CRJ-900
1077924.jpg,Gulfstream Aerospace,Gulfstream,Gulfstream V
1078482.jpg,Boeing,Boeing 737,737-600
1079167.jpg,Lockheed Corporation,L-1011,L-1011
1079168.jpg,Airbus,A320,A321
1079421.jpg,Canadair,Challenger 600,Challenger 600
1080160.jpg,Boeing,Boeing 737,737-400
1081563.jpg,Airbus,A340,A340-500
1081565.jpg,Gulfstream Aerospace,Gulfstream,Gulfstream IV
1082296.jpg,British Aerospace,Hawk T1,Hawk T1
1082409.jpg,Boeing,Boeing 707,707-320
1082464.jpg,McDonnell Douglas,F/A-18,F/A-18
1083205.jpg,McDonnell Douglas,MD-11,MD-11
1083206.jpg,Bombardier Aerospace,Global Express,Global Express
1083282.jpg,Tupolev,Tu-134,Tu-134
1084078.jpg,Cessna,Cessna Citation,Cessna 560
1084453.jpg,Lockheed Corporation,L-1011,L-1011
1084518.jpg,Boeing,Boeing 737,737-700
1084922.jpg,British Aerospace,BAE 146,BAE 146-200
1085151.jpg,McDonnell Douglas,F/A-18,F/A-18
1085153.jpg,Eurofighter,Eurofighter Typhoon,Eurofighter Typhoon
1085156.jpg,British Aerospace,Hawk T1,Hawk T1
1085158.jpg,British Aerospace,Hawk T1,Hawk T1
1085159.jpg,Eurofighter,Eurofighter Typhoon,Eurofighter Typhoon
1085189.jpg,Panavia,Tornado,Tornado
1085193.jpg,Lockheed Martin,F-16,F-16A/B
1085194.jpg,Lockheed Corporation,C-130,C-130
1085719.jpg,Boeing,Boeing 737,737-800
1086831.jpg,Boeing,Boeing 717,Boeing 717
1086833.jpg,Embraer,Embraer E-Jet,E-190
1087920.jpg,Boeing,Boeing 737,737-600
1088007.jpg,Boeing,Boeing 747,747-400
1088345.jpg,Boeing,Boeing 777,777-200
1088361.jpg,ATR,ATR-72,ATR-72
1088366.jpg,de Havilland,Dash 8,DHC-8-100
1088367.jpg,Saab,Saab 2000,Saab 2000
1088408.jpg,McDonnell Douglas,F/A-18,F/A-18
1088411.jpg,British Aerospace,Hawk T1,Hawk T1
1088415.jpg,Gulfstream Aerospace,Gulfstream,Gulfstream IV
1088416.jpg,Beechcraft,King Air,Model B200
1088454.jpg,Lockheed Martin,F-16,F-16A/B
1088532.jpg,Boeing,Boeing 777,777-200
1088600.jpg,Airbus,A340,A340-600
1088602.jpg,Boeing,Boeing 717,Boeing 717
1088603.jpg,Embraer,Embraer E-Jet,E-190
1088786.jpg,Tupolev,Tu-154,Tu-154
1088805.jpg,Airbus,A300,A300B4
1088809.jpg,Canadair,CRJ-700,CRJ-900
1089013.jpg,Douglas Aircraft Company,C-47,C-47
1089016.jpg,McDonnell Douglas,DC-10,DC-10
1089047.jpg,Lockheed Martin,F-16,F-16A/B
1089989.jpg,Boeing,Boeing 727,727-200
1090095.jpg,Piper,PA-28,PA-28
1090346.jpg,Embraer,Embraer ERJ 145,ERJ 135
1090725.jpg,Fairchild,Metroliner,Metroliner
1091255.jpg,Panavia,Tornado,Tornado
1091648.jpg,Boeing,Boeing 777,777-300
1091650.jpg,McDonnell Douglas,MD-90,MD-90
1091663.jpg,Gulfstream Aerospace,Gulfstream,Gulfstream V
1091802.jpg,Airbus,A330,A330-300
1091953.jpg,Eurofighter,Eurofighter Typhoon,Eurofighter Typhoon
1092038.jpg,Saab,Saab 340,Saab 340
1092039.jpg,Dornier,Dornier 328,Dornier 328
1092244.jpg,Embraer,Embraer E-Jet,E-170
1092246.jpg,Boeing,Boeing 717,Boeing 717
1092252.jpg,Fokker,Fokker 70,Fokker 70
1092262.jpg,Saab,Saab 340,Saab 340
1092265.jpg,Dornier,Dornier 328,Dornier 328
1092270.jpg,Airbus,A320,A319
1092415.jpg,Gulfstream Aerospace,Gulfstream,Gulfstream IV
1093247.jpg,Airbus,A320,A318
1093250.jpg,McDonnell Douglas,MD-11,MD-11
1093290.jpg,Cessna,Cessna 172,Cessna 172
1093636.jpg,Boeing,Boeing 737,737-500
1093637.jpg,ATR,ATR-42,ATR-42
1093670.jpg,McDonnell Douglas,DC-10,DC-10
1093671.jpg,McDonnell Douglas,F/A-18,F/A-18
1093824.jpg,Gulfstream Aerospace,Gulfstream,Gulfstream IV
1094264.jpg,Boeing,Boeing 747,747-300
1094607.jpg,Beechcraft,Beechcraft 1900,Beechcraft 1900
1094667.jpg,Boeing,Boeing 747,747-200
1094669.jpg,Boeing,Boeing 737,737-200
1094687.jpg,Boeing,Boeing 717,Boeing 717
1094693.jpg,Airbus,A340,A340-300
1094916.jpg,Beechcraft,Beechcraft 1900,Beechcraft 1900
1094917.jpg,McDonnell Douglas,DC-9,DC-9-30
1095184.jpg,Cessna,Cessna Citation,Cessna 525
1095198.jpg,Beechcraft,King Air,Model B200
1095342.jpg,McDonnell Douglas,MD-80,MD-80
1095664.jpg,Dassault Aviation,Falcon 2000,Falcon 2000
1095671.jpg,McDonnell Douglas,MD-80,MD-80
1095676.jpg,Boeing,Boeing 777,777-200
1095701.jpg,ATR,ATR-42,ATR-42
1097300.jpg,de Havilland,Dash 8,DHC-8-100
1097302.jpg,Boeing,Boeing 767,767-400
1097303.jpg,Tupolev,Tu-154,Tu-154
1097486.jpg,Airbus,A340,A340-200
1097907.jpg,Airbus,A320,A319
1097975.jpg,Boeing,Boeing 747,747-300
1098395.jpg,Canadair,Challenger 600,Challenger 600
1098609.jpg,Gulfstream Aerospace,Gulfstream,Gulfstream V
1098896.jpg,Antonov,An-12,An-12
1098953.jpg,Boeing,Boeing 747,747-400
1098956.jpg,Boeing,Boeing 717,Boeing 717
1098958.jpg,Airbus,A340,A340-200
1099011.jpg,British Aerospace,BAE-125,BAE-125
1099167.jpg,Antonov,An-12,An-12
1099168.jpg,Canadair,Challenger 600,Challenger 600
1099212.jpg,Boeing,Boeing 777,777-300
1099216.jpg,Boeing,Boeing 747,747-300
1099217.jpg,Lockheed Corporation,L-1011,L-1011
1099245.jpg,Boeing,Boeing 747,747-100
1099308.jpg,Fokker,Fokker 70,Fokker 70
1099443.jpg,McDonnell Douglas,MD-80,MD-87
1099957.jpg,Fokker,Fokker 50,Fokker 50
1100234.jpg,Boeing,Boeing 737,737-300
1100236.jpg,Douglas Aircraft Company,C-47,C-47
1100462.jpg,British Aerospace,BAE 146,BAE 146-300
1100466.jpg,Canadair,CRJ-700,CRJ-700
1100739.jpg,Gulfstream Aerospace,Gulfstream,Gulfstream IV
1101613.jpg,Beechcraft,King Air,Model B200
1102089.jpg,Boeing,Boeing 737,737-200
1102262.jpg,Boeing,Boeing 717,Boeing 717
1102381.jpg,Airbus,A320,A320
1102454.jpg,Douglas Aircraft Company,C-47,C-47
1102455.jpg,ATR,ATR-72,ATR-72
1102458.jpg,Boeing,Boeing 737,737-400
1102466.jpg,Boeing,Boeing 717,Boeing 717
1103084.jpg,Boeing,Boeing 767,767-400
1103086.jpg,Airbus,A320,A318
1103334.jpg,British Aerospace,BAE 146,BAE 146-300
1103339.jpg,Airbus,A340,A340-500
1103343.jpg,Embraer,Embraer Legacy 600,Embraer Legacy 600
1103348.jpg,Embraer,EMB-120,EMB-120
1103350.jpg,Fokker,Fokker 70,Fokker 70
1103363.jpg,Airbus,A330,A330-200
1103399.jpg,Cessna,Cessna 172,Cessna 172
1103400.jpg,Cessna,Cessna 172,Cessna 172
1103635.jpg,Beechcraft,King Air,Model B200
1103952.jpg,Cessna,Cessna 172,Cessna 172
1104208.jpg,British Aerospace,BAE 146,BAE 146-300
1104662.jpg,Cirrus Aircraft,SR-20,SR-20
1105223.jpg,British Aerospace,Hawk T1,Hawk T1
1105732.jpg,Boeing,Boeing 777,777-300
1105737.jpg,Airbus,A320,A319
1106339.jpg,Boeing,Boeing 737,737-900
1106369.jpg,Supermarine,Spitfire,Spitfire
1106412.jpg,Airbus,A330,A330-200
1106454.jpg,Boeing,Boeing 747,747-300
1106865.jpg,Embraer,Embraer ERJ 145,ERJ 145
1107447.jpg,Airbus,A320,A321
1107746.jpg,McDonnell Douglas,MD-80,MD-80
1107747.jpg,Boeing,Boeing 757,757-200
1107750.jpg,Fokker,Fokker 70,Fokker 70
1109377.jpg,Airbus,A320,A320
1109944.jpg,Canadair,CRJ-700,CRJ-700
1110732.jpg,Embraer,Embraer ERJ 145,ERJ 135
1110733.jpg,Airbus,A340,A340-500
1110734.jpg,Airbus,A340,A340-500
1110774.jpg,ATR,ATR-42,ATR-42
1110775.jpg,Boeing,Boeing 737,737-300
1110779.jpg,Boeing,Boeing 737,737-500
1110803.jpg,McDonnell Douglas,MD-90,MD-90
1110805.jpg,Boeing,Boeing 737,737-200
1110808.jpg,Airbus,A320,A320
1111016.jpg,Gulfstream Aerospace,Gulfstream,Gulfstream IV
1111113.jpg,Airbus,A340,A340-600
1111277.jpg,Airbus,A340,A340-200
1111339.jpg,British Aerospace,BAE 146,BAE 146-200
1111461.jpg,McDonnell Douglas,MD-80,MD-80
1112644.jpg,Boeing,Boeing 767,767-300
1112645.jpg,Airbus,A340,A340-300
1112646.jpg,Piper,PA-28,PA-28
1112805.jpg,McDonnell Douglas,F/A-18,F/A-18
1113089.jpg,Tupolev,Tu-154,Tu-154
1113092.jpg,Airbus,A320,A319
1113208.jpg,McDonnell Douglas,DC-10,DC-10
1113294.jpg,McDonnell Douglas,F/A-18,F/A-18
1113385.jpg,Gulfstream Aerospace,Gulfstream,Gulfstream IV
1113446.jpg,McDonnell Douglas,MD-80,MD-80
1113448.jpg,Yakovlev,Yak-42,Yak-42
1113449.jpg,Canadair,CRJ-700,CRJ-900
1113454.jpg,ATR,ATR-72,ATR-72
1113588.jpg,Airbus,A300,A300B4
1113895.jpg,Airbus,A320,A318
1114210.jpg,Embraer,Embraer ERJ 145,ERJ 145
1115087.jpg,McDonnell Douglas,F/A-18,F/A-18
1115130.jpg,de Havilland,DH-82,DH-82
1115131.jpg,Supermarine,Spitfire,Spitfire
1115161.jpg,Panavia,Tornado,Tornado
1115293.jpg,Boeing,Boeing 737,737-200
1115297.jpg,Boeing,Boeing 737,737-300
1115299.jpg,Fokker,Fokker 50,Fokker 50
1115302.jpg,Douglas Aircraft Company,C-47,C-47
1115308.jpg,Boeing,Boeing 727,727-200
1115392.jpg,Douglas Aircraft Company,DC-3,DC-3
1115393.jpg,Fokker,Fokker 100,Fokker 100
1115400.jpg,Boeing,Boeing 737,737-400
1115404.jpg,Fokker,Fokker 100,Fokker 100
1116281.jpg,ATR,ATR-42,ATR-42
1116410.jpg,Boeing,Boeing 747,747-200
1116482.jpg,Canadair,CRJ-200,CRJ-200
1116484.jpg,Piper,PA-28,PA-28
1117057.jpg,Yakovlev,Yak-42,Yak-42
1117062.jpg,Yakovlev,Yak-42,Yak-42
1117069.jpg,Airbus,A320,A318
1117081.jpg,Boeing,Boeing 737,737-600
1117094.jpg,Fokker,Fokker 50,Fokker 50
1117178.jpg,Supermarine,Spitfire,Spitfire
1117692.jpg,Fokker,Fokker 50,Fokker 50
1118097.jpg,McDonnell Douglas,F/A-18,F/A-18
1118181.jpg,Canadair,CRJ-700,CRJ-700
1118224.jpg,Boeing,Boeing 737,737-300
1119079.jpg,Airbus,A340,A340-500
1119082.jpg,de Havilland,Dash 8,DHC-8-300
1119086.jpg,Saab,Saab 340,Saab 340
1119088.jpg,Antonov,An-12,An-12
1119094.jpg,Boeing,Boeing 737,737-400
1119128.jpg,Airbus,A300,A300B4
1119448.jpg,Douglas Aircraft Company,C-47,C-47
1119461.jpg,McDonnell Douglas,F/A-18,F/A-18
1119476.jpg,de Havilland,DHC-1,DHC-1
1119554.jpg,Piper,PA-28,PA-28
1120136.jpg,McDonnell Douglas,F/A-18,F/A-18
1120190.jpg,Lockheed Martin,F-16,F-16A/B
1120498.jpg,McDonnell Douglas,F/A-18,F/A-18
1121142.jpg,Boeing,Boeing 737,737-700
1121149.jpg,ATR,ATR-42,ATR-42
1121194.jpg,Boeing,Boeing 777,777-200
1121273.jpg,de Havilland,Dash 8,DHC-8-300
1122271.jpg,Saab,Saab 2000,Saab 2000
1122464.jpg,Boeing,Boeing 757,757-300
1122472.jpg,ATR,ATR-42,ATR-42
1122540.jpg,McDonnell Douglas,MD-11,MD-11
1122575.jpg,Dornier,Dornier 328,Dornier 328
1122577.jpg,Saab,Saab 2000,Saab 2000
1122579.jpg,Airbus,A340,A340-600
1122585.jpg,Airbus,A340,A340-300
1122803.jpg,Fairchild,Metroliner,Metroliner
1122822.jpg,Dornier,Dornier 328,Dornier 328
1123299.jpg,McDonnell Douglas,MD-11,MD-11
1123364.jpg,Boeing,Boeing 757,757-200
1123669.jpg,Lockheed Martin,F-16,F-16A/B
1124054.jpg,Antonov,An-12,An-12
1124077.jpg,Ilyushin,Il-76,Il-76
1124247.jpg,Boeing,Boeing 747,747-300
1124487.jpg,Boeing,Boeing 757,757-200
1124489.jpg,Dornier,Dornier 328,Dornier 328
1124533.jpg,Embraer,Embraer ERJ 145,ERJ 135
1124590.jpg,Cessna,Cessna Citation,Cessna 525
1124594.jpg,British Aerospace,BAE-125,BAE-125
1124600.jpg,Embraer,Embraer E-Jet,E-170
1124972.jpg,Canadair,CRJ-700,CRJ-900
1124999.jpg,Fokker,Fokker 50,Fokker 50
1125617.jpg,Gulfstream Aerospace,Gulfstream,Gulfstream IV
1125619.jpg,Cessna,Cessna 172,Cessna 172
1125696.jpg,McDonnell Douglas,F/A-18,F/A-18
1125994.jpg,Cessna,Cessna 172,Cessna 172
1125997.jpg,Panavia,Tornado,Tornado
1126453.jpg,Dassault Aviation,Falcon 900,Falcon 900
1126460.jpg,Cessna,Cessna 172,Cessna 172
1126465.jpg,Cessna,Cessna 172,Cessna 172
1126468.jpg,Yakovlev,Yak-42,Yak-42
1126597.jpg,Cessna,Cessna 172,Cessna 172
1127082.jpg,Airbus,A310,A310
1127319.jpg,Fokker,Fokker 50,Fokker 50
1127995.jpg,Boeing,Boeing 767,767-400
1129148.jpg,Airbus,A320,A321
1129151.jpg,Embraer,Embraer ERJ 145,ERJ 135
1129244.jpg,Boeing,Boeing 737,737-600
1129248.jpg,Fokker,Fokker 70,Fokker 70
1129974.jpg,Beechcraft,Beechcraft 1900,Beechcraft 1900
1131594.jpg,McDonnell Douglas,F/A-18,F/A-18
1132237.jpg,Canadair,Challenger 600,Challenger 600
1132238.jpg,Fokker,Fokker 50,Fokker 50
1132242.jpg,Embraer,Embraer E-Jet,E-170
1132269.jpg,Boeing,Boeing 747,747-300
1132271.jpg,Airbus,A310,A310
1133077.jpg,Boeing,Boeing 737,737-900
1133135.jpg,British Aerospace,BAE 146,BAE 146-200
1133481.jpg,McDonnell Douglas,F/A-18,F/A-18
1133482.jpg,McDonnell Douglas,MD-90,MD-90
1133613.jpg,McDonnell Douglas,DC-10,DC-10
1133684.jpg,Boeing,Boeing 737,737-900
1133688.jpg,Fokker,Fokker 100,Fokker 100
1133885.jpg,Fokker,Fokker 100,Fokker 100
1134122.jpg,Boeing,Boeing 767,767-400
1135019.jpg,Supermarine,Spitfire,Spitfire
1135124.jpg,Fairchild,Metroliner,Metroliner
1135129.jpg,Boeing,Boeing 767,767-300
1135502.jpg,Airbus,A300,A300B4
1135961.jpg,Cessna,Cessna Citation,Cessna 525
1136119.jpg,Airbus,A340,A340-200
1136120.jpg,de Havilland,Dash 8,DHC-8-100
1136122.jpg,Saab,Saab 340,Saab 340
1136124.jpg,Boeing,Boeing 737,737-800
1136154.jpg,Airbus,A340,A340-500
1136155.jpg,Fairchild,Metroliner,Metroliner
1137003.jpg,Tupolev,Tu-154,Tu-154
1137368.jpg,Embraer,Embraer Legacy 600,Embraer Legacy 600
1137626.jpg,Boeing,Boeing 747,747-300
1137703.jpg,Fokker,Fokker 50,Fokker 50
1137740.jpg,Boeing,Boeing 747,747-200
1137743.jpg,Canadair,CRJ-700,CRJ-700
1137745.jpg,Fokker,Fokker 50,Fokker 50
1138890.jpg,Boeing,Boeing 767,767-400
1139712.jpg,Boeing,Boeing 747,747-400
1139750.jpg,Airbus,A320,A320
1139751.jpg,Boeing,Boeing 737,737-700
1139754.jpg,Airbus,A340,A340-600
1139794.jpg,Airbus,A330,A330-300
1139864.jpg,Douglas Aircraft Company,DC-3,DC-3
1140416.jpg,Tupolev,Tu-134,Tu-134
1141657.jpg,Gulfstream Aerospace,Gulfstream,Gulfstream V
1141849.jpg,McDonnell Douglas,MD-80,MD-87
1142348.jpg,Saab,Saab 340,Saab 340
1142892.jpg,Canadair,CRJ-700,CRJ-900
1142906.jpg,Boeing,Boeing 737,737-800
1143126.jpg,Boeing,Boeing 737,737-700
1143131.jpg,Boeing,Boeing 777,777-200
1143132.jpg,Boeing,Boeing 737,737-200
1143133.jpg,Airbus,A330,A330-200
1143409.jpg,Boeing,Boeing 747,747-400
1143413.jpg,Boeing,Boeing 767,767-300
1143414.jpg,ATR,ATR-42,ATR-42
1143418.jpg,Embraer,EMB-120,EMB-120
1143419.jpg,de Havilland,Dash 8,DHC-8-300
1143441.jpg,Boeing,Boeing 737,737-700
1143606.jpg,de Havilland,Dash 8,DHC-8-300
1144107.jpg,Dassault Aviation,Falcon 2000,Falcon 2000
1144110.jpg,Lockheed Corporation,C-130,C-130
1144436.jpg,de Havilland,Dash 8,DHC-8-300
1144556.jpg,Antonov,An-12,An-12
1144972.jpg,Beechcraft,King Air,Model B200
1145144.jpg,Boeing,Boeing 747,747-100
1145151.jpg,Embraer,Embraer E-Jet,E-170
1145204.jpg,Boeing,Boeing 747,747-300
1145212.jpg,McDonnell Douglas,MD-11,MD-11
1145214.jpg,Saab,Saab 2000,Saab 2000
1145215.jpg,Boeing,Boeing 777,777-200
1146021.jpg,Boeing,Boeing 737,737-800
1146034.jpg,Boeing,Boeing 737,737-800
1146067.jpg,de Havilland,Dash 8,DHC-8-300
1146068.jpg,Boeing,Boeing 717,Boeing 717
1146069.jpg,Cessna,Cessna 208,Cessna 208
1146070.jpg,Cessna,Cessna 208,Cessna 208
1146071.jpg,Fairchild,Metroliner,Metroliner
1146072.jpg,Fairchild,Metroliner,Metroliner
1146074.jpg,Fairchild,Metroliner,Metroliner
1146172.jpg,Boeing,Boeing 747,747-400
1146174.jpg,Airbus,A330,A330-300
1146225.jpg,Antonov,An-12,An-12
1146228.jpg,Boeing,Boeing 767,767-300
1146230.jpg,Fokker,Fokker 100,Fokker 100
1146233.jpg,Boeing,Boeing 777,777-200
1146236.jpg,Boeing,Boeing 737,737-300
1146631.jpg,Boeing,Boeing 757,757-300
1147739.jpg,Boeing,Boeing 737,737-500
1147741.jpg,British Aerospace,BAE 146,BAE 146-300
1147907.jpg,Douglas Aircraft Company,C-47,C-47
1148012.jpg,Douglas Aircraft Company,DC-8,DC-8
1148180.jpg,Boeing,Boeing 707,707-320
1148185.jpg,Cessna,Cessna Citation,Cessna 525
1148366.jpg,Airbus,A330,A330-200
1148553.jpg,Piper,PA-28,PA-28
1148895.jpg,Fokker,Fokker 70,Fokker 70
1149050.jpg,Fokker,Fokker 100,Fokker 100
1149051.jpg,Embraer,EMB-120,EMB-120
1149052.jpg,de Havilland,Dash 8,DHC-8-100
1149056.jpg,McDonnell Douglas,MD-80,MD-80
1149058.jpg,Saab,Saab 340,Saab 340
1149060.jpg,Boeing,Boeing 727,727-200
1149062.jpg,Douglas Aircraft Company,C-47,C-47
1149063.jpg,Boeing,Boeing 717,Boeing 717
1149064.jpg,de Havilland,Dash 8,DHC-8-100
1149065.jpg,Yakovlev,Yak-42,Yak-42
1149067.jpg,Airbus,A330,A330-300
1149068.jpg,Boeing,Boeing 747,747-300
1149069.jpg,Douglas Aircraft Company,C-47,C-47
1149116.jpg,ATR,ATR-42,ATR-42
1149347.jpg,Fokker,Fokker 100,Fokker 100
1149855.jpg,Boeing,Boeing 747,747-300
1149871.jpg,Boeing,Boeing 737,737-500
1149969.jpg,Airbus,A310,A310
1150085.jpg,Robin,DR-400,DR-400
1150188.jpg,Boeing,Boeing 757,757-300
1151616.jpg,Canadair,Challenger 600,Challenger 600
1151729.jpg,British Aerospace,Hawk T1,Hawk T1
1151753.jpg,Robin,DR-400,DR-400
1151759.jpg,Airbus,A320,A318
1151769.jpg,Piper,PA-28,PA-28
1151884.jpg,Saab,Saab 2000,Saab 2000
1152062.jpg,Lockheed Corporation,C-130,C-130
1152126.jpg,Fokker,Fokker 70,Fokker 70
1152152.jpg,British Aerospace,BAE 146,BAE 146-300
1152153.jpg,Boeing,Boeing 757,757-300
1152155.jpg,Canadair,CRJ-700,CRJ-700
1152214.jpg,de Havilland,DHC-1,DHC-1
1152266.jpg,Boeing,Boeing 707,707-320
1152283.jpg,Airbus,A340,A340-500
1152495.jpg,Beechcraft,King Air,Model B200
1152739.jpg,Boeing,Boeing 737,737-200
1152778.jpg,Dornier,Dornier 328,Dornier 328
1153404.jpg,McDonnell Douglas,DC-10,DC-10
1154492.jpg,Antonov,An-12,An-12
1154577.jpg,McDonnell Douglas,MD-90,MD-90
1154647.jpg,Airbus,A310,A310
1154702.jpg,Airbus,A320,A321
1154703.jpg,Dassault Aviation,Falcon 2000,Falcon 2000
1154890.jpg,McDonnell Douglas,MD-11,MD-11
1154960.jpg,Dassault Aviation,Falcon 900,Falcon 900
1155014.jpg,Canadair,CRJ-700,CRJ-900
1155017.jpg,Boeing,Boeing 757,757-200
1155023.jpg,Fairchild,Metroliner,Metroliner
1155366.jpg,Ilyushin,Il-76,Il-76
1155836.jpg,Cessna,Cessna 208,Cessna 208
1155928.jpg,Fairchild,Metroliner,Metroliner
1156006.jpg,Cessna,Cessna 208,Cessna 208
1156456.jpg,Embraer,Embraer ERJ 145,ERJ 145
1156768.jpg,Boeing,Boeing 757,757-300
1156842.jpg,Embraer,Embraer ERJ 145,ERJ 145
1157233.jpg,Embraer,EMB-120,EMB-120
1157334.jpg,ATR,ATR-72,ATR-72
1157371.jpg,Embraer,Embraer ERJ 145,ERJ 135
1158113.jpg,British Aerospace,BAE 146,BAE 146-200
1158131.jpg,Bombardier Aerospace,Global Express,Global Express
1158235.jpg,McDonnell Douglas,DC-9,DC-9-30
1158249.jpg,Dassault Aviation,Falcon 2000,Falcon 2000
1158325.jpg,Cessna,Cessna 208,Cessna 208
1158328.jpg,Cessna,Cessna Citation,Cessna 560
1158360.jpg,Beechcraft,King Air,Model B200
1158363.jpg,Cessna,Cessna 208,Cessna 208
1158365.jpg,Canadair,Challenger 600,Challenger 600
1158402.jpg,Cessna,Cessna 208,Cessna 208
1158571.jpg,Beechcraft,Beechcraft 1900,Beechcraft 1900
1158572.jpg,de Havilland,DHC-6,DHC-6
1158573.jpg,de Havilland,DHC-6,DHC-6
1158575.jpg,Dassault Aviation,Falcon 2000,Falcon 2000
1158577.jpg,Cessna,Cessna Citation,Cessna 560
1158578.jpg,British Aerospace,BAE-125,BAE-125
1158579.jpg,Gulfstream Aerospace,Gulfstream,Gulfstream IV
1158825.jpg,Dassault Aviation,Falcon 2000,Falcon 2000
1159084.jpg,Piper,PA-28,PA-28
1159626.jpg,British Aerospace,BAE 146,BAE 146-200
1160955.jpg,Boeing,Boeing 757,757-200
1161004.jpg,Boeing,Boeing 747,747-300
1161284.jpg,Piper,PA-28,PA-28
1161492.jpg,de Havilland,DH-82,DH-82
1161496.jpg,de Havilland,DHC-1,DHC-1
1161624.jpg,Airbus,A300,A300B4
1161655.jpg,Tupolev,Tu-154,Tu-154
1161742.jpg,British Aerospace,Hawk T1,Hawk T1
1161864.jpg,Embraer,Embraer ERJ 145,ERJ 135
1161939.jpg,Piper,PA-28,PA-28
1162457.jpg,Robin,DR-400,DR-400
1162893.jpg,Gulfstream Aerospace,Gulfstream,Gulfstream IV
1162898.jpg,Embraer,Embraer ERJ 145,ERJ 135
1162919.jpg,Saab,Saab 2000,Saab 2000
1163044.jpg,Boeing,Boeing 747,747-100
1163454.jpg,Fokker,Fokker 70,Fokker 70
1163471.jpg,Beechcraft,King Air,Model B200
1163473.jpg,Saab,Saab 340,Saab 340
1163484.jpg,Boeing,Boeing 737,737-400
1163499.jpg,Douglas Aircraft Company,DC-8,DC-8
1163792.jpg,Boeing,Boeing 737,737-400
1163793.jpg,Boeing,Boeing 737,737-500
1163810.jpg,Antonov,An-12,An-12
1163812.jpg,Canadair,CRJ-700,CRJ-900
1163859.jpg,Gulfstream Aerospace,Gulfstream,Gulfstream IV
1163997.jpg,Embraer,Embraer Legacy 600,Embraer Legacy 600
1163998.jpg,Airbus,A300,A300B4
1163999.jpg,Embraer,Embraer E-Jet,E-195
1164220.jpg,Tupolev,Tu-154,Tu-154
1164431.jpg,Lockheed Corporation,L-1011,L-1011
1164553.jpg,Ilyushin,Il-76,Il-76
1164960.jpg,Ilyushin,Il-76,Il-76
1164982.jpg,Cessna,Cessna 172,Cessna 172
1165045.jpg,Boeing,Boeing 737,737-600
1165189.jpg,Airbus,A320,A318
1165384.jpg,Airbus,A320,A318
1165651.jpg,McDonnell Douglas,DC-9,DC-9-30
1165767.jpg,Boeing,Boeing 767,767-400
1166589.jpg,Gulfstream Aerospace,Gulfstream,Gulfstream V
1166761.jpg,Tupolev,Tu-134,Tu-134
1167265.jpg,Douglas Aircraft Company,C-47,C-47
1167955.jpg,Supermarine,Spitfire,Spitfire
1168016.jpg,Fairchild,Metroliner,Metroliner
1168209.jpg,Airbus,A340,A340-500
1168287.jpg,Saab,Saab 2000,Saab 2000
1168408.jpg,Cirrus Aircraft,SR-20,SR-20
1168411.jpg,Cessna,Cessna Citation,Cessna 560
1168799.jpg,Embraer,EMB-120,EMB-120
1168800.jpg,Douglas Aircraft Company,DC-8,DC-8
1169300.jpg,Cessna,Cessna 208,Cessna 208
1169470.jpg,British Aerospace,BAE 146,BAE 146-300
1169718.jpg,Airbus,A320,A319
1169726.jpg,de Havilland,Dash 8,DHC-8-100
1169797.jpg,Embraer,Embraer Legacy 600,Embraer Legacy 600
1169799.jpg,Boeing,Boeing 747,747-300
1169898.jpg,de Havilland,DHC-6,DHC-6
1169899.jpg,ATR,ATR-42,ATR-42
1169900.jpg,Boeing,Boeing 727,727-200
1169979.jpg,Embraer,Embraer E-Jet,E-170
1170071.jpg,Cessna,Cessna 172,Cessna 172
1170134.jpg,Embraer,EMB-120,EMB-120
1170135.jpg,Supermarine,Spitfire,Spitfire
1170152.jpg,Embraer,Embraer ERJ 145,ERJ 145
1170309.jpg,Piper,PA-28,PA-28
1170880.jpg,Gulfstream Aerospace,Gulfstream,Gulfstream V
1172046.jpg,Airbus,A320,A319
1172147.jpg,de Havilland,DHC-1,DHC-1
1172324.jpg,Airbus,A320,A319
1172360.jpg,Cessna,Cessna 172,Cessna 172
1172651.jpg,Embraer,Embraer ERJ 145,ERJ 135
1173007.jpg,de Havilland,DHC-6,DHC-6
1173014.jpg,Gulfstream Aerospace,Gulfstream,Gulfstream IV
1173016.jpg,Boeing,Boeing 757,757-200
1173450.jpg,Boeing,Boeing 737,737-700
1173801.jpg,Boeing,Boeing 747,747-400
1173868.jpg,Supermarine,Spitfire,Spitfire
1173944.jpg,Bombardier Aerospace,Global Express,Global Express
1173946.jpg,Airbus,A340,A340-200
1173947.jpg,Antonov,An-12,An-12
1174379.jpg,Supermarine,Spitfire,Spitfire
1174475.jpg,Panavia,Tornado,Tornado
1175264.jpg,Boeing,Boeing 757,757-200
1176910.jpg,Embraer,Embraer E-Jet,E-195
1176914.jpg,Yakovlev,Yak-42,Yak-42
1176947.jpg,Yakovlev,Yak-42,Yak-42
1176949.jpg,Airbus,A320,A320
1176955.jpg,Yakovlev,Yak-42,Yak-42
1176958.jpg,McDonnell Douglas,MD-90,MD-90
1177223.jpg,Embraer,Embraer Legacy 600,Embraer Legacy 600
1177272.jpg,de Havilland,DHC-1,DHC-1
1177369.jpg,McDonnell Douglas,MD-80,MD-87
1177940.jpg,Dassault Aviation,Falcon 900,Falcon 900
1177961.jpg,Tupolev,Tu-154,Tu-154
1178011.jpg,Airbus,A320,A319
1178071.jpg,Lockheed Corporation,L-1011,L-1011
1178738.jpg,Antonov,An-12,An-12
1179294.jpg,Piper,PA-28,PA-28
1179713.jpg,Boeing,Boeing 777,777-300
1179867.jpg,Tupolev,Tu-154,Tu-154
1180142.jpg,Boeing,Boeing 777,777-200
1180306.jpg,Supermarine,Spitfire,Spitfire
1181138.jpg,Embraer,Embraer E-Jet,E-170
1182360.jpg,Boeing,Boeing 767,767-400
1182363.jpg,Embraer,EMB-120,EMB-120
1182368.jpg,Boeing,Boeing 767,767-200
1182369.jpg,Airbus,A330,A330-300
1182656.jpg,Bombardier Aerospace,Global Express,Global Express
1182683.jpg,Canadair,CRJ-200,CRJ-200
1182715.jpg,Tupolev,Tu-134,Tu-134
1183804.jpg,Dassault Aviation,Falcon 900,Falcon 900
1184706.jpg,Antonov,An-12,An-12
1184708.jpg,Airbus,A330,A330-200
1184711.jpg,McDonnell Douglas,MD-11,MD-11
1184782.jpg,Canadair,CRJ-700,CRJ-900
1185069.jpg,Airbus,A320,A318
1185509.jpg,Tupolev,Tu-154,Tu-154
1186578.jpg,Douglas Aircraft Company,C-47,C-47
1186579.jpg,Embraer,Embraer ERJ 145,ERJ 145
1186594.jpg,Cessna,Cessna 208,Cessna 208
1186595.jpg,Canadair,CRJ-700,CRJ-700
1186987.jpg,British Aerospace,BAE-125,BAE-125
1187247.jpg,Dassault Aviation,Falcon 900,Falcon 900
1187417.jpg,Saab,Saab 2000,Saab 2000
1187429.jpg,McDonnell Douglas,DC-10,DC-10
1187431.jpg,Boeing,Boeing 707,707-320
1187709.jpg,Boeing,Boeing 737,737-200
1187784.jpg,Boeing,Boeing 707,707-320
1187867.jpg,Tupolev,Tu-134,Tu-134
1187963.jpg,de Havilland,Dash 8,DHC-8-100
1188038.jpg,British Aerospace,BAE 146,BAE 146-300
1188112.jpg,de Havilland,Dash 8,DHC-8-300
1188130.jpg,Embraer,Embraer ERJ 145,ERJ 145
1188170.jpg,Airbus,A320,A321
1188309.jpg,Piper,PA-28,PA-28
1188390.jpg,Boeing,Boeing 727,727-200
1189268.jpg,Boeing,Boeing 737,737-200
1189508.jpg,Embraer,Embraer Legacy 600,Embraer Legacy 600
1189521.jpg,Boeing,Boeing 737,737-900
1189525.jpg,Canadair,CRJ-700,CRJ-700
1190643.jpg,McDonnell Douglas,DC-9,DC-9-30
1190655.jpg,Fokker,Fokker 70,Fokker 70
1190656.jpg,McDonnell Douglas,DC-10,DC-10
1190718.jpg,Boeing,Boeing 737,737-800
1191062.jpg,Boeing,Boeing 767,767-300
1191065.jpg,Boeing,Boeing 777,777-300
1191117.jpg,Airbus,A320,A318
1191125.jpg,Saab,Saab 2000,Saab 2000
1191244.jpg,Bombardier Aerospace,Global Express,Global Express
1191359.jpg,Boeing,Boeing 707,707-320
1191372.jpg,de Havilland,DHC-1,DHC-1
1192103.jpg,de Havilland,Dash 8,DHC-8-100
1192172.jpg,British Aerospace,Hawk T1,Hawk T1
1192235.jpg,British Aerospace,BAE 146,BAE 146-200
1192237.jpg,Boeing,Boeing 727,727-200
1192627.jpg,Beechcraft,King Air,Model B200
1192640.jpg,Lockheed Corporation,L-1011,L-1011
1192642.jpg,Boeing,Boeing 737,737-700
1192654.jpg,Canadair,CRJ-200,CRJ-200
1192657.jpg,Beechcraft,Beechcraft 1900,Beechcraft 1900
1193030.jpg,British Aerospace,BAE 146,BAE 146-200
1193361.jpg,Airbus,A330,A330-200
1193562.jpg,Beechcraft,King Air,Model B200
1193564.jpg,de Havilland,DH-82,DH-82
1193567.jpg,Douglas Aircraft Company,DC-8,DC-8
1193586.jpg,de Havilland,DH-82,DH-82
1193587.jpg,Boeing,Boeing 707,707-320
1193603.jpg,Airbus,A320,A321
1193890.jpg,McDonnell Douglas,MD-80,MD-80
1194001.jpg,Cessna,Cessna 172,Cessna 172
1194329.jpg,Lockheed Corporation,L-1011,L-1011
1194330.jpg,Douglas Aircraft Company,DC-8,DC-8
1194421.jpg,Airbus,A340,A340-300
1194590.jpg,McDonnell Douglas,MD-80,MD-87
1194597.jpg,Dassault Aviation,Falcon 2000,Falcon 2000
1194995.jpg,de Havilland,Dash 8,DHC-8-100
1195232.jpg,Airbus,A380,A380
1195235.jpg,de Havilland,DH-82,DH-82
1195238.jpg,Supermarine,Spitfire,Spitfire
1195442.jpg,McDonnell Douglas,DC-10,DC-10
1195650.jpg,Airbus,A310,A310
1195674.jpg,Lockheed Corporation,C-130,C-130
1195689.jpg,Gulfstream Aerospace,Gulfstream,Gulfstream IV
1196354.jpg,de Havilland,DHC-1,DHC-1
1196360.jpg,Boeing,Boeing 737,737-300
1196786.jpg,Canadair,CRJ-200,CRJ-200
1196802.jpg,Lockheed Corporation,C-130,C-130
1196995.jpg,Lockheed Martin,F-16,F-16A/B
1196996.jpg,McDonnell Douglas,DC-9,DC-9-30
1197109.jpg,McDonnell Douglas,MD-80,MD-87
1197194.jpg,McDonnell Douglas,MD-80,MD-80
1197204.jpg,McDonnell Douglas,DC-9,DC-9-30
1197395.jpg,Boeing,Boeing 727,727-200
1198137.jpg,Canadair,CRJ-700,CRJ-700
1198138.jpg,Dassault Aviation,Falcon 2000,Falcon 2000
1198329.jpg,Gulfstream Aerospace,Gulfstream,Gulfstream IV
1198418.jpg,Antonov,An-12,An-12
1198431.jpg,McDonnell Douglas,MD-80,MD-87
1198694.jpg,McDonnell Douglas,DC-9,DC-9-30
1199327.jpg,Boeing,Boeing 707,707-320
1200336.jpg,Fokker,Fokker 50,Fokker 50
1200441.jpg,Robin,DR-400,DR-400
1200647.jpg,Airbus,A310,A310
1200648.jpg,Boeing,Boeing 747,747-200
1200650.jpg,Lockheed Corporation,L-1011,L-1011
1200651.jpg,Boeing,Boeing 757,757-200
1200712.jpg,Boeing,Boeing 747,747-400
1200888.jpg,Bombardier Aerospace,Global Express,Global Express
1200890.jpg,Embraer,Embraer Legacy 600,Embraer Legacy 600
1201556.jpg,Airbus,A340,A340-600
1201875.jpg,Dassault Aviation,Falcon 2000,Falcon 2000
1201877.jpg,Douglas Aircraft Company,DC-8,DC-8
1202048.jpg,Boeing,Boeing 747,747-300
1202350.jpg,Lockheed Corporation,C-130,C-130
1202520.jpg,Ilyushin,Il-76,Il-76
1202541.jpg,Dornier,Dornier 328,Dornier 328
1203083.jpg,McDonnell Douglas,MD-90,MD-90
1203397.jpg,British Aerospace,Hawk T1,Hawk T1
1203398.jpg,British Aerospace,Hawk T1,Hawk T1
1203670.jpg,Yakovlev,Yak-42,Yak-42
1204178.jpg,Boeing,Boeing 747,747-400
1204180.jpg,McDonnell Douglas,MD-80,MD-87
1204183.jpg,Fokker,Fokker 70,Fokker 70
1204184.jpg,Canadair,CRJ-200,CRJ-200
1204185.jpg,Embraer,Embraer Legacy 600,Embraer Legacy 600
1204209.jpg,Canadair,CRJ-700,CRJ-900
1204260.jpg,Embraer,Embraer ERJ 145,ERJ 135
1204263.jpg,Boeing,Boeing 757,757-300
1204271.jpg,Boeing,Boeing 717,Boeing 717
1204296.jpg,Airbus,A340,A340-600
1204566.jpg,Canadair,CRJ-200,CRJ-200
1204567.jpg,Tupolev,Tu-154,Tu-154
1204728.jpg,Fokker,Fokker 50,Fokker 50
1205178.jpg,Airbus,A340,A340-500
1205272.jpg,Airbus,A340,A340-500
1206350.jpg,Fokker,Fokker 50,Fokker 50
1206352.jpg,Embraer,Embraer Legacy 600,Embraer Legacy 600
1206413.jpg,Canadair,CRJ-200,CRJ-200
1206417.jpg,Embraer,Embraer Legacy 600,Embraer Legacy 600
1206451.jpg,Boeing,Boeing 777,777-200
1206453.jpg,Airbus,A340,A340-600
1206458.jpg,Canadair,CRJ-700,CRJ-700
1206539.jpg,Airbus,A340,A340-500
1206755.jpg,Boeing,Boeing 747,747-300
1206825.jpg,Dassault Aviation,Falcon 900,Falcon 900
1207125.jpg,Boeing,Boeing 757,757-200
1207261.jpg,Airbus,A320,A321
1207591.jpg,Boeing,Boeing 707,707-320
1207599.jpg,Fokker,Fokker 70,Fokker 70
1208469.jpg,Fokker,Fokker 100,Fokker 100
1208470.jpg,McDonnell Douglas,MD-80,MD-80
1209677.jpg,Dassault Aviation,Falcon 2000,Falcon 2000
1210455.jpg,Saab,Saab 340,Saab 340
1210459.jpg,British Aerospace,BAE 146,BAE 146-300
1210463.jpg,Airbus,A340,A340-200
1210465.jpg,Embraer,Embraer Legacy 600,Embraer Legacy 600
1210469.jpg,Bombardier Aerospace,Global Express,Global Express
1210495.jpg,Embraer,Embraer ERJ 145,ERJ 135
1210745.jpg,Embraer,Embraer E-Jet,E-195
1211088.jpg,Boeing,Boeing 767,767-300
1211309.jpg,Airbus,A320,A320
1211875.jpg,Airbus,A330,A330-300
1212012.jpg,Boeing,Boeing 747,747-400
1212178.jpg,British Aerospace,BAE 146,BAE 146-200
1212753.jpg,Boeing,Boeing 737,737-600
1213050.jpg,Boeing,Boeing 757,757-300
1213100.jpg,Dassault Aviation,Falcon 900,Falcon 900
1213738.jpg,Dornier,Dornier 328,Dornier 328
1214893.jpg,Cessna,Cessna Citation,Cessna 525
1215240.jpg,Cessna,Cessna 172,Cessna 172
1215384.jpg,Boeing,Boeing 737,737-600
1215395.jpg,Boeing,Boeing 727,727-200
1215515.jpg,Gulfstream Aerospace,Gulfstream,Gulfstream V
1215875.jpg,Cessna,Cessna 208,Cessna 208
1216150.jpg,ATR,ATR-72,ATR-72
1216468.jpg,Dassault Aviation,Falcon 2000,Falcon 2000
1216713.jpg,Piper,PA-28,PA-28
1216716.jpg,Boeing,Boeing 737,737-500
1216808.jpg,British Aerospace,BAE-125,BAE-125
1217071.jpg,Cessna,Cessna 208,Cessna 208
1217074.jpg,Cessna,Cessna 172,Cessna 172
1217239.jpg,Piper,PA-28,PA-28
1217294.jpg,Embraer,Embraer ERJ 145,ERJ 135
1218277.jpg,Panavia,Tornado,Tornado
1218546.jpg,ATR,ATR-42,ATR-42
1218560.jpg,Tupolev,Tu-154,Tu-154
1218624.jpg,Airbus,A320,A321
1218795.jpg,Airbus,A320,A321
1218924.jpg,Airbus,A340,A340-600
1218928.jpg,Airbus,A340,A340-500
1218930.jpg,McDonnell Douglas,MD-90,MD-90
1218932.jpg,Bombardier Aerospace,Global Express,Global Express
1219250.jpg,Saab,Saab 2000,Saab 2000
1219389.jpg,de Havilland,Dash 8,DHC-8-300
1220155.jpg,Eurofighter,Eurofighter Typhoon,Eurofighter Typhoon
1220586.jpg,ATR,ATR-42,ATR-42
1220713.jpg,Fokker,Fokker 100,Fokker 100
1220934.jpg,British Aerospace,BAE-125,BAE-125
1221335.jpg,Canadair,CRJ-700,CRJ-900
1221605.jpg,McDonnell Douglas,MD-80,MD-80
1221649.jpg,Airbus,A340,A340-200
1221753.jpg,Boeing,Boeing 757,757-300
1221755.jpg,Cessna,Cessna 172,Cessna 172
1221957.jpg,Airbus,A320,A320
1222076.jpg,Airbus,A320,A319
1222169.jpg,ATR,ATR-72,ATR-72
1222170.jpg,Boeing,Boeing 737,737-700
1222195.jpg,Embraer,EMB-120,EMB-120
1222203.jpg,Boeing,Boeing 737,737-300
1222395.jpg,de Havilland,Dash 8,DHC-8-100
1222396.jpg,Boeing,Boeing 767,767-200
1222601.jpg,Airbus,A320,A321
1222772.jpg,Douglas Aircraft Company,C-47,C-47
1222820.jpg,de Havilland,DH-82,DH-82
1222822.jpg,Airbus,A320,A318
1222829.jpg,Robin,DR-400,DR-400
1223042.jpg,Boeing,Boeing 767,767-300
1223202.jpg,Robin,DR-400,DR-400
1223291.jpg,Airbus,A310,A310
1223334.jpg,Airbus,A340,A340-200
1223342.jpg,Canadair,Challenger 600,Challenger 600
1223344.jpg,McDonnell Douglas,MD-90,MD-90
1223346.jpg,ATR,ATR-72,ATR-72
1223347.jpg,Embraer,Embraer ERJ 145,ERJ 135
1223416.jpg,Dassault Aviation,Falcon 2000,Falcon 2000
1223418.jpg,British Aerospace,BAE 146,BAE 146-300
1223793.jpg,Eurofighter,Eurofighter Typhoon,Eurofighter Typhoon
1223796.jpg,Panavia,Tornado,Tornado
1223797.jpg,Lockheed Martin,F-16,F-16A/B
1223923.jpg,Panavia,Tornado,Tornado
1223924.jpg,Lockheed Martin,F-16,F-16A/B
1223995.jpg,Lockheed Martin,F-16,F-16A/B
1224263.jpg,Boeing,Boeing 747,747-100
1224910.jpg,Boeing,Boeing 737,737-500
1225157.jpg,Embraer,Embraer ERJ 145,ERJ 135
1225610.jpg,de Havilland,Dash 8,DHC-8-300
1225644.jpg,Boeing,Boeing 737,737-600
1225993.jpg,Fairchild,Metroliner,Metroliner
1226558.jpg,Embraer,EMB-120,EMB-120
1226606.jpg,Boeing,Boeing 747,747-300
1226609.jpg,McDonnell Douglas,MD-11,MD-11
1226979.jpg,Douglas Aircraft Company,DC-6,DC-6
1227019.jpg,Boeing,Boeing 737,737-300
1227101.jpg,Embraer,Embraer E-Jet,E-170
1227201.jpg,McDonnell Douglas,MD-80,MD-87
1227256.jpg,McDonnell Douglas,MD-80,MD-87
1227260.jpg,Yakovlev,Yak-42,Yak-42
1227422.jpg,McDonnell Douglas,MD-11,MD-11
1227531.jpg,Airbus,A320,A318
1228062.jpg,Cessna,Cessna Citation,Cessna 560
1228462.jpg,Dassault Aviation,Falcon 2000,Falcon 2000
1228463.jpg,Dornier,Dornier 328,Dornier 328
1228464.jpg,British Aerospace,BAE-125,BAE-125
1228882.jpg,Boeing,Boeing 777,777-200
1229599.jpg,Boeing,Boeing 737,737-600
1230040.jpg,Airbus,A380,A380
1230044.jpg,Embraer,Embraer E-Jet,E-170
1230192.jpg,McDonnell Douglas,F/A-18,F/A-18
1230196.jpg,Airbus,A300,A300B4
1230221.jpg,Canadair,Challenger 600,Challenger 600
1230223.jpg,Boeing,Boeing 747,747-200
1230250.jpg,Airbus,A340,A340-600
1230274.jpg,Boeing,Boeing 767,767-200
1230276.jpg,Saab,Saab 340,Saab 340
1230368.jpg,Boeing,Boeing 737,737-400
1230394.jpg,Tupolev,Tu-154,Tu-154
1230396.jpg,ATR,ATR-72,ATR-72
1230443.jpg,Boeing,Boeing 777,777-300
1231108.jpg,Embraer,Embraer E-Jet,E-170
1231168.jpg,Airbus,A320,A321
1231196.jpg,Airbus,A340,A340-600
1231212.jpg,McDonnell Douglas,MD-80,MD-87
1231578.jpg,Dassault Aviation,Falcon 900,Falcon 900
1231579.jpg,Dassault Aviation,Falcon 900,Falcon 900
1231580.jpg,Piper,PA-28,PA-28
1231746.jpg,Boeing,Boeing 747,747-100
1231945.jpg,McDonnell Douglas,F/A-18,F/A-18
1232268.jpg,Eurofighter,Eurofighter Typhoon,Eurofighter Typhoon
1232270.jpg,Boeing,Boeing 767,767-400
1232502.jpg,Canadair,CRJ-700,CRJ-700
1232503.jpg,Saab,Saab 2000,Saab 2000
1233559.jpg,Boeing,Boeing 747,747-200
1233576.jpg,Boeing,Boeing 747,747-400
1233588.jpg,Bombardier Aerospace,Global Express,Global Express
1233628.jpg,Airbus,A340,A340-600
1234230.jpg,Robin,DR-400,DR-400
1234236.jpg,Cirrus Aircraft,SR-20,SR-20
1234244.jpg,Cessna,Cessna Citation,Cessna 525
1234384.jpg,British Aerospace,BAE-125,BAE-125
1234647.jpg,Boeing,Boeing 777,777-200
1234832.jpg,Airbus,A340,A340-200
1234881.jpg,Airbus,A310,A310
1235148.jpg,Boeing,Boeing 737,737-400
1235480.jpg,Saab,Saab 2000,Saab 2000
1236289.jpg,Douglas Aircraft Company,DC-3,DC-3
1236292.jpg,Embraer,Embraer ERJ 145,ERJ 145
1236355.jpg,Fokker,Fokker 100,Fokker 100
1236361.jpg,Airbus,A340,A340-500
1236365.jpg,Dassault Aviation,Falcon 2000,Falcon 2000
1236413.jpg,Dassault Aviation,Falcon 2000,Falcon 2000
1236463.jpg,Boeing,Boeing 737,737-800
1237253.jpg,Supermarine,Spitfire,Spitfire
1237254.jpg,Supermarine,Spitfire,Spitfire
1237622.jpg,Boeing,Boeing 737,737-800
1237623.jpg,Boeing,Boeing 737,737-400
1237633.jpg,Airbus,A320,A319
1237648.jpg,Beechcraft,King Air,Model B200
1237650.jpg,Boeing,Boeing 737,737-600
1237674.jpg,Boeing,Boeing 747,747-200
1237704.jpg,Canadair,CRJ-700,CRJ-900
1237705.jpg,Boeing,Boeing 767,767-300
1237706.jpg,McDonnell Douglas,MD-90,MD-90
1237717.jpg,Boeing,Boeing 747,747-400
1237798.jpg,de Havilland,DHC-1,DHC-1
1237817.jpg,Douglas Aircraft Company,C-47,C-47
1237861.jpg,Boeing,Boeing 757,757-200
1237863.jpg,Airbus,A330,A330-200
1237866.jpg,Embraer,Embraer ERJ 145,ERJ 135
1238215.jpg,Boeing,Boeing 757,757-200
1238449.jpg,Boeing,Boeing 737,737-700
1239223.jpg,Beechcraft,Beechcraft 1900,Beechcraft 1900
1239225.jpg,Embraer,EMB-120,EMB-120
1239645.jpg,Cessna,Cessna Citation,Cessna 560
1239791.jpg,ATR,ATR-72,ATR-72
1240010.jpg,Panavia,Tornado,Tornado
1240022.jpg,Panavia,Tornado,Tornado
1240215.jpg,Ilyushin,Il-76,Il-76
1240216.jpg,Eurofighter,Eurofighter Typhoon,Eurofighter Typhoon
1240217.jpg,Eurofighter,Eurofighter Typhoon,Eurofighter Typhoon
1240265.jpg,de Havilland,Dash 8,DHC-8-100
1240315.jpg,Airbus,A340,A340-500
1240316.jpg,Saab,Saab 2000,Saab 2000
1240324.jpg,Airbus,A340,A340-300
1240500.jpg,Canadair,CRJ-700,CRJ-700
1240501.jpg,Airbus,A330,A330-200
1240881.jpg,Panavia,Tornado,Tornado
1240934.jpg,Fokker,Fokker 70,Fokker 70
1240939.jpg,Canadair,Challenger 600,Challenger 600
1241521.jpg,Panavia,Tornado,Tornado
1241522.jpg,Airbus,A340,A340-500
1241545.jpg,Supermarine,Spitfire,Spitfire
1242242.jpg,British Aerospace,Hawk T1,Hawk T1
1242253.jpg,Eurofighter,Eurofighter Typhoon,Eurofighter Typhoon
1242658.jpg,Airbus,A320,A318
1243068.jpg,McDonnell Douglas,F/A-18,F/A-18
1243371.jpg,Canadair,CRJ-700,CRJ-700
1243372.jpg,Douglas Aircraft Company,DC-6,DC-6
1243688.jpg,British Aerospace,BAE-125,BAE-125
1244006.jpg,Gulfstream Aerospace,Gulfstream,Gulfstream IV
1244285.jpg,Gulfstream Aerospace,Gulfstream,Gulfstream IV
1244287.jpg,Boeing,Boeing 737,737-800
1244288.jpg,Boeing,Boeing 737,737-700
1244289.jpg,Tupolev,Tu-154,Tu-154
1244306.jpg,Gulfstream Aerospace,Gulfstream,Gulfstream V
1244348.jpg,Boeing,Boeing 747,747-400
1244362.jpg,Lockheed Corporation,C-130,C-130
1244468.jpg,British Aerospace,Hawk T1,Hawk T1
1244620.jpg,Embraer,EMB-120,EMB-120
1244625.jpg,Boeing,Boeing 737,737-600
1244687.jpg,Gulfstream Aerospace,Gulfstream,Gulfstream V
1244756.jpg,British Aerospace,Hawk T1,Hawk T1
1244757.jpg,British Aerospace,Hawk T1,Hawk T1
1244760.jpg,British Aerospace,Hawk T1,Hawk T1
1244762.jpg,British Aerospace,Hawk T1,Hawk T1
1244763.jpg,Supermarine,Spitfire,Spitfire
1244766.jpg,British Aerospace,Hawk T1,Hawk T1
1245051.jpg,Eurofighter,Eurofighter Typhoon,Eurofighter Typhoon
1245209.jpg,Boeing,Boeing 757,757-300
1245215.jpg,Boeing,Boeing 747,747-200
1245276.jpg,Beechcraft,King Air,Model B200
1245559.jpg,Boeing,Boeing 737,737-400
1245562.jpg,Embraer,Embraer E-Jet,E-190
1245887.jpg,Boeing,Boeing 747,747-200
1246013.jpg,Embraer,Embraer ERJ 145,ERJ 145
1246392.jpg,Robin,DR-400,DR-400
1246713.jpg,Canadair,CRJ-700,CRJ-700
1246917.jpg,Lockheed Corporation,C-130,C-130
1246918.jpg,Boeing,Boeing 737,737-900
1246986.jpg,Embraer,EMB-120,EMB-120
1246993.jpg,Boeing,Boeing 777,777-300
1248046.jpg,British Aerospace,Hawk T1,Hawk T1
1248148.jpg,Fokker,Fokker 70,Fokker 70
1249553.jpg,Airbus,A320,A318
1249564.jpg,Canadair,CRJ-700,CRJ-700
1249912.jpg,Cessna,Cessna 172,Cessna 172
1250050.jpg,Airbus,A340,A340-600
1250052.jpg,Dassault Aviation,Falcon 900,Falcon 900
1250249.jpg,Airbus,A340,A340-300
1250251.jpg,Cessna,Cessna 172,Cessna 172
1250523.jpg,Airbus,A340,A340-300
1250763.jpg,Supermarine,Spitfire,Spitfire
1250932.jpg,Lockheed Martin,F-16,F-16A/B
1251094.jpg,Boeing,Boeing 747,747-100
1251098.jpg,Dassault Aviation,Falcon 900,Falcon 900
1251237.jpg,McDonnell Douglas,MD-80,MD-80
1251240.jpg,ATR,ATR-72,ATR-72
1251242.jpg,Bombardier Aerospace,Global Express,Global Express
1251253.jpg,Airbus,A330,A330-300
1251289.jpg,Boeing,Boeing 737,737-300
1251379.jpg,Panavia,Tornado,Tornado
1251380.jpg,McDonnell Douglas,F/A-18,F/A-18
1251381.jpg,Eurofighter,Eurofighter Typhoon,Eurofighter Typhoon
1251382.jpg,Panavia,Tornado,Tornado
1251385.jpg,Supermarine,Spitfire,Spitfire
1251519.jpg,Boeing,Boeing 737,737-900
1251686.jpg,Airbus,A330,A330-200
1251764.jpg,McDonnell Douglas,DC-9,DC-9-30
1251766.jpg,Boeing,Boeing 737,737-500
1251898.jpg,de Havilland,Dash 8,DHC-8-100
1252026.jpg,Airbus,A320,A318
1252037.jpg,Boeing,Boeing 737,737-800
1252081.jpg,Fokker,Fokker 50,Fokker 50
1252082.jpg,Airbus,A380,A380
1252131.jpg,Panavia,Tornado,Tornado
1252133.jpg,Embraer,EMB-120,EMB-120
1252312.jpg,Fokker,Fokker 50,Fokker 50
1252819.jpg,de Havilland,DHC-6,DHC-6
1252832.jpg,Supermarine,Spitfire,Spitfire
1253163.jpg,Embraer,Embraer E-Jet,E-170
1253247.jpg,Fokker,Fokker 100,Fokker 100
1253432.jpg,de Havilland,DH-82,DH-82
1253442.jpg,Canadair,CRJ-700,CRJ-900
1253449.jpg,ATR,ATR-72,ATR-72
1253455.jpg,Airbus,A330,A330-200
1253530.jpg,Embraer,EMB-120,EMB-120
1253533.jpg,de Havilland,Dash 8,DHC-8-300
1253784.jpg,Lockheed Martin,F-16,F-16A/B
1253857.jpg,Boeing,Boeing 757,757-200
1254089.jpg,Beechcraft,King Air,Model B200
1254187.jpg,Canadair,Challenger 600,Challenger 600
1254451.jpg,Piper,PA-28,PA-28
1254468.jpg,Boeing,Boeing 747,747-200
1254668.jpg,McDonnell Douglas,F/A-18,F/A-18
1254669.jpg,McDonnell Douglas,F/A-18,F/A-18
1254806.jpg,Piper,PA-28,PA-28
1254962.jpg,Eurofighter,Eurofighter Typhoon,Eurofighter Typhoon
1255006.jpg,Lockheed Martin,F-16,F-16A/B
1255008.jpg,Douglas Aircraft Company,C-47,C-47
1255033.jpg,Embraer,Embraer ERJ 145,ERJ 135
1255434.jpg,British Aerospace,BAE 146,BAE 146-300
1255446.jpg,Airbus,A320,A318
1255496.jpg,Boeing,Boeing 757,757-300
1255533.jpg,Embraer,Embraer E-Jet,E-170
1255661.jpg,Embraer,EMB-120,EMB-120
1255662.jpg,Saab,Saab 340,Saab 340
1255726.jpg,Airbus,A300,A300B4
1255792.jpg,Airbus,A320,A321
1255844.jpg,Canadair,CRJ-700,CRJ-900
1255846.jpg,British Aerospace,BAE 146,BAE 146-200
1256035.jpg,McDonnell Douglas,MD-90,MD-90
1256114.jpg,Dassault Aviation,Falcon 900,Falcon 900
1256349.jpg,Boeing,Boeing 757,757-300
1256464.jpg,Boeing,Boeing 747,747-400
1256465.jpg,Gulfstream Aerospace,Gulfstream,Gulfstream V
1256472.jpg,Lockheed Corporation,C-130,C-130
1256475.jpg,ATR,ATR-72,ATR-72
1256682.jpg,Fokker,Fokker 100,Fokker 100
1256683.jpg,Boeing,Boeing 747,747-300
1256726.jpg,Saab,Saab 340,Saab 340
1257110.jpg,McDonnell Douglas,F/A-18,F/A-18
1257119.jpg,de Havilland,Dash 8,DHC-8-100
1258138.jpg,Airbus,A330,A330-300
1258139.jpg,Boeing,Boeing 777,777-200
1258401.jpg,Boeing,Boeing 737,737-200
1258418.jpg,Boeing,Boeing 737,737-500
1258502.jpg,Embraer,Embraer E-Jet,E-190
1258526.jpg,McDonnell Douglas,MD-80,MD-80
1258555.jpg,Panavia,Tornado,Tornado
1258557.jpg,British Aerospace,Hawk T1,Hawk T1
1258559.jpg,Canadair,CRJ-700,CRJ-900
1258561.jpg,Boeing,Boeing 757,757-200
1258577.jpg,Dassault Aviation,Falcon 2000,Falcon 2000
1258646.jpg,Douglas Aircraft Company,DC-6,DC-6
1258662.jpg,British Aerospace,Hawk T1,Hawk T1
1258663.jpg,British Aerospace,Hawk T1,Hawk T1
1258703.jpg,Boeing,Boeing 737,737-300
1258704.jpg,Dassault Aviation,Falcon 900,Falcon 900
1259067.jpg,Panavia,Tornado,Tornado
1259151.jpg,Canadair,CRJ-700,CRJ-900
1259152.jpg,Boeing,Boeing 737,737-600
1259554.jpg,Embraer,Embraer E-Jet,E-170
1259556.jpg,Boeing,Boeing 747,747-300
1259623.jpg,Cessna,Cessna 208,Cessna 208
1259625.jpg,Lockheed Martin,F-16,F-16A/B
1259710.jpg,British Aerospace,BAE 146,BAE 146-300
1260282.jpg,Embraer,Embraer E-Jet,E-170
1260329.jpg,Airbus,A340,A340-600
1260332.jpg,McDonnell Douglas,MD-90,MD-90
1260391.jpg,Canadair,CRJ-700,CRJ-900
1260718.jpg,de Havilland,DH-82,DH-82
1260868.jpg,Dassault Aviation,Falcon 900,Falcon 900
1260869.jpg,Fokker,Fokker 50,Fokker 50
1260870.jpg,Embraer,Embraer E-Jet,E-170
1260949.jpg,Canadair,CRJ-700,CRJ-700
1261329.jpg,Dornier,Dornier 328,Dornier 328
1261342.jpg,Fokker,Fokker 50,Fokker 50
1261350.jpg,Boeing,Boeing 737,737-800
1261424.jpg,Panavia,Tornado,Tornado
1261425.jpg,Beechcraft,King Air,Model B200
1261752.jpg,Fokker,Fokker 70,Fokker 70
1261955.jpg,Canadair,CRJ-700,CRJ-700
1261956.jpg,Boeing,Boeing 757,757-300
1261973.jpg,Cirrus Aircraft,SR-20,SR-20
1263090.jpg,Airbus,A340,A340-600
1264190.jpg,Embraer,Embraer ERJ 145,ERJ 145
1264191.jpg,McDonnell Douglas,MD-90,MD-90
1264479.jpg,Boeing,Boeing 737,737-500
1265320.jpg,McDonnell Douglas,MD-80,MD-87
1265380.jpg,McDonnell Douglas,MD-80,MD-87
1265381.jpg,de Havilland,DH-82,DH-82
1265382.jpg,Eurofighter,Eurofighter Typhoon,Eurofighter Typhoon
1265817.jpg,Beechcraft,King Air,Model B200
1266018.jpg,Panavia,Tornado,Tornado
1266143.jpg,Boeing,Boeing 737,737-700
1266149.jpg,Airbus,A320,A321
1266357.jpg,Fokker,Fokker 50,Fokker 50
1266977.jpg,Airbus,A340,A340-200
1267012.jpg,Eurofighter,Eurofighter Typhoon,Eurofighter Typhoon
1267074.jpg,Boeing,Boeing 737,737-500
1267078.jpg,Airbus,A320,A320
1267455.jpg,Embraer,Embraer ERJ 145,ERJ 135
1267520.jpg,Piper,PA-28,PA-28
1268068.jpg,Boeing,Boeing 737,737-600
1268480.jpg,Dornier,Dornier 328,Dornier 328
1268547.jpg,Airbus,A320,A319
1269006.jpg,Eurofighter,Eurofighter Typhoon,Eurofighter Typhoon
1269007.jpg,Fokker,Fokker 50,Fokker 50
1269238.jpg,Piper,PA-28,PA-28
1270583.jpg,Airbus,A310,A310
1270601.jpg,Panavia,Tornado,Tornado
1270604.jpg,Panavia,Tornado,Tornado
1270710.jpg,Antonov,An-12,An-12
1270714.jpg,Dornier,Dornier 328,Dornier 328
1271461.jpg,McDonnell Douglas,F/A-18,F/A-18
1271552.jpg,Boeing,Boeing 767,767-400
1271556.jpg,Saab,Saab 2000,Saab 2000
1272007.jpg,British Aerospace,BAE-125,BAE-125
1272291.jpg,Panavia,Tornado,Tornado
1272643.jpg,Boeing,Boeing 737,737-500
1272644.jpg,de Havilland,Dash 8,DHC-8-100
1272696.jpg,McDonnell Douglas,MD-80,MD-87
1272698.jpg,Gulfstream Aerospace,Gulfstream,Gulfstream V
1272699.jpg,Boeing,Boeing 717,Boeing 717
1272849.jpg,Panavia,Tornado,Tornado
1273293.jpg,Tupolev,Tu-154,Tu-154
1273373.jpg,Antonov,An-12,An-12
1273374.jpg,Ilyushin,Il-76,Il-76
1274483.jpg,Douglas Aircraft Company,DC-3,DC-3
1274803.jpg,Antonov,An-12,An-12
1275786.jpg,Canadair,Challenger 600,Challenger 600
1275811.jpg,Canadair,CRJ-700,CRJ-900
1276405.jpg,Bombardier Aerospace,Global Express,Global Express
1276526.jpg,Bombardier Aerospace,Global Express,Global Express
1276530.jpg,British Aerospace,BAE 146,BAE 146-200
1276588.jpg,Robin,DR-400,DR-400
1276718.jpg,Embraer,Embraer ERJ 145,ERJ 135
1276727.jpg,Gulfstream Aerospace,Gulfstream,Gulfstream IV
1277137.jpg,British Aerospace,Hawk T1,Hawk T1
1277604.jpg,Lockheed Corporation,L-1011,L-1011
1277617.jpg,Boeing,Boeing 757,757-300
1277619.jpg,Airbus,A320,A318
1277631.jpg,Embraer,Embraer E-Jet,E-170
1277633.jpg,Boeing,Boeing 737,737-400
1277981.jpg,ATR,ATR-42,ATR-42
1277982.jpg,British Aerospace,BAE 146,BAE 146-200
1277986.jpg,British Aerospace,BAE 146,BAE 146-200
1277987.jpg,Airbus,A340,A340-300
1277988.jpg,Airbus,A310,A310
1278085.jpg,Airbus,A340,A340-200
1278141.jpg,Cirrus Aircraft,SR-20,SR-20
1278429.jpg,Douglas Aircraft Company,C-47,C-47
1278473.jpg,Eurofighter,Eurofighter Typhoon,Eurofighter Typhoon
1279666.jpg,Boeing,Boeing 757,757-300
1279709.jpg,Cessna,Cessna Citation,Cessna 560
1279747.jpg,Lockheed Martin,F-16,F-16A/B
1279903.jpg,McDonnell Douglas,MD-80,MD-87
1280039.jpg,de Havilland,DHC-1,DHC-1
1280040.jpg,Panavia,Tornado,Tornado
1280138.jpg,Lockheed Corporation,C-130,C-130
1280176.jpg,Boeing,Boeing 737,737-600
1280503.jpg,Airbus,A380,A380
1280724.jpg,McDonnell Douglas,MD-80,MD-80
1280976.jpg,British Aerospace,Hawk T1,Hawk T1
1281453.jpg,Boeing,Boeing 747,747-100
1281454.jpg,Boeing,Boeing 747,747-100
1281574.jpg,Cessna,Cessna Citation,Cessna 525
1281620.jpg,Dornier,Dornier 328,Dornier 328
1281757.jpg,Cirrus Aircraft,SR-20,SR-20
1281857.jpg,Fokker,Fokker 100,Fokker 100
1281985.jpg,Airbus,A320,A319
1282206.jpg,Piper,PA-28,PA-28
1282348.jpg,Embraer,Embraer E-Jet,E-190
1283206.jpg,Cessna,Cessna 172,Cessna 172
1283207.jpg,Robin,DR-400,DR-400
1283304.jpg,McDonnell Douglas,F/A-18,F/A-18
1283328.jpg,McDonnell Douglas,MD-80,MD-87
1283508.jpg,McDonnell Douglas,MD-90,MD-90
1283510.jpg,Boeing,Boeing 747,747-100
1283512.jpg,Fokker,Fokker 100,Fokker 100
1283644.jpg,Boeing,Boeing 737,737-600
1283645.jpg,Dassault Aviation,Falcon 2000,Falcon 2000
1283646.jpg,Canadair,CRJ-700,CRJ-900
1283779.jpg,Airbus,A330,A330-300
1283832.jpg,Canadair,CRJ-700,CRJ-700
1283842.jpg,McDonnell Douglas,DC-10,DC-10
1283846.jpg,Ilyushin,Il-76,Il-76
1283960.jpg,McDonnell Douglas,MD-11,MD-11
1284221.jpg,Douglas Aircraft Company,C-47,C-47
1284223.jpg,Yakovlev,Yak-42,Yak-42
1284226.jpg,McDonnell Douglas,MD-11,MD-11
1284239.jpg,Boeing,Boeing 747,747-300
1284367.jpg,Canadair,CRJ-700,CRJ-900
1284591.jpg,McDonnell Douglas,MD-90,MD-90
1285638.jpg,Airbus,A340,A340-500
1285916.jpg,Boeing,Boeing 737,737-800
1285957.jpg,Panavia,Tornado,Tornado
1286165.jpg,Fokker,Fokker 50,Fokker 50
1286492.jpg,Embraer,Embraer E-Jet,E-170
1287207.jpg,Cessna,Cessna 172,Cessna 172
1287238.jpg,Piper,PA-28,PA-28
1287590.jpg,Douglas Aircraft Company,C-47,C-47
1287591.jpg,Douglas Aircraft Company,DC-3,DC-3
1287636.jpg,McDonnell Douglas,MD-80,MD-80
1287644.jpg,Boeing,Boeing 777,777-200
1287650.jpg,Embraer,Embraer ERJ 145,ERJ 145
1287739.jpg,Lockheed Corporation,L-1011,L-1011
1287740.jpg,Boeing,Boeing 777,777-200
1288222.jpg,Airbus,A320,A319
1288661.jpg,Boeing,Boeing 707,707-320
1288663.jpg,McDonnell Douglas,DC-10,DC-10
1288665.jpg,British Aerospace,BAE 146,BAE 146-300
1288666.jpg,McDonnell Douglas,MD-80,MD-80
1288668.jpg,Canadair,CRJ-200,CRJ-200
1288673.jpg,British Aerospace,BAE 146,BAE 146-300
1288743.jpg,Fokker,Fokker 100,Fokker 100
1289187.jpg,British Aerospace,BAE 146,BAE 146-300
1289636.jpg,Panavia,Tornado,Tornado
1289638.jpg,McDonnell Douglas,MD-11,MD-11
1289663.jpg,Lockheed Martin,F-16,F-16A/B
1290539.jpg,Gulfstream Aerospace,Gulfstream,Gulfstream V
1290785.jpg,Airbus,A340,A340-300
1290983.jpg,Fokker,Fokker 50,Fokker 50
1290986.jpg,Saab,Saab 2000,Saab 2000
1291069.jpg,Antonov,An-12,An-12
1291080.jpg,Boeing,Boeing 767,767-200
1291092.jpg,Boeing,Boeing 747,747-400
1291218.jpg,Bombardier Aerospace,Global Express,Global Express
1291233.jpg,Airbus,A340,A340-500
1291351.jpg,Dassault Aviation,Falcon 900,Falcon 900
1291370.jpg,McDonnell Douglas,MD-80,MD-80
1291373.jpg,de Havilland,Dash 8,DHC-8-300
1291783.jpg,Boeing,Boeing 737,737-900
1291802.jpg,Boeing,Boeing 747,747-200
1291894.jpg,Airbus,A300,A300B4
1291917.jpg,Cirrus Aircraft,SR-20,SR-20
1291973.jpg,Antonov,An-12,An-12
1292174.jpg,Boeing,Boeing 767,767-200
1292176.jpg,Piper,PA-28,PA-28
1292318.jpg,McDonnell Douglas,MD-80,MD-87
1292321.jpg,Saab,Saab 2000,Saab 2000
1292370.jpg,Boeing,Boeing 747,747-300
1292378.jpg,Boeing,Boeing 747,747-200
1292386.jpg,Canadair,CRJ-700,CRJ-900
1292389.jpg,Airbus,A330,A330-200
1292390.jpg,Douglas Aircraft Company,DC-6,DC-6
1292392.jpg,Douglas Aircraft Company,DC-6,DC-6
1292533.jpg,Boeing,Boeing 747,747-100
1293019.jpg,Airbus,A320,A320
1293223.jpg,Airbus,A320,A318
1293480.jpg,Beechcraft,King Air,Model B200
1293682.jpg,Fairchild,Metroliner,Metroliner
1294490.jpg,Boeing,Boeing 767,767-400
1294492.jpg,Boeing,Boeing 767,767-300
1294505.jpg,Fokker,Fokker 100,Fokker 100
1294506.jpg,Airbus,A300,A300B4
1294569.jpg,Lockheed Martin,F-16,F-16A/B
1295011.jpg,Robin,DR-400,DR-400
1295495.jpg,Airbus,A320,A321
1295641.jpg,Douglas Aircraft Company,DC-8,DC-8
1295646.jpg,Boeing,Boeing 757,757-300
1295799.jpg,Boeing,Boeing 737,737-200
1295999.jpg,Boeing,Boeing 737,737-300
1296002.jpg,Fokker,Fokker 70,Fokker 70
1296186.jpg,McDonnell Douglas,MD-11,MD-11
1296189.jpg,Airbus,A320,A320
1296201.jpg,Embraer,Embraer E-Jet,E-170
1296212.jpg,Airbus,A320,A318
1296245.jpg,McDonnell Douglas,DC-9,DC-9-30
1296417.jpg,McDonnell Douglas,DC-9,DC-9-30
1296580.jpg,Yakovlev,Yak-42,Yak-42
1296582.jpg,Embraer,Embraer E-Jet,E-190
1296822.jpg,British Aerospace,BAE 146,BAE 146-300
1296833.jpg,British Aerospace,BAE-125,BAE-125
1296872.jpg,Fokker,Fokker 100,Fokker 100
1296886.jpg,Dassault Aviation,Falcon 2000,Falcon 2000
1296896.jpg,Boeing,Boeing 737,737-200
1296897.jpg,McDonnell Douglas,DC-9,DC-9-30
1296938.jpg,British Aerospace,BAE 146,BAE 146-200
1296939.jpg,Boeing,Boeing 737,737-200
1296942.jpg,McDonnell Douglas,DC-9,DC-9-30
1297059.jpg,Tupolev,Tu-134,Tu-134
1297523.jpg,Boeing,Boeing 757,757-300
1297843.jpg,Boeing,Boeing 737,737-200
1298145.jpg,Tupolev,Tu-154,Tu-154
1298308.jpg,Lockheed Martin,F-16,F-16A/B
1298374.jpg,Airbus,A340,A340-500
1298765.jpg,Airbus,A320,A318
1298772.jpg,Fokker,Fokker 50,Fokker 50
1298901.jpg,Boeing,Boeing 757,757-200
1298905.jpg,Boeing,Boeing 727,727-200
1298910.jpg,Yakovlev,Yak-42,Yak-42
1298911.jpg,Boeing,Boeing 767,767-300
1298912.jpg,Boeing,Boeing 757,757-300
1298949.jpg,Tupolev,Tu-154,Tu-154
1298958.jpg,Boeing,Boeing 737,737-300
1299189.jpg,Lockheed Martin,F-16,F-16A/B
1299225.jpg,Supermarine,Spitfire,Spitfire
1299226.jpg,Eurofighter,Eurofighter Typhoon,Eurofighter Typhoon
1299601.jpg,Fokker,Fokker 70,Fokker 70
1299912.jpg,Embraer,Embraer ERJ 145,ERJ 135
1299913.jpg,Panavia,Tornado,Tornado
1299978.jpg,Canadair,CRJ-200,CRJ-200
1299986.jpg,Airbus,A340,A340-300
1300002.jpg,Gulfstream Aerospace,Gulfstream,Gulfstream V
1300106.jpg,Beechcraft,King Air,Model B200
1300481.jpg,de Havilland,Dash 8,DHC-8-300
1300487.jpg,Airbus,A320,A319
1301856.jpg,British Aerospace,BAE 146,BAE 146-200
1302049.jpg,Cessna,Cessna 172,Cessna 172
1302093.jpg,McDonnell Douglas,MD-90,MD-90
1302570.jpg,de Havilland,DH-82,DH-82
1302677.jpg,Airbus,A320,A318
1302750.jpg,Tupolev,Tu-154,Tu-154
1302786.jpg,Embraer,Embraer ERJ 145,ERJ 145
1302842.jpg,Piper,PA-28,PA-28
1302868.jpg,Lockheed Martin,F-16,F-16A/B
1302871.jpg,McDonnell Douglas,MD-11,MD-11
1302926.jpg,British Aerospace,Hawk T1,Hawk T1
1303402.jpg,Bombardier Aerospace,Global Express,Global Express
1303460.jpg,Embraer,Embraer E-Jet,E-170
1303532.jpg,Boeing,Boeing 777,777-300
1303850.jpg,Eurofighter,Eurofighter Typhoon,Eurofighter Typhoon
1303941.jpg,Airbus,A340,A340-300
1303943.jpg,Saab,Saab 340,Saab 340
1303982.jpg,Piper,PA-28,PA-28
1304025.jpg,Piper,PA-28,PA-28
1304093.jpg,Embraer,Embraer ERJ 145,ERJ 145
1304098.jpg,Lockheed Corporation,C-130,C-130
1304344.jpg,Cessna,Cessna Citation,Cessna 525
1304869.jpg,Boeing,Boeing 737,737-600
1304878.jpg,Embraer,Embraer ERJ 145,ERJ 145
1305520.jpg,Boeing,Boeing 747,747-300
1305611.jpg,Cessna,Cessna Citation,Cessna 525
1305614.jpg,Boeing,Boeing 747,747-400
1305696.jpg,Cirrus Aircraft,SR-20,SR-20
1305905.jpg,Lockheed Martin,F-16,F-16A/B
1306316.jpg,Boeing,Boeing 767,767-200
1306689.jpg,Cirrus Aircraft,SR-20,SR-20
1306976.jpg,Embraer,Embraer ERJ 145,ERJ 145
1307073.jpg,Boeing,Boeing 757,757-300
1307230.jpg,Lockheed Martin,F-16,F-16A/B
1307278.jpg,Embraer,Embraer Legacy 600,Embraer Legacy 600
1307312.jpg,Boeing,Boeing 777,777-300
1307327.jpg,Boeing,Boeing 767,767-200
1307362.jpg,McDonnell Douglas,F/A-18,F/A-18
1307364.jpg,Supermarine,Spitfire,Spitfire
1307574.jpg,McDonnell Douglas,MD-11,MD-11
1307739.jpg,Piper,PA-28,PA-28
1308267.jpg,Douglas Aircraft Company,DC-6,DC-6
1308317.jpg,Cessna,Cessna 208,Cessna 208
1308386.jpg,Airbus,A340,A340-500
1308404.jpg,Cessna,Cessna Citation,Cessna 525
1308524.jpg,Gulfstream Aerospace,Gulfstream,Gulfstream V
1309052.jpg,Douglas Aircraft Company,DC-8,DC-8
1309306.jpg,Boeing,Boeing 747,747-400
1310046.jpg,McDonnell Douglas,MD-80,MD-80
1310123.jpg,Cessna,Cessna Citation,Cessna 525
1310548.jpg,Airbus,A330,A330-200
1310734.jpg,British Aerospace,BAE 146,BAE 146-300
1310900.jpg,Bombardier Aerospace,Global Express,Global Express
1311406.jpg,Piper,PA-28,PA-28
1311419.jpg,Gulfstream Aerospace,Gulfstream,Gulfstream V
1311421.jpg,Gulfstream Aerospace,Gulfstream,Gulfstream IV
1311582.jpg,Bombardier Aerospace,Global Express,Global Express
1311585.jpg,Dassault Aviation,Falcon 2000,Falcon 2000
1311620.jpg,McDonnell Douglas,MD-80,MD-80
1311978.jpg,Beechcraft,Beechcraft 1900,Beechcraft 1900
1311998.jpg,Gulfstream Aerospace,Gulfstream,Gulfstream IV
1312101.jpg,Fokker,Fokker 50,Fokker 50
1312250.jpg,Airbus,A320,A318
1312387.jpg,Tupolev,Tu-134,Tu-134
1312418.jpg,Beechcraft,Beechcraft 1900,Beechcraft 1900
1312496.jpg,McDonnell Douglas,DC-9,DC-9-30
1312504.jpg,Cessna,Cessna Citation,Cessna 525
1312508.jpg,British Aerospace,BAE-125,BAE-125
1312509.jpg,Cessna,Cessna Citation,Cessna 560
1312518.jpg,British Aerospace,BAE-125,BAE-125
1312523.jpg,Canadair,Challenger 600,Challenger 600
1312536.jpg,Embraer,Embraer E-Jet,E-170
1312740.jpg,British Aerospace,BAE 146,BAE 146-300
1312743.jpg,Saab,Saab 2000,Saab 2000
1312876.jpg,Embraer,Embraer Legacy 600,Embraer Legacy 600
1312882.jpg,Canadair,Challenger 600,Challenger 600
1313042.jpg,Ilyushin,Il-76,Il-76
1313048.jpg,Boeing,Boeing 767,767-200
1313184.jpg,Boeing,Boeing 767,767-300
1313225.jpg,Boeing,Boeing 757,757-300
1313340.jpg,Fokker,Fokker 70,Fokker 70
1313344.jpg,Boeing,Boeing 737,737-600
1313348.jpg,Boeing,Boeing 737,737-900
1313354.jpg,Cessna,Cessna Citation,Cessna 525
1313522.jpg,Airbus,A340,A340-200
1313523.jpg,Airbus,A310,A310
1313666.jpg,British Aerospace,BAE 146,BAE 146-300
1313682.jpg,Saab,Saab 2000,Saab 2000
1313891.jpg,Boeing,Boeing 737,737-500
1313993.jpg,Boeing,Boeing 747,747-400
1314034.jpg,Antonov,An-12,An-12
1314181.jpg,McDonnell Douglas,DC-10,DC-10
1314535.jpg,Fokker,Fokker 70,Fokker 70
1314561.jpg,Douglas Aircraft Company,DC-8,DC-8
1314595.jpg,McDonnell Douglas,DC-9,DC-9-30
1314986.jpg,Saab,Saab 2000,Saab 2000
1314987.jpg,ATR,ATR-42,ATR-42
1315041.jpg,Bombardier Aerospace,Global Express,Global Express
1315140.jpg,Embraer,Embraer E-Jet,E-170
1315141.jpg,Boeing,Boeing 737,737-700
1315760.jpg,McDonnell Douglas,MD-90,MD-90
1315973.jpg,Gulfstream Aerospace,Gulfstream,Gulfstream V
1316035.jpg,Douglas Aircraft Company,DC-6,DC-6
1316038.jpg,Douglas Aircraft Company,DC-8,DC-8
1316268.jpg,Beechcraft,King Air,Model B200
1316606.jpg,Boeing,Boeing 757,757-300
1316960.jpg,Douglas Aircraft Company,DC-6,DC-6
1316961.jpg,Douglas Aircraft Company,DC-6,DC-6
1317747.jpg,Eurofighter,Eurofighter Typhoon,Eurofighter Typhoon
1317750.jpg,Douglas Aircraft Company,DC-8,DC-8
1318171.jpg,Boeing,Boeing 767,767-200
1318175.jpg,Boeing,Boeing 747,747-100
1318408.jpg,Embraer,Embraer E-Jet,E-195
1318416.jpg,Airbus,A340,A340-300
1318450.jpg,Boeing,Boeing 737,737-800
1318533.jpg,ATR,ATR-72,ATR-72
1318818.jpg,Robin,DR-400,DR-400
1318819.jpg,Boeing,Boeing 707,707-320
1318843.jpg,Bombardier Aerospace,Global Express,Global Express
1319235.jpg,Beechcraft,King Air,Model B200
1319365.jpg,Boeing,Boeing 707,707-320
1319791.jpg,Boeing,Boeing 737,737-700
1320095.jpg,Airbus,A320,A320
1320110.jpg,Boeing,Boeing 737,737-800
1320161.jpg,McDonnell Douglas,MD-80,MD-80
1320257.jpg,Boeing,Boeing 747,747-200
1320344.jpg,Airbus,A330,A330-300
1320565.jpg,Yakovlev,Yak-42,Yak-42
1320583.jpg,Yakovlev,Yak-42,Yak-42
1320584.jpg,Embraer,Embraer Legacy 600,Embraer Legacy 600
1320676.jpg,Boeing,Boeing 737,737-300
1320913.jpg,Tupolev,Tu-154,Tu-154
1320915.jpg,Dassault Aviation,Falcon 2000,Falcon 2000
1321494.jpg,Cessna,Cessna Citation,Cessna 560
1321941.jpg,Lockheed Martin,F-16,F-16A/B
1323008.jpg,Fokker,Fokker 70,Fokker 70
1323009.jpg,Douglas Aircraft Company,DC-6,DC-6
1323017.jpg,Dassault Aviation,Falcon 900,Falcon 900
1323647.jpg,Cirrus Aircraft,SR-20,SR-20
1323660.jpg,Boeing,Boeing 717,Boeing 717
1323664.jpg,ATR,ATR-72,ATR-72
1323666.jpg,ATR,ATR-72,ATR-72
1323729.jpg,Boeing,Boeing 737,737-300
1324595.jpg,Cessna,Cessna 172,Cessna 172
1324867.jpg,Douglas Aircraft Company,DC-6,DC-6
1325008.jpg,Canadair,CRJ-700,CRJ-900
1325112.jpg,ATR,ATR-72,ATR-72
1325220.jpg,Airbus,A340,A340-500
1325459.jpg,Boeing,Boeing 777,777-200
1325476.jpg,Boeing,Boeing 747,747-300
1326007.jpg,Beechcraft,Beechcraft 1900,Beechcraft 1900
1326096.jpg,Piper,PA-28,PA-28
1326471.jpg,de Havilland,Dash 8,DHC-8-300
1326472.jpg,Embraer,Embraer E-Jet,E-190
1326646.jpg,Dornier,Dornier 328,Dornier 328
1326767.jpg,Boeing,Boeing 737,737-900
1327284.jpg,Airbus,A320,A319
1327285.jpg,Boeing,Boeing 727,727-200
1327286.jpg,Boeing,Boeing 767,767-300
1327287.jpg,Boeing,Boeing 717,Boeing 717
1327513.jpg,Boeing,Boeing 717,Boeing 717
1327556.jpg,Antonov,An-12,An-12
1327557.jpg,Airbus,A320,A318
1327939.jpg,Airbus,A320,A321
1328043.jpg,Cirrus Aircraft,SR-20,SR-20
1328044.jpg,Eurofighter,Eurofighter Typhoon,Eurofighter Typhoon
1328048.jpg,Cirrus Aircraft,SR-20,SR-20
1328376.jpg,Embraer,Embraer ERJ 145,ERJ 135
1329158.jpg,Cessna,Cessna Citation,Cessna 560
1329193.jpg,ATR,ATR-72,ATR-72
1329261.jpg,Cirrus Aircraft,SR-20,SR-20
1329269.jpg,Robin,DR-400,DR-400
1329309.jpg,Fokker,Fokker 70,Fokker 70
1329317.jpg,McDonnell Douglas,DC-9,DC-9-30
1329664.jpg,Boeing,Boeing 747,747-300
1329898.jpg,Piper,PA-28,PA-28
1330195.jpg,Embraer,Embraer E-Jet,E-195
1330443.jpg,Dassault Aviation,Falcon 2000,Falcon 2000
1330701.jpg,Saab,Saab 340,Saab 340
1330831.jpg,Boeing,Boeing 777,777-300
1331448.jpg,Airbus,A340,A340-500
1331516.jpg,Lockheed Corporation,C-130,C-130
1331909.jpg,British Aerospace,BAE 146,BAE 146-300
1332077.jpg,Embraer,Embraer ERJ 145,ERJ 135
1332208.jpg,Bombardier Aerospace,Global Express,Global Express
1332663.jpg,Airbus,A320,A321
1332980.jpg,Antonov,An-12,An-12
1333183.jpg,Cessna,Cessna Citation,Cessna 560
1333639.jpg,Eurofighter,Eurofighter Typhoon,Eurofighter Typhoon
1333717.jpg,Airbus,A320,A319
1334213.jpg,Embraer,Embraer E-Jet,E-190
1334472.jpg,Boeing,Boeing 757,757-300
1334566.jpg,de Havilland,Dash 8,DHC-8-100
1334567.jpg,Boeing,Boeing 737,737-400
1334600.jpg,Saab,Saab 340,Saab 340
1334601.jpg,Canadair,CRJ-200,CRJ-200
1335029.jpg,Panavia,Tornado,Tornado
1335116.jpg,Douglas Aircraft Company,DC-3,DC-3
1335117.jpg,Douglas Aircraft Company,DC-3,DC-3
1335195.jpg,Airbus,A340,A340-300
1335199.jpg,McDonnell Douglas,MD-11,MD-11
1335215.jpg,Douglas Aircraft Company,DC-6,DC-6
1335478.jpg,Antonov,An-12,An-12
1335573.jpg,Airbus,A320,A318
1336043.jpg,Boeing,Boeing 747,747-400
1336049.jpg,Airbus,A330,A330-300
1336052.jpg,Embraer,Embraer E-Jet,E-170
1336071.jpg,British Aerospace,BAE 146,BAE 146-300
1336323.jpg,Douglas Aircraft Company,C-47,C-47
1336451.jpg,ATR,ATR-72,ATR-72
1336452.jpg,Boeing,Boeing 717,Boeing 717
1336460.jpg,Boeing,Boeing 737,737-500
1336517.jpg,Fairchild,Metroliner,Metroliner
1336582.jpg,Cessna,Cessna Citation,Cessna 560
1336856.jpg,Boeing,Boeing 767,767-400
1337392.jpg,Boeing,Boeing 737,737-500
1337427.jpg,Bombardier Aerospace,Global Express,Global Express
1337428.jpg,Cessna,Cessna 208,Cessna 208
1337431.jpg,Boeing,Boeing 727,727-200
1337461.jpg,Canadair,CRJ-700,CRJ-700
1337501.jpg,Cessna,Cessna 208,Cessna 208
1337502.jpg,Cessna,Cessna 208,Cessna 208
1337508.jpg,Canadair,CRJ-200,CRJ-200
1337511.jpg,Cessna,Cessna 208,Cessna 208
1337523.jpg,Beechcraft,Beechcraft 1900,Beechcraft 1900
1337849.jpg,Boeing,Boeing 737,737-800
1337995.jpg,de Havilland,DHC-1,DHC-1
1338156.jpg,Douglas Aircraft Company,DC-8,DC-8
1338255.jpg,Boeing,Boeing 757,757-300
1338261.jpg,Cessna,Cessna Citation,Cessna 525
1338266.jpg,Embraer,Embraer ERJ 145,ERJ 145
1338345.jpg,de Havilland,Dash 8,DHC-8-100
1338346.jpg,Embraer,EMB-120,EMB-120
1338354.jpg,Cessna,Cessna 208,Cessna 208
1338357.jpg,Boeing,Boeing 717,Boeing 717
1338360.jpg,Boeing,Boeing 727,727-200
1338362.jpg,Airbus,A320,A319
1338364.jpg,de Havilland,Dash 8,DHC-8-100
1338515.jpg,Cessna,Cessna 172,Cessna 172
1338550.jpg,Dassault Aviation,Falcon 900,Falcon 900
1338551.jpg,Canadair,CRJ-700,CRJ-700
1338570.jpg,Douglas Aircraft Company,DC-3,DC-3
1338572.jpg,McDonnell Douglas,MD-11,MD-11
1338706.jpg,Saab,Saab 2000,Saab 2000
1338725.jpg,McDonnell Douglas,MD-80,MD-80
1338873.jpg,Douglas Aircraft Company,DC-6,DC-6
1338874.jpg,Boeing,Boeing 707,707-320
1338983.jpg,Boeing,Boeing 737,737-800
1339026.jpg,Boeing,Boeing 737,737-200
1339029.jpg,Cessna,Cessna 208,Cessna 208
1339052.jpg,Boeing,Boeing 737,737-900
1339053.jpg,British Aerospace,BAE-125,BAE-125
1339197.jpg,Robin,DR-400,DR-400
1340192.jpg,Boeing,Boeing 707,707-320
1340195.jpg,Boeing,Boeing 747,747-200
1340209.jpg,Boeing,Boeing 747,747-100
1340228.jpg,Boeing,Boeing 747,747-200
1340279.jpg,Boeing,Boeing 737,737-500
1340282.jpg,McDonnell Douglas,MD-90,MD-90
1340322.jpg,British Aerospace,BAE-125,BAE-125
1340345.jpg,Yakovlev,Yak-42,Yak-42
1340401.jpg,Cessna,Cessna 172,Cessna 172
1340437.jpg,de Havilland,DH-82,DH-82
1340439.jpg,Cessna,Cessna 172,Cessna 172
1340494.jpg,Airbus,A340,A340-300
1340613.jpg,Cessna,Cessna 208,Cessna 208
1340641.jpg,Ilyushin,Il-76,Il-76
1340985.jpg,Cessna,Cessna 208,Cessna 208
1341063.jpg,McDonnell Douglas,MD-90,MD-90
1341384.jpg,Boeing,Boeing 717,Boeing 717
1341820.jpg,Embraer,EMB-120,EMB-120
1341834.jpg,Embraer,Embraer ERJ 145,ERJ 145
1341837.jpg,Beechcraft,Beechcraft 1900,Beechcraft 1900
1341843.jpg,Beechcraft,Beechcraft 1900,Beechcraft 1900
1341845.jpg,Douglas Aircraft Company,C-47,C-47
1341849.jpg,McDonnell Douglas,MD-80,MD-80
1341989.jpg,Canadair,Challenger 600,Challenger 600
1341990.jpg,Boeing,Boeing 747,747-200
1341992.jpg,Canadair,Challenger 600,Challenger 600
1342007.jpg,Canadair,CRJ-700,CRJ-900
1342280.jpg,Tupolev,Tu-134,Tu-134
1342822.jpg,Boeing,Boeing 767,767-200
1343003.jpg,Embraer,Embraer ERJ 145,ERJ 145
1343264.jpg,Saab,Saab 340,Saab 340
1343399.jpg,Douglas Aircraft Company,C-47,C-47
1343589.jpg,Douglas Aircraft Company,DC-8,DC-8
1344015.jpg,Dassault Aviation,Falcon 900,Falcon 900
1344064.jpg,Cessna,Cessna 208,Cessna 208
1344355.jpg,Dassault Aviation,Falcon 900,Falcon 900
1344994.jpg,Piper,PA-28,PA-28
1344995.jpg,McDonnell Douglas,DC-10,DC-10
1344996.jpg,British Aerospace,Hawk T1,Hawk T1
1345040.jpg,Gulfstream Aerospace,Gulfstream,Gulfstream IV
1345042.jpg,Boeing,Boeing 767,767-400
1345199.jpg,Embraer,Embraer ERJ 145,ERJ 145
1345202.jpg,Cessna,Cessna Citation,Cessna 560
1345203.jpg,Cessna,Cessna 208,Cessna 208
1345218.jpg,Boeing,Boeing 757,757-300
1345223.jpg,Douglas Aircraft Company,C-47,C-47
1345253.jpg,Dornier,Dornier 328,Dornier 328
1345582.jpg,Lockheed Corporation,L-1011,L-1011
1345732.jpg,Boeing,Boeing 707,707-320
1346004.jpg,Boeing,Boeing 707,707-320
1346116.jpg,Boeing,Boeing 717,Boeing 717
1346444.jpg,Airbus,A310,A310
1346446.jpg,Airbus,A340,A340-600
1346448.jpg,ATR,ATR-42,ATR-42
1346589.jpg,Dassault Aviation,Falcon 2000,Falcon 2000
1347237.jpg,Cessna,Cessna 208,Cessna 208
1347334.jpg,Embraer,EMB-120,EMB-120
1347626.jpg,Gulfstream Aerospace,Gulfstream,Gulfstream V
1347949.jpg,de Havilland,DHC-1,DHC-1
1348421.jpg,Airbus,A340,A340-300
1348803.jpg,Fokker,Fokker 100,Fokker 100
1348827.jpg,Canadair,CRJ-700,CRJ-900
1348951.jpg,de Havilland,DH-82,DH-82
1348956.jpg,Robin,DR-400,DR-400
1349012.jpg,Cessna,Cessna Citation,Cessna 525
1349066.jpg,Douglas Aircraft Company,DC-8,DC-8
1349217.jpg,McDonnell Douglas,F/A-18,F/A-18
1349314.jpg,Panavia,Tornado,Tornado
1349340.jpg,McDonnell Douglas,F/A-18,F/A-18
1349341.jpg,Eurofighter,Eurofighter Typhoon,Eurofighter Typhoon
1349343.jpg,Panavia,Tornado,Tornado
1349345.jpg,Panavia,Tornado,Tornado
1349689.jpg,Boeing,Boeing 767,767-400
1349926.jpg,Cessna,Cessna 208,Cessna 208
1350334.jpg,Boeing,Boeing 717,Boeing 717
1350775.jpg,Douglas Aircraft Company,DC-3,DC-3
1351194.jpg,Saab,Saab 340,Saab 340
1351195.jpg,Boeing,Boeing 717,Boeing 717
1351205.jpg,McDonnell Douglas,MD-80,MD-87
1351207.jpg,Embraer,Embraer E-Jet,E-190
1351213.jpg,Embraer,Embraer E-Jet,E-190
1351312.jpg,de Havilland,Dash 8,DHC-8-300
1351340.jpg,Boeing,Boeing 717,Boeing 717
1351345.jpg,Boeing,Boeing 737,737-200
1351410.jpg,Airbus,A320,A318
1351411.jpg,Canadair,CRJ-700,CRJ-700
1351441.jpg,Tupolev,Tu-134,Tu-134
1351480.jpg,Fokker,Fokker 100,Fokker 100
1351592.jpg,Cessna,Cessna Citation,Cessna 525
1351594.jpg,Boeing,Boeing 747,747-200
1351641.jpg,Eurofighter,Eurofighter Typhoon,Eurofighter Typhoon
1351642.jpg,McDonnell Douglas,F/A-18,F/A-18
1351643.jpg,Airbus,A320,A319
1352205.jpg,Boeing,Boeing 737,737-300
1352223.jpg,ATR,ATR-72,ATR-72
1352225.jpg,British Aerospace,BAE 146,BAE 146-300
1352316.jpg,Supermarine,Spitfire,Spitfire
1352486.jpg,Embraer,Embraer ERJ 145,ERJ 145
1353293.jpg,Boeing,Boeing 737,737-900
1353361.jpg,Embraer,Embraer ERJ 145,ERJ 145
1353412.jpg,Dassault Aviation,Falcon 900,Falcon 900
1353567.jpg,Embraer,Embraer E-Jet,E-190
1353979.jpg,Boeing,Boeing 767,767-400
1354055.jpg,Fairchild,Metroliner,Metroliner
1354218.jpg,McDonnell Douglas,DC-9,DC-9-30
1354235.jpg,Gulfstream Aerospace,Gulfstream,Gulfstream IV
1354666.jpg,ATR,ATR-72,ATR-72
1354835.jpg,Boeing,Boeing 737,737-900
1355200.jpg,Beechcraft,Beechcraft 1900,Beechcraft 1900
1355201.jpg,Beechcraft,Beechcraft 1900,Beechcraft 1900
1355208.jpg,Fairchild,Metroliner,Metroliner
1355211.jpg,Beechcraft,Beechcraft 1900,Beechcraft 1900
1355218.jpg,Beechcraft,Beechcraft 1900,Beechcraft 1900
1355224.jpg,Boeing,Boeing 767,767-200
1355228.jpg,McDonnell Douglas,MD-80,MD-80
1355230.jpg,Airbus,A300,A300B4
1355236.jpg,Airbus,A320,A318
1355436.jpg,Dassault Aviation,Falcon 2000,Falcon 2000
1355445.jpg,Canadair,CRJ-200,CRJ-200
1355481.jpg,Airbus,A320,A318
1355493.jpg,McDonnell Douglas,MD-80,MD-87
1355622.jpg,Airbus,A330,A330-200
1355623.jpg,Gulfstream Aerospace,Gulfstream,Gulfstream V
1355813.jpg,Dassault Aviation,Falcon 2000,Falcon 2000
1355815.jpg,Boeing,Boeing 737,737-800
1355824.jpg,Boeing,Boeing 767,767-200
1355825.jpg,Fokker,Fokker 100,Fokker 100
1356013.jpg,Embraer,Embraer E-Jet,E-170
1356102.jpg,Boeing,Boeing 747,747-300
1356129.jpg,Cessna,Cessna 208,Cessna 208
1356441.jpg,Airbus,A320,A318
1356890.jpg,Boeing,Boeing 737,737-900
1356910.jpg,Beechcraft,King Air,Model B200
1356930.jpg,Boeing,Boeing 757,757-200
1356931.jpg,Lockheed Corporation,L-1011,L-1011
1357182.jpg,McDonnell Douglas,F/A-18,F/A-18
1357292.jpg,Eurofighter,Eurofighter Typhoon,Eurofighter Typhoon
1357567.jpg,Robin,DR-400,DR-400
1357748.jpg,Eurofighter,Eurofighter Typhoon,Eurofighter Typhoon
1357956.jpg,Embraer,Embraer ERJ 145,ERJ 145
1357987.jpg,Cessna,Cessna 172,Cessna 172
1358045.jpg,Fokker,Fokker 100,Fokker 100
1358046.jpg,Boeing,Boeing 737,737-600
1358066.jpg,Boeing,Boeing 737,737-500
1358106.jpg,British Aerospace,BAE 146,BAE 146-200
1358180.jpg,Airbus,A340,A340-500
1358472.jpg,Canadair,CRJ-700,CRJ-900
1358537.jpg,British Aerospace,BAE-125,BAE-125
1358662.jpg,Boeing,Boeing 737,737-700
1358664.jpg,Airbus,A320,A319
1358695.jpg,Airbus,A320,A320
1358696.jpg,ATR,ATR-72,ATR-72
1358854.jpg,Boeing,Boeing 747,747-400
1358858.jpg,McDonnell Douglas,DC-10,DC-10
1359128.jpg,Boeing,Boeing 767,767-200
1359885.jpg,British Aerospace,BAE-125,BAE-125
1359886.jpg,Beechcraft,King Air,Model B200
1360525.jpg,Panavia,Tornado,Tornado
1361120.jpg,Boeing,Boeing 737,737-900
1361455.jpg,Dassault Aviation,Falcon 2000,Falcon 2000
1361462.jpg,Canadair,Challenger 600,Challenger 600
1361542.jpg,Yakovlev,Yak-42,Yak-42
1361692.jpg,Fokker,Fokker 70,Fokker 70
1361693.jpg,Boeing,Boeing 737,737-600
1361876.jpg,Boeing,Boeing 737,737-200
1362024.jpg,Lockheed Martin,F-16,F-16A/B
1362504.jpg,ATR,ATR-72,ATR-72
1362530.jpg,Cessna,Cessna Citation,Cessna 560
1362533.jpg,Gulfstream Aerospace,Gulfstream,Gulfstream IV
1362726.jpg,Gulfstream Aerospace,Gulfstream,Gulfstream V
1362800.jpg,Dassault Aviation,Falcon 900,Falcon 900
1362802.jpg,Boeing,Boeing 737,737-500
1363578.jpg,Boeing,Boeing 767,767-400
1363662.jpg,Cessna,Cessna Citation,Cessna 560
1363673.jpg,Boeing,Boeing 737,737-300
1363679.jpg,Cessna,Cessna Citation,Cessna 525
1363681.jpg,Cessna,Cessna Citation,Cessna 525
1363740.jpg,Canadair,Challenger 600,Challenger 600
1363952.jpg,Airbus,A320,A319
1363954.jpg,McDonnell Douglas,DC-10,DC-10
1364162.jpg,Boeing,Boeing 767,767-300
1364299.jpg,Canadair,Challenger 600,Challenger 600
1364327.jpg,Dassault Aviation,Falcon 2000,Falcon 2000
1364591.jpg,Airbus,A340,A340-600
1364623.jpg,McDonnell Douglas,MD-80,MD-87
1364706.jpg,Lockheed Martin,F-16,F-16A/B
1364710.jpg,Eurofighter,Eurofighter Typhoon,Eurofighter Typhoon
1364712.jpg,Lockheed Corporation,C-130,C-130
1364804.jpg,Canadair,CRJ-700,CRJ-900
1364919.jpg,Embraer,Embraer E-Jet,E-190
1365495.jpg,Boeing,Boeing 747,747-300
1365500.jpg,Boeing,Boeing 757,757-200
1365711.jpg,Airbus,A340,A340-300
1365786.jpg,Boeing,Boeing 737,737-900
1365790.jpg,Bombardier Aerospace,Global Express,Global Express
1365858.jpg,Robin,DR-400,DR-400
1366112.jpg,Boeing,Boeing 757,757-200
1366119.jpg,Beechcraft,King Air,Model B200
1366121.jpg,Robin,DR-400,DR-400
1366758.jpg,Boeing,Boeing 767,767-300
1366848.jpg,McDonnell Douglas,MD-90,MD-90
1366851.jpg,de Havilland,Dash 8,DHC-8-100
1366856.jpg,Airbus,A320,A321
1366863.jpg,Embraer,Embraer E-Jet,E-195
1367016.jpg,Embraer,Embraer E-Jet,E-195
1367495.jpg,Boeing,Boeing 717,Boeing 717
1367983.jpg,Lockheed Martin,F-16,F-16A/B
1368002.jpg,de Havilland,DHC-1,DHC-1
1368055.jpg,Airbus,A380,A380
1368334.jpg,Boeing,Boeing 737,737-700
1368847.jpg,Boeing,Boeing 737,737-400
1368863.jpg,Boeing,Boeing 767,767-400
1368866.jpg,Airbus,A320,A318
1369269.jpg,British Aerospace,BAE-125,BAE-125
1369430.jpg,Robin,DR-400,DR-400
1369769.jpg,de Havilland,DHC-1,DHC-1
1369785.jpg,de Havilland,DH-82,DH-82
1369849.jpg,de Havilland,DH-82,DH-82
1369872.jpg,Cessna,Cessna Citation,Cessna 525
1369907.jpg,Airbus,A320,A321
1369990.jpg,McDonnell Douglas,F/A-18,F/A-18
1370066.jpg,de Havilland,DH-82,DH-82
1370455.jpg,de Havilland,DHC-1,DHC-1
1370959.jpg,Airbus,A320,A320
1371541.jpg,Panavia,Tornado,Tornado
1371565.jpg,McDonnell Douglas,F/A-18,F/A-18
1371730.jpg,de Havilland,DHC-1,DHC-1
1372357.jpg,Lockheed Martin,F-16,F-16A/B
1372373.jpg,Panavia,Tornado,Tornado
1372809.jpg,Boeing,Boeing 737,737-500
1373008.jpg,Panavia,Tornado,Tornado
1373009.jpg,Eurofighter,Eurofighter Typhoon,Eurofighter Typhoon
1373011.jpg,McDonnell Douglas,F/A-18,F/A-18
1373015.jpg,British Aerospace,Hawk T1,Hawk T1
1373071.jpg,McDonnell Douglas,MD-80,MD-80
1373249.jpg,Supermarine,Spitfire,Spitfire
1373275.jpg,Airbus,A340,A340-600
1373821.jpg,Lockheed Corporation,C-130,C-130
1373934.jpg,Beechcraft,King Air,Model B200
1373938.jpg,Airbus,A340,A340-300
1374624.jpg,Piper,PA-28,PA-28
1374642.jpg,Robin,DR-400,DR-400
1374697.jpg,Panavia,Tornado,Tornado
1374699.jpg,Robin,DR-400,DR-400
1375147.jpg,Canadair,CRJ-700,CRJ-900
1375148.jpg,Boeing,Boeing 747,747-400
1375264.jpg,Embraer,Embraer E-Jet,E-170
1375367.jpg,Boeing,Boeing 767,767-200
1375368.jpg,Boeing,Boeing 737,737-800
1375490.jpg,Airbus,A320,A318
1375584.jpg,Boeing,Boeing 767,767-300
1375880.jpg,Lockheed Martin,F-16,F-16A/B
1375987.jpg,Boeing,Boeing 757,757-300
1376172.jpg,Airbus,A320,A318
1376174.jpg,Boeing,Boeing 747,747-400
1376226.jpg,McDonnell Douglas,F/A-18,F/A-18
1376273.jpg,British Aerospace,BAE-125,BAE-125
1376301.jpg,Airbus,A330,A330-200
1376307.jpg,Panavia,Tornado,Tornado
1376343.jpg,Supermarine,Spitfire,Spitfire
1376345.jpg,Panavia,Tornado,Tornado
1376413.jpg,British Aerospace,Hawk T1,Hawk T1
1376551.jpg,Embraer,Embraer ERJ 145,ERJ 145
1376572.jpg,de Havilland,DH-82,DH-82
1376665.jpg,Beechcraft,King Air,Model B200
1376737.jpg,Embraer,Embraer Legacy 600,Embraer Legacy 600
1376745.jpg,de Havilland,DHC-1,DHC-1
1376762.jpg,Embraer,Embraer Legacy 600,Embraer Legacy 600
1376795.jpg,Antonov,An-12,An-12
1376815.jpg,Boeing,Boeing 777,777-200
1376842.jpg,Boeing,Boeing 737,737-500
1376991.jpg,Beechcraft,Beechcraft 1900,Beechcraft 1900
1376992.jpg,McDonnell Douglas,DC-9,DC-9-30
1376993.jpg,McDonnell Douglas,DC-9,DC-9-30
1377001.jpg,McDonnell Douglas,DC-9,DC-9-30
1377012.jpg,Boeing,Boeing 737,737-500
1377031.jpg,McDonnell Douglas,MD-80,MD-80
1377098.jpg,ATR,ATR-42,ATR-42
1377234.jpg,McDonnell Douglas,DC-9,DC-9-30
1377235.jpg,Boeing,Boeing 737,737-500
1377238.jpg,Embraer,EMB-120,EMB-120
1377250.jpg,McDonnell Douglas,DC-9,DC-9-30
1377516.jpg,Cirrus Aircraft,SR-20,SR-20
1377518.jpg,Robin,DR-400,DR-400
1377655.jpg,Canadair,CRJ-700,CRJ-900
1377656.jpg,McDonnell Douglas,F/A-18,F/A-18
1378004.jpg,Canadair,CRJ-700,CRJ-700
1378082.jpg,Robin,DR-400,DR-400
1378083.jpg,Lockheed Corporation,C-130,C-130
1378086.jpg,de Havilland,DHC-1,DHC-1
1378088.jpg,de Havilland,DHC-1,DHC-1
1378453.jpg,Boeing,Boeing 717,Boeing 717
1378673.jpg,McDonnell Douglas,F/A-18,F/A-18
1378720.jpg,de Havilland,Dash 8,DHC-8-100
1378765.jpg,Embraer,Embraer Legacy 600,Embraer Legacy 600
1379035.jpg,McDonnell Douglas,F/A-18,F/A-18
1379044.jpg,Canadair,Challenger 600,Challenger 600
1379290.jpg,Boeing,Boeing 717,Boeing 717
1379395.jpg,Boeing,Boeing 777,777-300
1379398.jpg,Canadair,CRJ-700,CRJ-900
1379513.jpg,Dassault Aviation,Falcon 900,Falcon 900
1379570.jpg,Airbus,A380,A380
1379571.jpg,Canadair,CRJ-200,CRJ-200
1379717.jpg,Boeing,Boeing 767,767-200
1379781.jpg,Fokker,Fokker 70,Fokker 70
1379818.jpg,Gulfstream Aerospace,Gulfstream,Gulfstream IV
1379879.jpg,de Havilland,DHC-1,DHC-1
1379981.jpg,Cessna,Cessna 208,Cessna 208
1379983.jpg,Boeing,Boeing 777,777-200
1380030.jpg,Cessna,Cessna 172,Cessna 172
1380293.jpg,Dassault Aviation,Falcon 900,Falcon 900
1380336.jpg,Airbus,A320,A318
1380455.jpg,de Havilland,DHC-1,DHC-1
1380490.jpg,Boeing,Boeing 767,767-300
1380492.jpg,Boeing,Boeing 757,757-200
1380666.jpg,Airbus,A340,A340-600
1381988.jpg,ATR,ATR-72,ATR-72
1381995.jpg,Boeing,Boeing 767,767-200
1381998.jpg,Cessna,Cessna Citation,Cessna 525
1382000.jpg,Cessna,Cessna 208,Cessna 208
1382002.jpg,Dassault Aviation,Falcon 2000,Falcon 2000
1382204.jpg,Robin,DR-400,DR-400
1382206.jpg,de Havilland,DHC-1,DHC-1
1382259.jpg,Fokker,Fokker 50,Fokker 50
1382524.jpg,Boeing,Boeing 767,767-200
1382601.jpg,Boeing,Boeing 737,737-400
1383088.jpg,Airbus,A340,A340-200
1383295.jpg,Boeing,Boeing 767,767-200
1383342.jpg,McDonnell Douglas,MD-80,MD-87
1383360.jpg,Fokker,Fokker 100,Fokker 100
1383369.jpg,Saab,Saab 2000,Saab 2000
1383371.jpg,Douglas Aircraft Company,C-47,C-47
1383407.jpg,Fokker,Fokker 50,Fokker 50
1384345.jpg,Supermarine,Spitfire,Spitfire
1384548.jpg,de Havilland,DHC-1,DHC-1
1384551.jpg,Robin,DR-400,DR-400
1384617.jpg,de Havilland,DHC-6,DHC-6
1384649.jpg,Boeing,Boeing 737,737-500
1384679.jpg,de Havilland,DH-82,DH-82
1385076.jpg,Dassault Aviation,Falcon 2000,Falcon 2000
1385089.jpg,Boeing,Boeing 717,Boeing 717
1385093.jpg,Gulfstream Aerospace,Gulfstream,Gulfstream IV
1385121.jpg,Airbus,A320,A318
1385122.jpg,British Aerospace,BAE 146,BAE 146-300
1385341.jpg,Boeing,Boeing 737,737-800
1385344.jpg,Canadair,CRJ-700,CRJ-700
1385441.jpg,Embraer,Embraer E-Jet,E-190
1385467.jpg,Fokker,Fokker 70,Fokker 70
1385519.jpg,Fokker,Fokker 70,Fokker 70
1385706.jpg,Embraer,Embraer ERJ 145,ERJ 135
1385866.jpg,Cessna,Cessna 172,Cessna 172
1385878.jpg,Robin,DR-400,DR-400
1386022.jpg,de Havilland,DHC-1,DHC-1
1386248.jpg,Dassault Aviation,Falcon 900,Falcon 900
1386609.jpg,Saab,Saab 2000,Saab 2000
1386611.jpg,British Aerospace,BAE 146,BAE 146-300
1386619.jpg,Airbus,A320,A321
1386624.jpg,Lockheed Corporation,C-130,C-130
1386625.jpg,Saab,Saab 2000,Saab 2000
1386629.jpg,Fokker,Fokker 50,Fokker 50
1386630.jpg,British Aerospace,BAE 146,BAE 146-300
1386647.jpg,McDonnell Douglas,MD-80,MD-80
1386685.jpg,British Aerospace,BAE 146,BAE 146-200
1387066.jpg,Canadair,Challenger 600,Challenger 600
1387195.jpg,Boeing,Boeing 747,747-300
1387200.jpg,Embraer,Embraer Legacy 600,Embraer Legacy 600
1387816.jpg,Embraer,Embraer E-Jet,E-170
1387820.jpg,Canadair,CRJ-700,CRJ-700
1388149.jpg,de Havilland,DH-82,DH-82
1388205.jpg,Robin,DR-400,DR-400
1388499.jpg,Cessna,Cessna Citation,Cessna 560
1388982.jpg,McDonnell Douglas,MD-90,MD-90
1388984.jpg,Tupolev,Tu-154,Tu-154
1389040.jpg,McDonnell Douglas,DC-10,DC-10
1389106.jpg,de Havilland,DHC-1,DHC-1
1389125.jpg,McDonnell Douglas,MD-80,MD-87
1389219.jpg,Boeing,Boeing 747,747-300
1389246.jpg,Boeing,Boeing 757,757-200
1389257.jpg,Airbus,A320,A320
1389713.jpg,Boeing,Boeing 767,767-200
1389715.jpg,Saab,Saab 2000,Saab 2000
1390114.jpg,Saab,Saab 340,Saab 340
1390305.jpg,Boeing,Boeing 737,737-800
1390306.jpg,Airbus,A320,A321
1390310.jpg,Boeing,Boeing 767,767-200
1390327.jpg,Airbus,A340,A340-600
1390673.jpg,Embraer,EMB-120,EMB-120
1390758.jpg,Dassault Aviation,Falcon 900,Falcon 900
1391365.jpg,Douglas Aircraft Company,DC-3,DC-3
1391858.jpg,Gulfstream Aerospace,Gulfstream,Gulfstream IV
1391897.jpg,Dassault Aviation,Falcon 900,Falcon 900
1393334.jpg,Boeing,Boeing 737,737-300
1393350.jpg,Canadair,CRJ-700,CRJ-900
1393354.jpg,Airbus,A320,A318
1393627.jpg,ATR,ATR-42,ATR-42
1393629.jpg,Dornier,Dornier 328,Dornier 328
1393630.jpg,Boeing,Boeing 737,737-400
1393634.jpg,Boeing,Boeing 737,737-700
1394145.jpg,Canadair,Challenger 600,Challenger 600
1394172.jpg,Dornier,Dornier 328,Dornier 328
1394255.jpg,Fokker,Fokker 100,Fokker 100
1395373.jpg,Dassault Aviation,Falcon 900,Falcon 900
1395431.jpg,Lockheed Corporation,C-130,C-130
1395492.jpg,Boeing,Boeing 747,747-400
1395798.jpg,Boeing,Boeing 737,737-200
1395799.jpg,Cessna,Cessna 172,Cessna 172
1395880.jpg,Cessna,Cessna Citation,Cessna 525
1396258.jpg,Cessna,Cessna 172,Cessna 172
1396726.jpg,Airbus,A330,A330-300
1396728.jpg,McDonnell Douglas,MD-80,MD-87
1396737.jpg,Airbus,A330,A330-300
1396876.jpg,Boeing,Boeing 737,737-300
1396939.jpg,Airbus,A320,A318
1396940.jpg,Canadair,CRJ-200,CRJ-200
1396941.jpg,Airbus,A320,A320
1397217.jpg,de Havilland,DHC-1,DHC-1
1397531.jpg,Embraer,EMB-120,EMB-120
1398071.jpg,de Havilland,DH-82,DH-82
1398168.jpg,Cessna,Cessna Citation,Cessna 560
1398419.jpg,Piper,PA-28,PA-28
1398420.jpg,Robin,DR-400,DR-400
1398436.jpg,Boeing,Boeing 737,737-200
1398526.jpg,Boeing,Boeing 737,737-900
1398527.jpg,Ilyushin,Il-76,Il-76
1398649.jpg,Boeing,Boeing 777,777-300
1398764.jpg,McDonnell Douglas,MD-80,MD-80
1398832.jpg,Boeing,Boeing 747,747-300
1398857.jpg,Boeing,Boeing 717,Boeing 717
1398863.jpg,Boeing,Boeing 737,737-400
1398924.jpg,Boeing,Boeing 737,737-800
1398927.jpg,Canadair,Challenger 600,Challenger 600
1398963.jpg,Ilyushin,Il-76,Il-76
1398982.jpg,Embraer,Embraer E-Jet,E-195
1398983.jpg,Boeing,Boeing 757,757-300
1398987.jpg,Boeing,Boeing 737,737-600
1399587.jpg,Saab,Saab 340,Saab 340
1399596.jpg,Embraer,Embraer ERJ 145,ERJ 135
1400105.jpg,Boeing,Boeing 737,737-600
1400446.jpg,Airbus,A320,A319
1400629.jpg,Gulfstream Aerospace,Gulfstream,Gulfstream V
1400738.jpg,Gulfstream Aerospace,Gulfstream,Gulfstream V
1401062.jpg,Boeing,Boeing 777,777-200
1401542.jpg,Robin,DR-400,DR-400
1401570.jpg,de Havilland,DHC-1,DHC-1
1401585.jpg,Embraer,Embraer E-Jet,E-190
1401587.jpg,Airbus,A320,A320
1401605.jpg,Cessna,Cessna Citation,Cessna 560
1401606.jpg,Canadair,CRJ-700,CRJ-900
1401747.jpg,Boeing,Boeing 737,737-600
1401750.jpg,Embraer,Embraer ERJ 145,ERJ 145
1401767.jpg,McDonnell Douglas,F/A-18,F/A-18
1401878.jpg,Boeing,Boeing 737,737-600
1402021.jpg,Boeing,Boeing 747,747-200
1403152.jpg,Bombardier Aerospace,Global Express,Global Express
1403158.jpg,Boeing,Boeing 737,737-800
1404365.jpg,ATR,ATR-42,ATR-42
1404383.jpg,de Havilland,DHC-1,DHC-1
1404391.jpg,Lockheed Corporation,C-130,C-130
1404396.jpg,Dornier,Dornier 328,Dornier 328
1404441.jpg,Douglas Aircraft Company,C-47,C-47
1404675.jpg,Embraer,Embraer ERJ 145,ERJ 145
1405302.jpg,Piper,PA-28,PA-28
1405368.jpg,Piper,PA-28,PA-28
1405447.jpg,Boeing,Boeing 737,737-500
1405536.jpg,Boeing,Boeing 777,777-200
1407337.jpg,British Aerospace,BAE 146,BAE 146-200
1407338.jpg,British Aerospace,BAE 146,BAE 146-200
1407339.jpg,Dornier,Dornier 328,Dornier 328
1407349.jpg,Fokker,Fokker 50,Fokker 50
1407350.jpg,British Aerospace,BAE 146,BAE 146-300
1407502.jpg,Saab,Saab 340,Saab 340
1407503.jpg,Embraer,EMB-120,EMB-120
1407531.jpg,Embraer,EMB-120,EMB-120
1408171.jpg,Robin,DR-400,DR-400
1408313.jpg,Embraer,Embraer E-Jet,E-195
1408685.jpg,Robin,DR-400,DR-400
1408695.jpg,Robin,DR-400,DR-400
1408735.jpg,Panavia,Tornado,Tornado
1408802.jpg,ATR,ATR-72,ATR-72
1409250.jpg,Boeing,Boeing 747,747-300
1409353.jpg,Supermarine,Spitfire,Spitfire
1409946.jpg,Fokker,Fokker 70,Fokker 70
1409998.jpg,Bombardier Aerospace,Global Express,Global Express
1410097.jpg,Gulfstream Aerospace,Gulfstream,Gulfstream V
1410102.jpg,Gulfstream Aerospace,Gulfstream,Gulfstream IV
1410103.jpg,Embraer,Embraer Legacy 600,Embraer Legacy 600
1410104.jpg,Gulfstream Aerospace,Gulfstream,Gulfstream IV
1410356.jpg,Fairchild,Metroliner,Metroliner
1410729.jpg,McDonnell Douglas,MD-11,MD-11
1411124.jpg,de Havilland,DH-82,DH-82
1411126.jpg,McDonnell Douglas,DC-9,DC-9-30
1411216.jpg,Boeing,Boeing 737,737-200
1412287.jpg,Dassault Aviation,Falcon 2000,Falcon 2000
1412618.jpg,de Havilland,Dash 8,DHC-8-100
1412890.jpg,Embraer,Embraer E-Jet,E-170
1412918.jpg,Tupolev,Tu-154,Tu-154
1413133.jpg,Embraer,Embraer ERJ 145,ERJ 135
1413139.jpg,Embraer,Embraer Legacy 600,Embraer Legacy 600
1413143.jpg,Dornier,Dornier 328,Dornier 328
1413233.jpg,Boeing,Boeing 767,767-200
1413237.jpg,Bombardier Aerospace,Global Express,Global Express
1413239.jpg,Airbus,A320,A319
1413316.jpg,Airbus,A330,A330-200
1413317.jpg,Airbus,A340,A340-300
1413805.jpg,Antonov,An-12,An-12
1414253.jpg,Airbus,A340,A340-300
1414282.jpg,Piper,PA-28,PA-28
1414284.jpg,Embraer,Embraer ERJ 145,ERJ 135
1414395.jpg,Lockheed Corporation,C-130,C-130
1414824.jpg,Saab,Saab 2000,Saab 2000
1414836.jpg,Canadair,CRJ-200,CRJ-200
1414838.jpg,Embraer,EMB-120,EMB-120
1414866.jpg,British Aerospace,BAE 146,BAE 146-300
1415430.jpg,Beechcraft,Beechcraft 1900,Beechcraft 1900
1415431.jpg,Airbus,A320,A319
1415495.jpg,Boeing,Boeing 757,757-200
1415519.jpg,McDonnell Douglas,F/A-18,F/A-18
1415611.jpg,Boeing,Boeing 747,747-100
1415721.jpg,British Aerospace,BAE 146,BAE 146-300
1415738.jpg,Tupolev,Tu-154,Tu-154
1416312.jpg,Boeing,Boeing 757,757-300
1416499.jpg,McDonnell Douglas,F/A-18,F/A-18
1416981.jpg,Douglas Aircraft Company,DC-3,DC-3
1417184.jpg,Airbus,A320,A318
1417441.jpg,Airbus,A380,A380
1417568.jpg,British Aerospace,BAE 146,BAE 146-300
1417777.jpg,British Aerospace,BAE-125,BAE-125
1417964.jpg,Airbus,A340,A340-500
1418226.jpg,Boeing,Boeing 777,777-300
1418227.jpg,Boeing,Boeing 777,777-300
1418231.jpg,Boeing,Boeing 737,737-600
1418270.jpg,Embraer,Embraer ERJ 145,ERJ 135
1418311.jpg,McDonnell Douglas,F/A-18,F/A-18
1418775.jpg,Dassault Aviation,Falcon 2000,Falcon 2000
1418807.jpg,Tupolev,Tu-154,Tu-154
1418846.jpg,Panavia,Tornado,Tornado
1418848.jpg,Cessna,Cessna 172,Cessna 172
1418871.jpg,Douglas Aircraft Company,DC-6,DC-6
1419049.jpg,Boeing,Boeing 737,737-900
1419958.jpg,British Aerospace,BAE-125,BAE-125
1420016.jpg,Embraer,Embraer E-Jet,E-195
1420069.jpg,Embraer,Embraer E-Jet,E-190
1420117.jpg,Airbus,A340,A340-600
1420123.jpg,Beechcraft,King Air,Model B200
1420523.jpg,Gulfstream Aerospace,Gulfstream,Gulfstream V
1420545.jpg,Boeing,Boeing 767,767-300
1420606.jpg,Embraer,Embraer Legacy 600,Embraer Legacy 600
1421021.jpg,Boeing,Boeing 737,737-800
1421262.jpg,McDonnell Douglas,MD-80,MD-80
1421346.jpg,Airbus,A340,A340-500
1422135.jpg,de Havilland,Dash 8,DHC-8-100
1422217.jpg,de Havilland,DH-82,DH-82
1422830.jpg,Beechcraft,Beechcraft 1900,Beechcraft 1900
1423425.jpg,Airbus,A300,A300B4
1423426.jpg,Boeing,Boeing 737,737-500
1423432.jpg,Piper,PA-28,PA-28
1423583.jpg,Boeing,Boeing 707,707-320
1423648.jpg,Canadair,Challenger 600,Challenger 600
1423710.jpg,Robin,DR-400,DR-400
1424924.jpg,Boeing,Boeing 757,757-200
1425043.jpg,Beechcraft,King Air,Model B200
1425171.jpg,Canadair,Challenger 600,Challenger 600
1425173.jpg,Tupolev,Tu-134,Tu-134
1425231.jpg,Gulfstream Aerospace,Gulfstream,Gulfstream IV
1425386.jpg,Saab,Saab 340,Saab 340
1425500.jpg,de Havilland,DH-82,DH-82
1425610.jpg,Dassault Aviation,Falcon 2000,Falcon 2000
1425707.jpg,Gulfstream Aerospace,Gulfstream,Gulfstream IV
1425737.jpg,Airbus,A340,A340-600
1426059.jpg,ATR,ATR-42,ATR-42
1426173.jpg,Beechcraft,King Air,Model B200
1426175.jpg,Dornier,Dornier 328,Dornier 328
1426286.jpg,Tupolev,Tu-154,Tu-154
1426351.jpg,Canadair,Challenger 600,Challenger 600
1426511.jpg,de Havilland,Dash 8,DHC-8-300
1426512.jpg,Dornier,Dornier 328,Dornier 328
1426513.jpg,Fokker,Fokker 50,Fokker 50
1426526.jpg,Canadair,CRJ-700,CRJ-700
1426527.jpg,Boeing,Boeing 727,727-200
1426565.jpg,Boeing,Boeing 737,737-300
1426606.jpg,Bombardier Aerospace,Global Express,Global Express
1426707.jpg,Canadair,CRJ-200,CRJ-200
1426711.jpg,McDonnell Douglas,MD-80,MD-87
1426920.jpg,Douglas Aircraft Company,DC-8,DC-8
1426948.jpg,Airbus,A340,A340-600
1427111.jpg,Beechcraft,King Air,Model B200
1427112.jpg,Airbus,A330,A330-300
1427275.jpg,Airbus,A330,A330-300
1427671.jpg,de Havilland,DHC-1,DHC-1
1427673.jpg,Boeing,Boeing 747,747-100
1427680.jpg,Boeing,Boeing 707,707-320
1428031.jpg,Fairchild,Metroliner,Metroliner
1428219.jpg,Lockheed Corporation,L-1011,L-1011
1428220.jpg,Boeing,Boeing 747,747-100
1428349.jpg,Eurofighter,Eurofighter Typhoon,Eurofighter Typhoon
1428350.jpg,Robin,DR-400,DR-400
1428644.jpg,Boeing,Boeing 737,737-700
1428985.jpg,Douglas Aircraft Company,DC-8,DC-8
1429072.jpg,Embraer,Embraer ERJ 145,ERJ 135
1429156.jpg,McDonnell Douglas,MD-90,MD-90
1429165.jpg,McDonnell Douglas,MD-90,MD-90
1429177.jpg,Embraer,Embraer Legacy 600,Embraer Legacy 600
1429258.jpg,McDonnell Douglas,MD-80,MD-87
1429288.jpg,Canadair,CRJ-700,CRJ-700
1429301.jpg,Boeing,Boeing 777,777-300
1429538.jpg,Airbus,A340,A340-500
1429708.jpg,McDonnell Douglas,MD-11,MD-11
1429709.jpg,Boeing,Boeing 737,737-900
1429795.jpg,Tupolev,Tu-154,Tu-154
1429799.jpg,Airbus,A300,A300B4
1429835.jpg,ATR,ATR-42,ATR-42
1429836.jpg,Airbus,A310,A310
1429838.jpg,Fokker,Fokker 100,Fokker 100
1429846.jpg,Boeing,Boeing 737,737-600
1429850.jpg,Boeing,Boeing 777,777-200
1429966.jpg,Yakovlev,Yak-42,Yak-42
1430003.jpg,Bombardier Aerospace,Global Express,Global Express
1430016.jpg,Dassault Aviation,Falcon 900,Falcon 900
1430019.jpg,Tupolev,Tu-154,Tu-154
1430022.jpg,Yakovlev,Yak-42,Yak-42
1430027.jpg,Gulfstream Aerospace,Gulfstream,Gulfstream IV
1443070.jpg,Eurofighter,Eurofighter Typhoon,Eurofighter Typhoon
1443452.jpg,Douglas Aircraft Company,C-47,C-47
1443523.jpg,Douglas Aircraft Company,DC-8,DC-8
1443525.jpg,de Havilland,Dash 8,DHC-8-300
1443542.jpg,Douglas Aircraft Company,DC-6,DC-6
1443841.jpg,Dornier,Dornier 328,Dornier 328
1444145.jpg,de Havilland,Dash 8,DHC-8-300
1444712.jpg,Canadair,Challenger 600,Challenger 600
1444715.jpg,Cessna,Cessna Citation,Cessna 525
1444739.jpg,Airbus,A330,A330-300
1444742.jpg,Saab,Saab 340,Saab 340
1444748.jpg,Embraer,Embraer E-Jet,E-170
1444896.jpg,Boeing,Boeing 737,737-500
1445108.jpg,de Havilland,Dash 8,DHC-8-300
1445486.jpg,Embraer,Embraer ERJ 145,ERJ 135
1445587.jpg,McDonnell Douglas,MD-90,MD-90
1445618.jpg,British Aerospace,BAE-125,BAE-125
1446249.jpg,Airbus,A340,A340-200
1446335.jpg,Boeing,Boeing 707,707-320
1446336.jpg,Douglas Aircraft Company,C-47,C-47
1446337.jpg,Beechcraft,King Air,Model B200
1446340.jpg,Ilyushin,Il-76,Il-76
1446341.jpg,Boeing,Boeing 737,737-700
1446378.jpg,Boeing,Boeing 727,727-200
1446456.jpg,Airbus,A310,A310
1446516.jpg,Boeing,Boeing 737,737-300
1447126.jpg,Tupolev,Tu-154,Tu-154
1447127.jpg,Gulfstream Aerospace,Gulfstream,Gulfstream V
1447274.jpg,Boeing,Boeing 757,757-200
1447340.jpg,Canadair,CRJ-200,CRJ-200
1447563.jpg,Canadair,Challenger 600,Challenger 600
1447577.jpg,Airbus,A300,A300B4
1447976.jpg,Canadair,CRJ-700,CRJ-700
1447977.jpg,McDonnell Douglas,MD-80,MD-87
1448036.jpg,Fokker,Fokker 100,Fokker 100
1448054.jpg,Antonov,An-12,An-12
1448066.jpg,McDonnell Douglas,DC-10,DC-10
1448175.jpg,Boeing,Boeing 777,777-200
1448765.jpg,de Havilland,DHC-1,DHC-1
1449103.jpg,Gulfstream Aerospace,Gulfstream,Gulfstream IV
1449320.jpg,de Havilland,DHC-6,DHC-6
1449580.jpg,Fokker,Fokker 100,Fokker 100
1449582.jpg,Cessna,Cessna 208,Cessna 208
1450008.jpg,Boeing,Boeing 747,747-400
1450568.jpg,Supermarine,Spitfire,Spitfire
1451197.jpg,Piper,PA-28,PA-28
1451426.jpg,British Aerospace,BAE-125,BAE-125
1451428.jpg,Dassault Aviation,Falcon 2000,Falcon 2000
1451659.jpg,Ilyushin,Il-76,Il-76
1451909.jpg,de Havilland,DH-82,DH-82
1452537.jpg,British Aerospace,Hawk T1,Hawk T1
1453430.jpg,Dornier,Dornier 328,Dornier 328
1453506.jpg,Fokker,Fokker 100,Fokker 100
1453508.jpg,Boeing,Boeing 707,707-320
1454166.jpg,Douglas Aircraft Company,DC-6,DC-6
1454199.jpg,Airbus,A380,A380
1454285.jpg,Eurofighter,Eurofighter Typhoon,Eurofighter Typhoon
1454446.jpg,Boeing,Boeing 737,737-700
1455184.jpg,Embraer,Embraer Legacy 600,Embraer Legacy 600
1455320.jpg,Boeing,Boeing 717,Boeing 717
1455391.jpg,Dornier,Dornier 328,Dornier 328
1455394.jpg,Embraer,Embraer E-Jet,E-195
1455400.jpg,Gulfstream Aerospace,Gulfstream,Gulfstream IV
1455403.jpg,Fokker,Fokker 100,Fokker 100
1455902.jpg,Douglas Aircraft Company,C-47,C-47
1455912.jpg,McDonnell Douglas,MD-80,MD-87
1455997.jpg,Beechcraft,Beechcraft 1900,Beechcraft 1900
1455998.jpg,Boeing,Boeing 737,737-200
1456004.jpg,Boeing,Boeing 737,737-300
1456005.jpg,Boeing,Boeing 777,777-200
1456007.jpg,Douglas Aircraft Company,DC-6,DC-6
1456775.jpg,Boeing,Boeing 737,737-900
1456849.jpg,Airbus,A380,A380
1457085.jpg,Fokker,Fokker 100,Fokker 100
1457541.jpg,Canadair,CRJ-700,CRJ-900
1457710.jpg,Airbus,A340,A340-600
1458030.jpg,Embraer,Embraer E-Jet,E-190
1458698.jpg,Airbus,A320,A320
1458702.jpg,Dornier,Dornier 328,Dornier 328
1458705.jpg,Boeing,Boeing 777,777-200
1458765.jpg,Canadair,Challenger 600,Challenger 600
1459118.jpg,Airbus,A340,A340-300
1459119.jpg,ATR,ATR-72,ATR-72
1459120.jpg,ATR,ATR-72,ATR-72
1459173.jpg,Boeing,Boeing 737,737-500
1459176.jpg,Ilyushin,Il-76,Il-76
1459188.jpg,Airbus,A320,A319
1459191.jpg,Boeing,Boeing 727,727-200
1459209.jpg,ATR,ATR-42,ATR-42
1459210.jpg,Boeing,Boeing 737,737-800
1459418.jpg,Airbus,A330,A330-200
1459931.jpg,Embraer,Embraer E-Jet,E-195
1460096.jpg,Robin,DR-400,DR-400
1461207.jpg,Airbus,A340,A340-300
1461218.jpg,Embraer,Embraer E-Jet,E-170
1461262.jpg,McDonnell Douglas,MD-80,MD-87
1461265.jpg,Douglas Aircraft Company,DC-8,DC-8
1461266.jpg,Airbus,A340,A340-600
1461267.jpg,McDonnell Douglas,DC-10,DC-10
1461298.jpg,Airbus,A330,A330-200
1461334.jpg,Douglas Aircraft Company,C-47,C-47
1461716.jpg,Beechcraft,King Air,Model B200
1461862.jpg,Airbus,A320,A321
1462854.jpg,Airbus,A340,A340-300
1463710.jpg,Lockheed Martin,F-16,F-16A/B
1463774.jpg,Boeing,Boeing 757,757-300
1464135.jpg,Canadair,CRJ-700,CRJ-900
1464252.jpg,Airbus,A310,A310
1465113.jpg,Piper,PA-28,PA-28
1465151.jpg,Cirrus Aircraft,SR-20,SR-20
1465191.jpg,Eurofighter,Eurofighter Typhoon,Eurofighter Typhoon
1465199.jpg,Embraer,Embraer Legacy 600,Embraer Legacy 600
1465203.jpg,de Havilland,Dash 8,DHC-8-300
1465204.jpg,McDonnell Douglas,MD-90,MD-90
1465214.jpg,Cessna,Cessna Citation,Cessna 560
1465365.jpg,British Aerospace,BAE 146,BAE 146-300
1465847.jpg,Canadair,CRJ-700,CRJ-900
1467620.jpg,Airbus,A330,A330-300
1467687.jpg,de Havilland,Dash 8,DHC-8-300
1467694.jpg,McDonnell Douglas,MD-80,MD-87
1467698.jpg,McDonnell Douglas,MD-80,MD-80
1468153.jpg,British Aerospace,Hawk T1,Hawk T1
1468387.jpg,Beechcraft,King Air,Model B200
1468398.jpg,Embraer,Embraer ERJ 145,ERJ 145
1468399.jpg,Cessna,Cessna Citation,Cessna 525
1468400.jpg,Cessna,Cessna Citation,Cessna 560
1468401.jpg,Cessna,Cessna Citation,Cessna 525
1468661.jpg,Canadair,Challenger 600,Challenger 600
1468752.jpg,Supermarine,Spitfire,Spitfire
1468767.jpg,Cirrus Aircraft,SR-20,SR-20
1468794.jpg,Bombardier Aerospace,Global Express,Global Express
1468804.jpg,Cessna,Cessna Citation,Cessna 560
1468807.jpg,Canadair,Challenger 600,Challenger 600
1469089.jpg,Eurofighter,Eurofighter Typhoon,Eurofighter Typhoon
1469524.jpg,Airbus,A310,A310
1469629.jpg,Boeing,Boeing 777,777-200
1469661.jpg,Airbus,A340,A340-300
1469672.jpg,Airbus,A340,A340-500
1469673.jpg,ATR,ATR-72,ATR-72
1469691.jpg,Boeing,Boeing 747,747-400
1469692.jpg,Airbus,A340,A340-500
1469699.jpg,Embraer,Embraer E-Jet,E-195
1469709.jpg,Airbus,A340,A340-500
1469731.jpg,McDonnell Douglas,MD-90,MD-90
1469738.jpg,Airbus,A320,A321
1469768.jpg,Airbus,A340,A340-300
1469839.jpg,McDonnell Douglas,MD-80,MD-80
1469918.jpg,Boeing,Boeing 747,747-300
1469943.jpg,Cessna,Cessna Citation,Cessna 560
1470663.jpg,Airbus,A320,A320
1470793.jpg,Boeing,Boeing 737,737-800
1471166.jpg,ATR,ATR-72,ATR-72
1471167.jpg,Airbus,A340,A340-600
1471543.jpg,Airbus,A320,A320
1471544.jpg,Boeing,Boeing 737,737-900
1471554.jpg,Embraer,Embraer E-Jet,E-170
1471640.jpg,Airbus,A330,A330-200
1471641.jpg,Gulfstream Aerospace,Gulfstream,Gulfstream V
1471690.jpg,Boeing,Boeing 757,757-300
1471691.jpg,Boeing,Boeing 757,757-200
1471734.jpg,Embraer,Embraer Legacy 600,Embraer Legacy 600
1471735.jpg,Boeing,Boeing 737,737-200
1471860.jpg,Beechcraft,King Air,Model B200
1472109.jpg,Beechcraft,King Air,Model B200
1472187.jpg,Boeing,Boeing 777,777-200
1472188.jpg,McDonnell Douglas,MD-11,MD-11
1472400.jpg,Piper,PA-28,PA-28
1472410.jpg,de Havilland,DH-82,DH-82
1472586.jpg,British Aerospace,Hawk T1,Hawk T1
1473973.jpg,Canadair,CRJ-700,CRJ-700
1474064.jpg,Boeing,Boeing 717,Boeing 717
1474094.jpg,Boeing,Boeing 767,767-300
1474100.jpg,McDonnell Douglas,MD-80,MD-80
1474240.jpg,Dornier,Dornier 328,Dornier 328
1474251.jpg,Boeing,Boeing 737,737-400
1474763.jpg,Embraer,Embraer ERJ 145,ERJ 135
1474933.jpg,Boeing,Boeing 717,Boeing 717
1475361.jpg,Embraer,Embraer ERJ 145,ERJ 135
1475593.jpg,Canadair,CRJ-700,CRJ-900
1476061.jpg,Cessna,Cessna Citation,Cessna 525
1476102.jpg,Boeing,Boeing 767,767-400
1476103.jpg,Embraer,Embraer Legacy 600,Embraer Legacy 600
1476106.jpg,Tupolev,Tu-134,Tu-134
1476163.jpg,Ilyushin,Il-76,Il-76
1476339.jpg,British Aerospace,Hawk T1,Hawk T1
1476428.jpg,Saab,Saab 2000,Saab 2000
1476615.jpg,Boeing,Boeing 737,737-900
1476642.jpg,Boeing,Boeing 737,737-500
1476645.jpg,Cirrus Aircraft,SR-20,SR-20
1476954.jpg,Lockheed Corporation,L-1011,L-1011
1476963.jpg,Lockheed Martin,F-16,F-16A/B
1477073.jpg,British Aerospace,Hawk T1,Hawk T1
1479241.jpg,Boeing,Boeing 767,767-300
1479680.jpg,Dassault Aviation,Falcon 2000,Falcon 2000
1480281.jpg,McDonnell Douglas,MD-90,MD-90
1480422.jpg,Cessna,Cessna Citation,Cessna 525
1481131.jpg,Tupolev,Tu-154,Tu-154
1481159.jpg,Boeing,Boeing 737,737-500
1481647.jpg,Canadair,CRJ-700,CRJ-700
1481649.jpg,de Havilland,DHC-1,DHC-1
1482188.jpg,Embraer,Embraer ERJ 145,ERJ 145
1482189.jpg,Bombardier Aerospace,Global Express,Global Express
1482270.jpg,Panavia,Tornado,Tornado
1482335.jpg,Embraer,Embraer Legacy 600,Embraer Legacy 600
1482540.jpg,Piper,PA-28,PA-28
1482541.jpg,Cirrus Aircraft,SR-20,SR-20
1483143.jpg,Canadair,CRJ-700,CRJ-900
1483195.jpg,Boeing,Boeing 737,737-400
1483441.jpg,Airbus,A320,A319
1484700.jpg,Beechcraft,Beechcraft 1900,Beechcraft 1900
1484701.jpg,Airbus,A340,A340-600
1485655.jpg,Piper,PA-28,PA-28
1485890.jpg,Supermarine,Spitfire,Spitfire
1486383.jpg,Boeing,Boeing 757,757-300
1486386.jpg,Embraer,Embraer ERJ 145,ERJ 135
1486401.jpg,British Aerospace,BAE 146,BAE 146-300
1486550.jpg,Antonov,An-12,An-12
1486631.jpg,Boeing,Boeing 767,767-400
1486682.jpg,Boeing,Boeing 747,747-200
1486858.jpg,Airbus,A310,A310
1486859.jpg,Airbus,A340,A340-600
1486878.jpg,Boeing,Boeing 757,757-300
1488620.jpg,Cessna,Cessna 172,Cessna 172
1489560.jpg,Airbus,A340,A340-500
1490907.jpg,Piper,PA-28,PA-28
1492329.jpg,British Aerospace,BAE 146,BAE 146-200
1492330.jpg,Beechcraft,King Air,Model B200
1493116.jpg,Dassault Aviation,Falcon 900,Falcon 900
1493118.jpg,Boeing,Boeing 757,757-200
1494935.jpg,Beechcraft,King Air,Model B200
1495242.jpg,McDonnell Douglas,MD-80,MD-87
1495298.jpg,Airbus,A340,A340-600
1495768.jpg,Cessna,Cessna 172,Cessna 172
1496408.jpg,Boeing,Boeing 777,777-300
1496924.jpg,Eurofighter,Eurofighter Typhoon,Eurofighter Typhoon
1496926.jpg,Beechcraft,King Air,Model B200
1496971.jpg,Airbus,A320,A321
1498555.jpg,Canadair,CRJ-700,CRJ-700
1498556.jpg,Boeing,Boeing 737,737-700
1498679.jpg,Gulfstream Aerospace,Gulfstream,Gulfstream IV
1498794.jpg,Dassault Aviation,Falcon 900,Falcon 900
1499332.jpg,de Havilland,DH-82,DH-82
1499561.jpg,Eurofighter,Eurofighter Typhoon,Eurofighter Typhoon
1499562.jpg,Eurofighter,Eurofighter Typhoon,Eurofighter Typhoon
1499817.jpg,Lockheed Martin,F-16,F-16A/B
1499818.jpg,Lockheed Martin,F-16,F-16A/B
1499821.jpg,Eurofighter,Eurofighter Typhoon,Eurofighter Typhoon
1499880.jpg,Eurofighter,Eurofighter Typhoon,Eurofighter Typhoon
1500383.jpg,Canadair,CRJ-700,CRJ-900
1500490.jpg,McDonnell Douglas,MD-80,MD-87
1500676.jpg,Gulfstream Aerospace,Gulfstream,Gulfstream IV
1500991.jpg,Airbus,A330,A330-300
1501746.jpg,Beechcraft,King Air,Model B200
1501838.jpg,Yakovlev,Yak-42,Yak-42
1501931.jpg,Airbus,A340,A340-300
1502176.jpg,Douglas Aircraft Company,C-47,C-47
1502611.jpg,Cirrus Aircraft,SR-20,SR-20
1502612.jpg,Cessna,Cessna 172,Cessna 172
1503445.jpg,Canadair,CRJ-700,CRJ-900
1503448.jpg,Piper,PA-28,PA-28
1503577.jpg,Fokker,Fokker 70,Fokker 70
1503757.jpg,Boeing,Boeing 737,737-400
1503758.jpg,Embraer,Embraer ERJ 145,ERJ 145
1503761.jpg,Boeing,Boeing 737,737-700
1503763.jpg,Airbus,A320,A318
1505652.jpg,Boeing,Boeing 747,747-400
1505793.jpg,Boeing,Boeing 777,777-300
1506226.jpg,Boeing,Boeing 737,737-400
1506678.jpg,British Aerospace,Hawk T1,Hawk T1
1506812.jpg,Boeing,Boeing 767,767-400
1506896.jpg,Boeing,Boeing 747,747-400
1507344.jpg,Piper,PA-28,PA-28
1507531.jpg,Airbus,A340,A340-200
1507992.jpg,Cessna,Cessna 172,Cessna 172
1508047.jpg,Airbus,A380,A380
1508811.jpg,Cessna,Cessna Citation,Cessna 560
1508910.jpg,Airbus,A340,A340-600
1509369.jpg,Douglas Aircraft Company,DC-3,DC-3
1510217.jpg,Embraer,Embraer E-Jet,E-190
1510253.jpg,Boeing,Boeing 737,737-700
1510644.jpg,Cessna,Cessna 208,Cessna 208
1510899.jpg,Airbus,A320,A321
1511271.jpg,Airbus,A300,A300B4
1511412.jpg,Embraer,EMB-120,EMB-120
1511748.jpg,de Havilland,DHC-1,DHC-1
1512865.jpg,Boeing,Boeing 727,727-200
1513134.jpg,Robin,DR-400,DR-400
1513616.jpg,Boeing,Boeing 747,747-200
1513734.jpg,de Havilland,DHC-1,DHC-1
1514209.jpg,Dassault Aviation,Falcon 900,Falcon 900
1514213.jpg,ATR,ATR-42,ATR-42
1514228.jpg,Canadair,CRJ-700,CRJ-700
1514251.jpg,Airbus,A340,A340-500
1514289.jpg,Boeing,Boeing 767,767-200
1514479.jpg,Boeing,Boeing 737,737-200
1514481.jpg,Boeing,Boeing 707,707-320
1514483.jpg,Airbus,A310,A310
1514484.jpg,Boeing,Boeing 707,707-320
1514487.jpg,Boeing,Boeing 727,727-200
1514522.jpg,Boeing,Boeing 707,707-320
1514524.jpg,Douglas Aircraft Company,DC-8,DC-8
1514578.jpg,Boeing,Boeing 747,747-400
1514936.jpg,Boeing,Boeing 777,777-200
1515540.jpg,Boeing,Boeing 747,747-400
1516339.jpg,Boeing,Boeing 737,737-200
1517329.jpg,Canadair,CRJ-700,CRJ-900
1517850.jpg,Douglas Aircraft Company,DC-6,DC-6
1517855.jpg,Airbus,A300,A300B4
1517885.jpg,McDonnell Douglas,MD-80,MD-87
1517894.jpg,Douglas Aircraft Company,C-47,C-47
1518449.jpg,Dassault Aviation,Falcon 900,Falcon 900
1518619.jpg,Boeing,Boeing 767,767-300
1518652.jpg,Boeing,Boeing 707,707-320
1519022.jpg,Embraer,Embraer E-Jet,E-195
1519194.jpg,Boeing,Boeing 747,747-200
1519381.jpg,Boeing,Boeing 757,757-300
1519453.jpg,Fokker,Fokker 50,Fokker 50
1519466.jpg,Embraer,EMB-120,EMB-120
1519485.jpg,Fairchild,Metroliner,Metroliner
1519495.jpg,McDonnell Douglas,MD-80,MD-87
1519774.jpg,Embraer,Embraer ERJ 145,ERJ 145
1519814.jpg,Embraer,Embraer E-Jet,E-190
1520357.jpg,Embraer,Embraer E-Jet,E-195
1520426.jpg,Boeing,Boeing 767,767-400
1521075.jpg,Fokker,Fokker 70,Fokker 70
1521101.jpg,ATR,ATR-72,ATR-72
1521239.jpg,Dassault Aviation,Falcon 2000,Falcon 2000
1521506.jpg,Robin,DR-400,DR-400
1521727.jpg,Embraer,Embraer Legacy 600,Embraer Legacy 600
1521750.jpg,Boeing,Boeing 767,767-200
1521758.jpg,Fokker,Fokker 70,Fokker 70
1521763.jpg,Boeing,Boeing 737,737-900
1521848.jpg,Boeing,Boeing 767,767-400
1521970.jpg,Robin,DR-400,DR-400
1522559.jpg,Canadair,Challenger 600,Challenger 600
1522562.jpg,Lockheed Corporation,C-130,C-130
1522816.jpg,Beechcraft,Beechcraft 1900,Beechcraft 1900
1522867.jpg,Lockheed Corporation,C-130,C-130
1523054.jpg,Beechcraft,King Air,Model B200
1523342.jpg,Canadair,Challenger 600,Challenger 600
1523369.jpg,McDonnell Douglas,DC-10,DC-10
1523427.jpg,de Havilland,DHC-1,DHC-1
1523794.jpg,McDonnell Douglas,MD-11,MD-11
1523895.jpg,McDonnell Douglas,DC-10,DC-10
1524816.jpg,Boeing,Boeing 737,737-600
1524818.jpg,Bombardier Aerospace,Global Express,Global Express
1525660.jpg,Airbus,A340,A340-600
1525661.jpg,Antonov,An-12,An-12
1525673.jpg,Cessna,Cessna 208,Cessna 208
1525894.jpg,Saab,Saab 340,Saab 340
1526019.jpg,Airbus,A320,A321
1526201.jpg,McDonnell Douglas,MD-11,MD-11
1526476.jpg,Boeing,Boeing 737,737-900
1526601.jpg,Cessna,Cessna 208,Cessna 208
1527350.jpg,British Aerospace,BAE-125,BAE-125
1527486.jpg,Airbus,A330,A330-200
1527501.jpg,Boeing,Boeing 737,737-400
1527502.jpg,Boeing,Boeing 757,757-200
1527503.jpg,Boeing,Boeing 747,747-400
1527504.jpg,Airbus,A320,A319
1527509.jpg,Embraer,Embraer E-Jet,E-190
1527514.jpg,Canadair,Challenger 600,Challenger 600
1527556.jpg,Douglas Aircraft Company,DC-6,DC-6
1527708.jpg,Bombardier Aerospace,Global Express,Global Express
1529275.jpg,Embraer,Embraer E-Jet,E-190
1529298.jpg,de Havilland,DH-82,DH-82
1529412.jpg,Fokker,Fokker 100,Fokker 100
1529574.jpg,Boeing,Boeing 737,737-900
1529601.jpg,Boeing,Boeing 717,Boeing 717
1529607.jpg,Boeing,Boeing 767,767-200
1530082.jpg,Boeing,Boeing 767,767-300
1530087.jpg,Beechcraft,Beechcraft 1900,Beechcraft 1900
1530572.jpg,Lockheed Corporation,L-1011,L-1011
1530788.jpg,Boeing,Boeing 777,777-200
1531175.jpg,Airbus,A380,A380
1531355.jpg,Airbus,A330,A330-300
1531356.jpg,Boeing,Boeing 767,767-300
1531429.jpg,Embraer,Embraer ERJ 145,ERJ 135
1531908.jpg,British Aerospace,BAE 146,BAE 146-200
1531909.jpg,Canadair,CRJ-200,CRJ-200
1531944.jpg,Dassault Aviation,Falcon 2000,Falcon 2000
1532634.jpg,Boeing,Boeing 737,737-400
1532636.jpg,de Havilland,DHC-1,DHC-1
1533267.jpg,de Havilland,DHC-1,DHC-1
1533629.jpg,de Havilland,Dash 8,DHC-8-100
1533873.jpg,Dassault Aviation,Falcon 900,Falcon 900
1534012.jpg,Boeing,Boeing 777,777-200
1534209.jpg,Airbus,A320,A318
1534214.jpg,Boeing,Boeing 757,757-300
1534326.jpg,Piper,PA-28,PA-28
1534376.jpg,Gulfstream Aerospace,Gulfstream,Gulfstream V
1534695.jpg,de Havilland,Dash 8,DHC-8-100
1534866.jpg,de Havilland,DHC-1,DHC-1
1534869.jpg,Lockheed Corporation,C-130,C-130
1535044.jpg,Boeing,Boeing 737,737-800
1535088.jpg,Canadair,CRJ-700,CRJ-900
1535181.jpg,Embraer,Embraer E-Jet,E-190
1535182.jpg,Embraer,Embraer Legacy 600,Embraer Legacy 600
1535190.jpg,Boeing,Boeing 717,Boeing 717
1535205.jpg,Dornier,Dornier 328,Dornier 328
1535321.jpg,Gulfstream Aerospace,Gulfstream,Gulfstream V
1535566.jpg,Airbus,A320,A318
1535637.jpg,British Aerospace,BAE-125,BAE-125
1535841.jpg,Douglas Aircraft Company,C-47,C-47
1535955.jpg,Fokker,Fokker 50,Fokker 50
1536390.jpg,Airbus,A320,A320
1537100.jpg,Airbus,A320,A318
1537569.jpg,Embraer,Embraer ERJ 145,ERJ 135
1538518.jpg,Fokker,Fokker 100,Fokker 100
1538520.jpg,Saab,Saab 2000,Saab 2000
1538799.jpg,British Aerospace,BAE-125,BAE-125
1538836.jpg,de Havilland,Dash 8,DHC-8-300
1538840.jpg,British Aerospace,BAE 146,BAE 146-200
1538841.jpg,Boeing,Boeing 737,737-300
1538844.jpg,Boeing,Boeing 737,737-800
1538889.jpg,Douglas Aircraft Company,C-47,C-47
1538918.jpg,Cirrus Aircraft,SR-20,SR-20
1539226.jpg,Dassault Aviation,Falcon 900,Falcon 900
1539227.jpg,Supermarine,Spitfire,Spitfire
1539297.jpg,Embraer,Embraer E-Jet,E-190
1539298.jpg,Airbus,A340,A340-300
1539325.jpg,Airbus,A330,A330-200
1539351.jpg,McDonnell Douglas,MD-90,MD-90
1539352.jpg,ATR,ATR-42,ATR-42
1539360.jpg,Embraer,Embraer Legacy 600,Embraer Legacy 600
1539361.jpg,Douglas Aircraft Company,C-47,C-47
1539398.jpg,de Havilland,DH-82,DH-82
1539422.jpg,ATR,ATR-72,ATR-72
1539428.jpg,Airbus,A320,A318
1539453.jpg,Cessna,Cessna 172,Cessna 172
1539455.jpg,Airbus,A310,A310
1539458.jpg,Fokker,Fokker 50,Fokker 50
1539459.jpg,Boeing,Boeing 737,737-300
1539524.jpg,Airbus,A320,A318
1539525.jpg,Boeing,Boeing 747,747-400
1539768.jpg,Boeing,Boeing 767,767-400
1540006.jpg,Robin,DR-400,DR-400
1540063.jpg,Saab,Saab 340,Saab 340
1540064.jpg,McDonnell Douglas,DC-9,DC-9-30
1540100.jpg,Airbus,A340,A340-500
1540121.jpg,Airbus,A330,A330-300
1540149.jpg,Airbus,A340,A340-300
1540297.jpg,Cessna,Cessna 208,Cessna 208
1540395.jpg,Beechcraft,Beechcraft 1900,Beechcraft 1900
1540396.jpg,Canadair,CRJ-700,CRJ-900
1540816.jpg,Fokker,Fokker 70,Fokker 70
1541263.jpg,Embraer,Embraer E-Jet,E-190
1541378.jpg,Airbus,A320,A319
1541381.jpg,Cessna,Cessna Citation,Cessna 560
1541386.jpg,Boeing,Boeing 747,747-400
1541387.jpg,British Aerospace,BAE 146,BAE 146-300
1541390.jpg,British Aerospace,BAE 146,BAE 146-300
1541506.jpg,Fokker,Fokker 100,Fokker 100
1541601.jpg,Robin,DR-400,DR-400
1541799.jpg,Douglas Aircraft Company,DC-6,DC-6
1542460.jpg,Saab,Saab 340,Saab 340
1542646.jpg,Canadair,CRJ-700,CRJ-900
1542770.jpg,Airbus,A320,A321
1542796.jpg,ATR,ATR-72,ATR-72
1542797.jpg,Bombardier Aerospace,Global Express,Global Express
1542798.jpg,Douglas Aircraft Company,DC-3,DC-3
1542799.jpg,Gulfstream Aerospace,Gulfstream,Gulfstream V
1543036.jpg,Douglas Aircraft Company,DC-3,DC-3
1543285.jpg,Saab,Saab 340,Saab 340
1543346.jpg,Douglas Aircraft Company,DC-3,DC-3
1543493.jpg,Dassault Aviation,Falcon 900,Falcon 900
1543498.jpg,McDonnell Douglas,MD-90,MD-90
1543509.jpg,Airbus,A340,A340-200
1543529.jpg,Boeing,Boeing 737,737-500
1543538.jpg,Bombardier Aerospace,Global Express,Global Express
1543563.jpg,Boeing,Boeing 737,737-500
1543648.jpg,Lockheed Corporation,C-130,C-130
1543693.jpg,British Aerospace,BAE 146,BAE 146-200
1544138.jpg,Yakovlev,Yak-42,Yak-42
1544139.jpg,Yakovlev,Yak-42,Yak-42
1544175.jpg,Tupolev,Tu-134,Tu-134
1544176.jpg,Tupolev,Tu-134,Tu-134
1544177.jpg,Boeing,Boeing 747,747-300
1544178.jpg,Yakovlev,Yak-42,Yak-42
1544222.jpg,Tupolev,Tu-154,Tu-154
1544976.jpg,Tupolev,Tu-134,Tu-134
1545067.jpg,Boeing,Boeing 777,777-300
1545068.jpg,Embraer,Embraer E-Jet,E-190
1545070.jpg,Airbus,A330,A330-300
1545141.jpg,Airbus,A320,A319
1545195.jpg,Embraer,Embraer ERJ 145,ERJ 145
1545325.jpg,Boeing,Boeing 737,737-500
1545691.jpg,Boeing,Boeing 737,737-800
1545981.jpg,British Aerospace,BAE-125,BAE-125
1545982.jpg,Cessna,Cessna Citation,Cessna 560
1545983.jpg,Antonov,An-12,An-12
1546041.jpg,Airbus,A320,A318
1546042.jpg,Fairchild,Metroliner,Metroliner
1546119.jpg,Beechcraft,Beechcraft 1900,Beechcraft 1900
1546282.jpg,Gulfstream Aerospace,Gulfstream,Gulfstream V
1546804.jpg,Boeing,Boeing 767,767-400
1546826.jpg,Embraer,Embraer ERJ 145,ERJ 135
1547722.jpg,Airbus,A330,A330-300
1547881.jpg,Boeing,Boeing 757,757-200
1548200.jpg,Beechcraft,Beechcraft 1900,Beechcraft 1900
1548400.jpg,Boeing,Boeing 737,737-700
1548402.jpg,Embraer,Embraer E-Jet,E-170
1548404.jpg,Boeing,Boeing 737,737-500
1548405.jpg,Boeing,Boeing 737,737-200
1548441.jpg,Canadair,CRJ-200,CRJ-200
1548444.jpg,de Havilland,Dash 8,DHC-8-300
1548486.jpg,Airbus,A320,A319
1548487.jpg,ATR,ATR-42,ATR-42
1548490.jpg,Embraer,Embraer ERJ 145,ERJ 145
1548863.jpg,Douglas Aircraft Company,DC-3,DC-3
1548951.jpg,Beechcraft,King Air,Model B200
1549035.jpg,Embraer,Embraer E-Jet,E-195
1549128.jpg,Airbus,A330,A330-200
1549180.jpg,Dornier,Dornier 328,Dornier 328
1549183.jpg,Boeing,Boeing 737,737-600
1549184.jpg,Embraer,Embraer ERJ 145,ERJ 145
1549188.jpg,British Aerospace,BAE 146,BAE 146-300
1549874.jpg,Gulfstream Aerospace,Gulfstream,Gulfstream V
1550042.jpg,Embraer,Embraer E-Jet,E-195
1550106.jpg,Boeing,Boeing 737,737-700
1550113.jpg,Dassault Aviation,Falcon 900,Falcon 900
1550136.jpg,Boeing,Boeing 747,747-400
1550162.jpg,Saab,Saab 340,Saab 340
1550265.jpg,Cessna,Cessna Citation,Cessna 560
1550643.jpg,Airbus,A330,A330-200
1550713.jpg,Embraer,Embraer ERJ 145,ERJ 145
1550758.jpg,Cessna,Cessna Citation,Cessna 525
1550821.jpg,Embraer,Embraer ERJ 145,ERJ 135
1550890.jpg,Boeing,Boeing 757,757-300
1551125.jpg,Embraer,Embraer E-Jet,E-195
1551279.jpg,Boeing,Boeing 737,737-700
1551547.jpg,de Havilland,DH-82,DH-82
1551549.jpg,British Aerospace,Hawk T1,Hawk T1
1551551.jpg,McDonnell Douglas,MD-80,MD-87
1551667.jpg,Cessna,Cessna Citation,Cessna 560
1551668.jpg,Airbus,A320,A320
1551732.jpg,Boeing,Boeing 777,777-300
1552161.jpg,Airbus,A340,A340-500
1552206.jpg,British Aerospace,BAE 146,BAE 146-200
1552592.jpg,Airbus,A320,A318
1552593.jpg,Lockheed Martin,F-16,F-16A/B
1552844.jpg,Embraer,Embraer ERJ 145,ERJ 135
1552976.jpg,Canadair,CRJ-700,CRJ-900
1553071.jpg,Boeing,Boeing 767,767-300
1553820.jpg,McDonnell Douglas,MD-80,MD-80
1553876.jpg,de Havilland,DH-82,DH-82
1553898.jpg,Airbus,A320,A320
1553993.jpg,Boeing,Boeing 747,747-400
1554094.jpg,Embraer,Embraer ERJ 145,ERJ 135
1554330.jpg,Airbus,A310,A310
1554632.jpg,Embraer,Embraer E-Jet,E-190
1554751.jpg,Canadair,CRJ-700,CRJ-900
1554795.jpg,McDonnell Douglas,MD-11,MD-11
1554878.jpg,British Aerospace,Hawk T1,Hawk T1
1555111.jpg,Airbus,A310,A310
1555557.jpg,Boeing,Boeing 777,777-300
1555715.jpg,Airbus,A340,A340-600
1555884.jpg,Airbus,A320,A321
1555985.jpg,Boeing,Boeing 717,Boeing 717
1556013.jpg,Eurofighter,Eurofighter Typhoon,Eurofighter Typhoon
1557747.jpg,Boeing,Boeing 777,777-300
1557910.jpg,ATR,ATR-42,ATR-42
1558179.jpg,Cirrus Aircraft,SR-20,SR-20
1558572.jpg,Fokker,Fokker 70,Fokker 70
1558772.jpg,Canadair,CRJ-700,CRJ-900
1559003.jpg,Lockheed Corporation,C-130,C-130
1559316.jpg,Saab,Saab 340,Saab 340
1559371.jpg,Airbus,A300,A300B4
1559372.jpg,Boeing,Boeing 737,737-400
1559373.jpg,Airbus,A320,A321
1559632.jpg,Fokker,Fokker 100,Fokker 100
1559654.jpg,Canadair,CRJ-700,CRJ-900
1560108.jpg,British Aerospace,Hawk T1,Hawk T1
1560399.jpg,Cirrus Aircraft,SR-20,SR-20
1560475.jpg,Airbus,A330,A330-200
1560573.jpg,Piper,PA-28,PA-28
1560576.jpg,Dassault Aviation,Falcon 2000,Falcon 2000
1560577.jpg,Cessna,Cessna Citation,Cessna 525
1560579.jpg,Boeing,Boeing 757,757-200
1560580.jpg,Panavia,Tornado,Tornado
1560581.jpg,Boeing,Boeing 737,737-300
1560605.jpg,Fokker,Fokker 70,Fokker 70
1560636.jpg,Cessna,Cessna 172,Cessna 172
1560786.jpg,Airbus,A380,A380
1560791.jpg,Boeing,Boeing 777,777-200
1560883.jpg,Supermarine,Spitfire,Spitfire
1560946.jpg,Embraer,Embraer Legacy 600,Embraer Legacy 600
1561276.jpg,ATR,ATR-42,ATR-42
1561334.jpg,Boeing,Boeing 737,737-800
1561406.jpg,Boeing,Boeing 767,767-300
1561986.jpg,Cessna,Cessna Citation,Cessna 525
1561989.jpg,Airbus,A310,A310
1561990.jpg,Boeing,Boeing 737,737-600
1562161.jpg,Fokker,Fokker 50,Fokker 50
1563038.jpg,Gulfstream Aerospace,Gulfstream,Gulfstream V
1563192.jpg,Boeing,Boeing 737,737-500
1563456.jpg,Boeing,Boeing 777,777-200
1563459.jpg,ATR,ATR-42,ATR-42
1563563.jpg,Canadair,CRJ-200,CRJ-200
1563889.jpg,Robin,DR-400,DR-400
1563891.jpg,British Aerospace,Hawk T1,Hawk T1
1563979.jpg,British Aerospace,BAE-125,BAE-125
1564407.jpg,Lockheed Corporation,C-130,C-130
1564408.jpg,Boeing,Boeing 767,767-200
1564412.jpg,Beechcraft,Beechcraft 1900,Beechcraft 1900
1564413.jpg,McDonnell Douglas,F/A-18,F/A-18
1564418.jpg,Panavia,Tornado,Tornado
1564420.jpg,Eurofighter,Eurofighter Typhoon,Eurofighter Typhoon
1564426.jpg,Lockheed Martin,F-16,F-16A/B
1564427.jpg,Lockheed Corporation,C-130,C-130
1564428.jpg,Lockheed Martin,F-16,F-16A/B
1564429.jpg,Eurofighter,Eurofighter Typhoon,Eurofighter Typhoon
1564774.jpg,Boeing,Boeing 737,737-300
1564781.jpg,Airbus,A320,A319
1564786.jpg,Fokker,Fokker 100,Fokker 100
1564822.jpg,Boeing,Boeing 767,767-200
1564943.jpg,Boeing,Boeing 757,757-300
1564950.jpg,Cessna,Cessna 208,Cessna 208
1564952.jpg,Boeing,Boeing 747,747-400
1565290.jpg,Boeing,Boeing 737,737-200
1565325.jpg,Gulfstream Aerospace,Gulfstream,Gulfstream IV
1566616.jpg,Boeing,Boeing 757,757-200
1566619.jpg,Boeing,Boeing 747,747-400
1566620.jpg,McDonnell Douglas,MD-90,MD-90
1566624.jpg,Beechcraft,King Air,Model B200
1567021.jpg,Supermarine,Spitfire,Spitfire
1567136.jpg,Robin,DR-400,DR-400
1567287.jpg,Airbus,A340,A340-500
1567288.jpg,Airbus,A340,A340-600
1567291.jpg,Airbus,A380,A380
1567292.jpg,Airbus,A340,A340-600
1567592.jpg,British Aerospace,Hawk T1,Hawk T1
1567619.jpg,British Aerospace,Hawk T1,Hawk T1
1567620.jpg,Canadair,CRJ-200,CRJ-200
1567825.jpg,Canadair,CRJ-700,CRJ-900
1567838.jpg,Airbus,A340,A340-600
1567881.jpg,Airbus,A340,A340-500
1567893.jpg,McDonnell Douglas,MD-90,MD-90
1568114.jpg,Airbus,A340,A340-200
1568156.jpg,Airbus,A340,A340-600
1568750.jpg,Boeing,Boeing 757,757-300
1568879.jpg,Airbus,A320,A321
1568883.jpg,Douglas Aircraft Company,DC-6,DC-6
1568885.jpg,Boeing,Boeing 757,757-200
1569037.jpg,Boeing,Boeing 717,Boeing 717
1569045.jpg,McDonnell Douglas,DC-10,DC-10
1569049.jpg,Douglas Aircraft Company,DC-3,DC-3
1569052.jpg,Boeing,Boeing 737,737-700
1569462.jpg,Fairchild,Metroliner,Metroliner
1569649.jpg,Canadair,CRJ-700,CRJ-900
1569778.jpg,Douglas Aircraft Company,DC-3,DC-3
1570137.jpg,Supermarine,Spitfire,Spitfire
1570192.jpg,Fairchild,Metroliner,Metroliner
1570201.jpg,Boeing,Boeing 737,737-500
1570250.jpg,McDonnell Douglas,MD-90,MD-90
1570251.jpg,ATR,ATR-42,ATR-42
1570282.jpg,Beechcraft,King Air,Model B200
1570498.jpg,Airbus,A320,A318
1570575.jpg,de Havilland,DHC-1,DHC-1
1570890.jpg,de Havilland,DHC-1,DHC-1
1570892.jpg,Embraer,Embraer ERJ 145,ERJ 145
1570911.jpg,British Aerospace,Hawk T1,Hawk T1
1571317.jpg,Cessna,Cessna Citation,Cessna 560
1571390.jpg,Beechcraft,King Air,Model B200
1571407.jpg,Saab,Saab 340,Saab 340
1571964.jpg,Airbus,A340,A340-200
1572350.jpg,Boeing,Boeing 737,737-500
1572354.jpg,Boeing,Boeing 747,747-400
1573056.jpg,McDonnell Douglas,MD-90,MD-90
1573339.jpg,Canadair,CRJ-700,CRJ-900
1573348.jpg,Airbus,A320,A320
1573352.jpg,Boeing,Boeing 737,737-800
1573406.jpg,Airbus,A340,A340-600
1574580.jpg,British Aerospace,Hawk T1,Hawk T1
1574582.jpg,British Aerospace,Hawk T1,Hawk T1
1574584.jpg,British Aerospace,Hawk T1,Hawk T1
1574874.jpg,Cessna,Cessna 172,Cessna 172
1575768.jpg,Fairchild,Metroliner,Metroliner
1576113.jpg,Eurofighter,Eurofighter Typhoon,Eurofighter Typhoon
1576115.jpg,Eurofighter,Eurofighter Typhoon,Eurofighter Typhoon
1576135.jpg,Embraer,Embraer E-Jet,E-170
1576955.jpg,Supermarine,Spitfire,Spitfire
1577680.jpg,Yakovlev,Yak-42,Yak-42
1577681.jpg,Boeing,Boeing 737,737-500
1577693.jpg,Airbus,A330,A330-200
1577705.jpg,Tupolev,Tu-154,Tu-154
1577806.jpg,British Aerospace,Hawk T1,Hawk T1
1577934.jpg,Boeing,Boeing 737,737-900
1578204.jpg,de Havilland,DH-82,DH-82
1578336.jpg,Fokker,Fokker 50,Fokker 50
1578664.jpg,Supermarine,Spitfire,Spitfire
1579853.jpg,Embraer,Embraer E-Jet,E-170
1581078.jpg,Embraer,Embraer ERJ 145,ERJ 135
1581472.jpg,Piper,PA-28,PA-28
1581524.jpg,Robin,DR-400,DR-400
1581564.jpg,Eurofighter,Eurofighter Typhoon,Eurofighter Typhoon
1581651.jpg,Antonov,An-12,An-12
1581695.jpg,Yakovlev,Yak-42,Yak-42
1581712.jpg,Antonov,An-12,An-12
1582314.jpg,Boeing,Boeing 737,737-900
1582400.jpg,Boeing,Boeing 767,767-400
1582906.jpg,Dassault Aviation,Falcon 900,Falcon 900
1583389.jpg,Boeing,Boeing 777,777-300
1583433.jpg,Airbus,A310,A310
1583942.jpg,Cirrus Aircraft,SR-20,SR-20
1584007.jpg,Airbus,A330,A330-300
1584021.jpg,Airbus,A380,A380
1584040.jpg,Beechcraft,King Air,Model B200
1584294.jpg,Douglas Aircraft Company,C-47,C-47
1584757.jpg,Lockheed Corporation,C-130,C-130
1584962.jpg,Airbus,A330,A330-300
1585032.jpg,Airbus,A330,A330-200
1585256.jpg,Cessna,Cessna Citation,Cessna 560
1585744.jpg,Tupolev,Tu-154,Tu-154
1585848.jpg,McDonnell Douglas,MD-90,MD-90
1586062.jpg,Lockheed Corporation,C-130,C-130
1586117.jpg,Embraer,Embraer E-Jet,E-190
1586136.jpg,Airbus,A340,A340-300
1586478.jpg,Airbus,A320,A320
1586850.jpg,Robin,DR-400,DR-400
1586905.jpg,Douglas Aircraft Company,C-47,C-47
1587526.jpg,Boeing,Boeing 777,777-200
1587527.jpg,Airbus,A340,A340-600
1588561.jpg,Douglas Aircraft Company,DC-6,DC-6
1588715.jpg,Lockheed Martin,F-16,F-16A/B
1588716.jpg,McDonnell Douglas,F/A-18,F/A-18
1588718.jpg,Lockheed Martin,F-16,F-16A/B
1588720.jpg,Lockheed Martin,F-16,F-16A/B
1588762.jpg,Panavia,Tornado,Tornado
1589252.jpg,McDonnell Douglas,MD-80,MD-87
1589410.jpg,Airbus,A320,A319
1589412.jpg,Airbus,A340,A340-300
1589831.jpg,Cirrus Aircraft,SR-20,SR-20
1590457.jpg,Tupolev,Tu-134,Tu-134
1590459.jpg,Tupolev,Tu-154,Tu-154
1590546.jpg,Tupolev,Tu-134,Tu-134
1590547.jpg,Tupolev,Tu-134,Tu-134
1590785.jpg,Airbus,A320,A318
1591237.jpg,British Aerospace,Hawk T1,Hawk T1
1591269.jpg,de Havilland,DHC-1,DHC-1
1591312.jpg,Embraer,Embraer E-Jet,E-170
1591336.jpg,Fokker,Fokker 70,Fokker 70
1591877.jpg,Airbus,A330,A330-300
1591976.jpg,Airbus,A320,A319
1592073.jpg,de Havilland,DHC-1,DHC-1
1592077.jpg,Embraer,Embraer ERJ 145,ERJ 135
1592281.jpg,Cirrus Aircraft,SR-20,SR-20
1592286.jpg,Beechcraft,Beechcraft 1900,Beechcraft 1900
1592497.jpg,Lockheed Martin,F-16,F-16A/B
1592586.jpg,Douglas Aircraft Company,C-47,C-47
1592595.jpg,McDonnell Douglas,F/A-18,F/A-18
1592597.jpg,Lockheed Martin,F-16,F-16A/B
1592610.jpg,McDonnell Douglas,F/A-18,F/A-18
1592961.jpg,Robin,DR-400,DR-400
1593381.jpg,Piper,PA-28,PA-28
1593383.jpg,Lockheed Corporation,C-130,C-130
1593589.jpg,Piper,PA-28,PA-28
1594059.jpg,Embraer,Embraer E-Jet,E-190
1594711.jpg,Tupolev,Tu-134,Tu-134
1594713.jpg,Tupolev,Tu-134,Tu-134
1594714.jpg,Yakovlev,Yak-42,Yak-42
1594716.jpg,Tupolev,Tu-134,Tu-134
1594717.jpg,Tupolev,Tu-134,Tu-134
1594731.jpg,Tupolev,Tu-134,Tu-134
1594734.jpg,Tupolev,Tu-134,Tu-134
1594735.jpg,Embraer,EMB-120,EMB-120
1594736.jpg,Boeing,Boeing 737,737-800
1594758.jpg,Embraer,Embraer E-Jet,E-195
1594759.jpg,Ilyushin,Il-76,Il-76
1594798.jpg,Tupolev,Tu-134,Tu-134
1594799.jpg,Tupolev,Tu-134,Tu-134
1596146.jpg,de Havilland,DH-82,DH-82
1596391.jpg,McDonnell Douglas,F/A-18,F/A-18
1596392.jpg,McDonnell Douglas,F/A-18,F/A-18
1596393.jpg,Lockheed Martin,F-16,F-16A/B
1596394.jpg,McDonnell Douglas,F/A-18,F/A-18
1596395.jpg,Lockheed Martin,F-16,F-16A/B
1596398.jpg,Fokker,Fokker 70,Fokker 70
1596547.jpg,Lockheed Martin,F-16,F-16A/B
1596583.jpg,Embraer,Embraer ERJ 145,ERJ 135
1596711.jpg,Canadair,CRJ-200,CRJ-200
1597449.jpg,Airbus,A320,A320
1597762.jpg,Tupolev,Tu-154,Tu-154
1597800.jpg,Saab,Saab 2000,Saab 2000
1597802.jpg,Tupolev,Tu-134,Tu-134
1597829.jpg,Yakovlev,Yak-42,Yak-42
1597903.jpg,Embraer,EMB-120,EMB-120
1598048.jpg,Cirrus Aircraft,SR-20,SR-20
1598389.jpg,Airbus,A320,A321
1598704.jpg,Boeing,Boeing 717,Boeing 717
1598898.jpg,Boeing,Boeing 737,737-800
1598901.jpg,British Aerospace,BAE 146,BAE 146-200
1599381.jpg,Boeing,Boeing 737,737-500
1599803.jpg,Airbus,A320,A321
1599938.jpg,Embraer,Embraer Legacy 600,Embraer Legacy 600
1600063.jpg,Embraer,EMB-120,EMB-120
1600188.jpg,McDonnell Douglas,F/A-18,F/A-18
1600251.jpg,Boeing,Boeing 747,747-400
1600342.jpg,de Havilland,Dash 8,DHC-8-300
1600343.jpg,Airbus,A330,A330-200
1600520.jpg,British Aerospace,BAE-125,BAE-125
1600892.jpg,de Havilland,Dash 8,DHC-8-300
1601042.jpg,Embraer,Embraer ERJ 145,ERJ 135
1601176.jpg,Dassault Aviation,Falcon 900,Falcon 900
1601262.jpg,Canadair,CRJ-200,CRJ-200
1601324.jpg,Airbus,A380,A380
1601329.jpg,Boeing,Boeing 767,767-300
1601486.jpg,Douglas Aircraft Company,DC-6,DC-6
1601572.jpg,Cessna,Cessna Citation,Cessna 525
1601600.jpg,Lockheed Martin,F-16,F-16A/B
1601611.jpg,McDonnell Douglas,F/A-18,F/A-18
1601715.jpg,Lockheed Martin,F-16,F-16A/B
1601716.jpg,McDonnell Douglas,F/A-18,F/A-18
1601717.jpg,McDonnell Douglas,F/A-18,F/A-18
1602022.jpg,McDonnell Douglas,MD-90,MD-90
1602047.jpg,Bombardier Aerospace,Global Express,Global Express
1602123.jpg,Embraer,Embraer Legacy 600,Embraer Legacy 600
1602273.jpg,Airbus,A340,A340-200
1602275.jpg,Embraer,Embraer Legacy 600,Embraer Legacy 600
1602329.jpg,Tupolev,Tu-134,Tu-134
1602331.jpg,Boeing,Boeing 737,737-500
1602628.jpg,Embraer,Embraer E-Jet,E-170
1602738.jpg,Robin,DR-400,DR-400
1603035.jpg,Boeing,Boeing 737,737-800
1603036.jpg,Boeing,Boeing 747,747-400
1603124.jpg,Boeing,Boeing 777,777-300
1603205.jpg,Boeing,Boeing 737,737-700
1603265.jpg,McDonnell Douglas,MD-80,MD-80
1603429.jpg,McDonnell Douglas,MD-11,MD-11
1603592.jpg,Airbus,A320,A320
1603711.jpg,Cirrus Aircraft,SR-20,SR-20
1603712.jpg,Robin,DR-400,DR-400
1604058.jpg,Boeing,Boeing 777,777-300
1604652.jpg,Airbus,A330,A330-300
1605012.jpg,Beechcraft,King Air,Model B200
1605065.jpg,McDonnell Douglas,MD-80,MD-80
1605077.jpg,Boeing,Boeing 767,767-300
1605117.jpg,de Havilland,Dash 8,DHC-8-300
1605154.jpg,Embraer,Embraer Legacy 600,Embraer Legacy 600
1605155.jpg,Boeing,Boeing 767,767-200
1605240.jpg,McDonnell Douglas,MD-80,MD-80
1605637.jpg,Gulfstream Aerospace,Gulfstream,Gulfstream V
1605921.jpg,Cirrus Aircraft,SR-20,SR-20
1605922.jpg,Cirrus Aircraft,SR-20,SR-20
1605923.jpg,Cessna,Cessna 172,Cessna 172
1605960.jpg,Cessna,Cessna Citation,Cessna 525
1606023.jpg,Cirrus Aircraft,SR-20,SR-20
1606037.jpg,Cessna,Cessna 208,Cessna 208
1606078.jpg,British Aerospace,Hawk T1,Hawk T1
1606079.jpg,Robin,DR-400,DR-400
1606276.jpg,Cirrus Aircraft,SR-20,SR-20
1606542.jpg,Boeing,Boeing 737,737-400
1606543.jpg,McDonnell Douglas,MD-90,MD-90
1606594.jpg,Boeing,Boeing 777,777-300
1606745.jpg,Boeing,Boeing 777,777-300
1607357.jpg,British Aerospace,BAE 146,BAE 146-200
1607382.jpg,Airbus,A320,A318
1607459.jpg,Boeing,Boeing 767,767-400
1607467.jpg,Panavia,Tornado,Tornado
1607505.jpg,Panavia,Tornado,Tornado
1607507.jpg,Panavia,Tornado,Tornado
1607515.jpg,Panavia,Tornado,Tornado
1607960.jpg,Supermarine,Spitfire,Spitfire
1608084.jpg,Cessna,Cessna Citation,Cessna 560
1608203.jpg,Airbus,A300,A300B4
1608287.jpg,Canadair,CRJ-700,CRJ-700
1608837.jpg,Boeing,Boeing 777,777-200
1609206.jpg,Airbus,A300,A300B4
1609735.jpg,Airbus,A340,A340-300
1610421.jpg,Embraer,Embraer E-Jet,E-190
1610616.jpg,McDonnell Douglas,MD-11,MD-11
1611095.jpg,Panavia,Tornado,Tornado
1611098.jpg,Panavia,Tornado,Tornado
1611099.jpg,Panavia,Tornado,Tornado
1611166.jpg,Dassault Aviation,Falcon 900,Falcon 900
1611167.jpg,Tupolev,Tu-154,Tu-154
1611219.jpg,Airbus,A320,A321
1611222.jpg,Fokker,Fokker 100,Fokker 100
1611239.jpg,Yakovlev,Yak-42,Yak-42
1611252.jpg,Boeing,Boeing 737,737-700
1611465.jpg,Lockheed Martin,F-16,F-16A/B
1611576.jpg,McDonnell Douglas,MD-11,MD-11
1611577.jpg,Boeing,Boeing 767,767-300
1613179.jpg,Boeing,Boeing 767,767-400
1613947.jpg,Lockheed Martin,F-16,F-16A/B
1614283.jpg,Cessna,Cessna Citation,Cessna 525
1614686.jpg,Gulfstream Aerospace,Gulfstream,Gulfstream IV
1614860.jpg,McDonnell Douglas,DC-10,DC-10
1614878.jpg,Airbus,A320,A319
1614884.jpg,Lockheed Martin,F-16,F-16A/B
1614885.jpg,Panavia,Tornado,Tornado
1615270.jpg,Beechcraft,King Air,Model B200
1615560.jpg,Airbus,A340,A340-600
1615563.jpg,Boeing,Boeing 737,737-600
1615575.jpg,British Aerospace,Hawk T1,Hawk T1
1615623.jpg,Boeing,Boeing 777,777-200
1615889.jpg,British Aerospace,BAE 146,BAE 146-200
1615914.jpg,Boeing,Boeing 737,737-300
1616362.jpg,Yakovlev,Yak-42,Yak-42
1616391.jpg,Dassault Aviation,Falcon 2000,Falcon 2000
1616394.jpg,Boeing,Boeing 747,747-300
1616481.jpg,Airbus,A330,A330-200
1616482.jpg,Canadair,CRJ-200,CRJ-200
1616511.jpg,Airbus,A330,A330-300
1616512.jpg,Airbus,A320,A321
1616720.jpg,Boeing,Boeing 737,737-800
1616724.jpg,Beechcraft,King Air,Model B200
1617066.jpg,Airbus,A380,A380
1617649.jpg,Airbus,A380,A380
1617994.jpg,Fokker,Fokker 100,Fokker 100
1617995.jpg,Ilyushin,Il-76,Il-76
1618134.jpg,de Havilland,Dash 8,DHC-8-300
1619270.jpg,Gulfstream Aerospace,Gulfstream,Gulfstream V
1619369.jpg,Douglas Aircraft Company,C-47,C-47
1619847.jpg,Embraer,Embraer E-Jet,E-195
1619881.jpg,Tupolev,Tu-134,Tu-134
1619889.jpg,Tupolev,Tu-134,Tu-134
1619900.jpg,Bombardier Aerospace,Global Express,Global Express
1619901.jpg,Boeing,Boeing 747,747-300
1619902.jpg,Airbus,A340,A340-600
1619921.jpg,Antonov,An-12,An-12
1620007.jpg,Fairchild,Metroliner,Metroliner
1620516.jpg,Boeing,Boeing 777,777-300
1620800.jpg,Fokker,Fokker 50,Fokker 50
1620836.jpg,Beechcraft,King Air,Model B200
1620906.jpg,Boeing,Boeing 737,737-500
1620907.jpg,McDonnell Douglas,MD-90,MD-90
1620908.jpg,Saab,Saab 340,Saab 340
1620917.jpg,Beechcraft,King Air,Model B200
1621237.jpg,Airbus,A310,A310
1621666.jpg,Lockheed Corporation,C-130,C-130
1621701.jpg,Embraer,Embraer E-Jet,E-195
1622728.jpg,de Havilland,DHC-1,DHC-1
1622729.jpg,Robin,DR-400,DR-400
1622762.jpg,Gulfstream Aerospace,Gulfstream,Gulfstream IV
1622774.jpg,Beechcraft,King Air,Model B200
1623084.jpg,Ilyushin,Il-76,Il-76
1623096.jpg,Boeing,Boeing 747,747-400
1623412.jpg,Canadair,CRJ-700,CRJ-900
1623436.jpg,Cirrus Aircraft,SR-20,SR-20
1623631.jpg,Boeing,Boeing 747,747-300
1623632.jpg,Cessna,Cessna 172,Cessna 172
1623699.jpg,Boeing,Boeing 717,Boeing 717
1623903.jpg,Boeing,Boeing 757,757-200
1624193.jpg,Boeing,Boeing 747,747-200
1624196.jpg,Bombardier Aerospace,Global Express,Global Express
1624887.jpg,Airbus,A340,A340-600
1625089.jpg,Robin,DR-400,DR-400
1625091.jpg,Cirrus Aircraft,SR-20,SR-20
1625116.jpg,Robin,DR-400,DR-400
1626629.jpg,Boeing,Boeing 747,747-100
1626631.jpg,Dassault Aviation,Falcon 900,Falcon 900
1626894.jpg,Piper,PA-28,PA-28
1626921.jpg,Fokker,Fokker 70,Fokker 70
1626934.jpg,Dassault Aviation,Falcon 2000,Falcon 2000
1627409.jpg,Cirrus Aircraft,SR-20,SR-20
1627446.jpg,Boeing,Boeing 737,737-500
1627449.jpg,British Aerospace,BAE-125,BAE-125
1627560.jpg,McDonnell Douglas,DC-10,DC-10
1627581.jpg,Yakovlev,Yak-42,Yak-42
1627935.jpg,Boeing,Boeing 747,747-200
1627991.jpg,Boeing,Boeing 777,777-300
1629114.jpg,ATR,ATR-72,ATR-72
1629116.jpg,Embraer,Embraer Legacy 600,Embraer Legacy 600
1629329.jpg,Boeing,Boeing 757,757-300
1630052.jpg,McDonnell Douglas,MD-80,MD-80
1630487.jpg,Beechcraft,Beechcraft 1900,Beechcraft 1900
1630525.jpg,Boeing,Boeing 777,777-300
1630526.jpg,Boeing,Boeing 757,757-300
1630527.jpg,Dassault Aviation,Falcon 900,Falcon 900
1631127.jpg,British Aerospace,BAE 146,BAE 146-200
1631130.jpg,British Aerospace,BAE 146,BAE 146-300
1631148.jpg,Canadair,CRJ-700,CRJ-700
1631498.jpg,Boeing,Boeing 767,767-200
1631990.jpg,Airbus,A340,A340-300
1631994.jpg,Airbus,A340,A340-500
1633282.jpg,Tupolev,Tu-154,Tu-154
1633873.jpg,Canadair,CRJ-200,CRJ-200
1633998.jpg,Airbus,A340,A340-500
1634013.jpg,Fairchild,Metroliner,Metroliner
1634020.jpg,Airbus,A340,A340-200
1634276.jpg,Boeing,Boeing 767,767-300
1634373.jpg,Embraer,Embraer E-Jet,E-170
1634646.jpg,British Aerospace,Hawk T1,Hawk T1
1634649.jpg,Robin,DR-400,DR-400
1634663.jpg,Airbus,A340,A340-300
1635084.jpg,de Havilland,DH-82,DH-82
1635235.jpg,Boeing,Boeing 767,767-400
1636310.jpg,Airbus,A340,A340-300
1636315.jpg,McDonnell Douglas,MD-11,MD-11
1636446.jpg,Canadair,CRJ-200,CRJ-200
1636453.jpg,McDonnell Douglas,MD-80,MD-80
1636521.jpg,Gulfstream Aerospace,Gulfstream,Gulfstream V
1636534.jpg,Boeing,Boeing 767,767-300
1636535.jpg,Airbus,A320,A319
1636570.jpg,Cirrus Aircraft,SR-20,SR-20
1636740.jpg,Cessna,Cessna Citation,Cessna 560
1637429.jpg,Embraer,Embraer E-Jet,E-190
1637438.jpg,Boeing,Boeing 737,737-800
1637445.jpg,British Aerospace,BAE 146,BAE 146-300
1637519.jpg,de Havilland,Dash 8,DHC-8-300
1637925.jpg,Robin,DR-400,DR-400
1638972.jpg,Cessna,Cessna 172,Cessna 172
1639456.jpg,Eurofighter,Eurofighter Typhoon,Eurofighter Typhoon
1639638.jpg,Antonov,An-12,An-12
1639639.jpg,Antonov,An-12,An-12
1639640.jpg,Douglas Aircraft Company,C-47,C-47
1639641.jpg,Boeing,Boeing 727,727-200
1639831.jpg,Airbus,A320,A318
1639843.jpg,Boeing,Boeing 737,737-900
1640437.jpg,Eurofighter,Eurofighter Typhoon,Eurofighter Typhoon
1640693.jpg,Fokker,Fokker 70,Fokker 70
1641331.jpg,Airbus,A320,A320
1641831.jpg,Beechcraft,Beechcraft 1900,Beechcraft 1900
1641833.jpg,Cessna,Cessna Citation,Cessna 560
1642983.jpg,Airbus,A320,A319
1642987.jpg,Gulfstream Aerospace,Gulfstream,Gulfstream V
1643027.jpg,Embraer,Embraer E-Jet,E-170
1644649.jpg,Embraer,Embraer E-Jet,E-190
1644651.jpg,Canadair,Challenger 600,Challenger 600
1645736.jpg,Gulfstream Aerospace,Gulfstream,Gulfstream IV
1645747.jpg,Boeing,Boeing 747,747-200
1645748.jpg,Airbus,A320,A321
1646015.jpg,Cirrus Aircraft,SR-20,SR-20
1646217.jpg,Boeing,Boeing 777,777-300
1646253.jpg,Piper,PA-28,PA-28
1646257.jpg,Cessna,Cessna Citation,Cessna 525
1646930.jpg,Piper,PA-28,PA-28
1647134.jpg,Embraer,Embraer Legacy 600,Embraer Legacy 600
1647139.jpg,de Havilland,DH-82,DH-82
1647142.jpg,Cessna,Cessna 172,Cessna 172
1647297.jpg,Boeing,Boeing 777,777-200
1647303.jpg,Boeing,Boeing 747,747-300
1647304.jpg,Airbus,A380,A380
1647313.jpg,Embraer,Embraer E-Jet,E-190
1647400.jpg,Lockheed Corporation,C-130,C-130
1647406.jpg,Boeing,Boeing 757,757-300
1647665.jpg,Cessna,Cessna Citation,Cessna 560
1647701.jpg,McDonnell Douglas,MD-11,MD-11
1647702.jpg,Fokker,Fokker 100,Fokker 100
1647809.jpg,Airbus,A330,A330-200
1647811.jpg,Canadair,CRJ-700,CRJ-900
1648294.jpg,Boeing,Boeing 737,737-600
1649738.jpg,Airbus,A340,A340-300
1649746.jpg,Douglas Aircraft Company,C-47,C-47
1649868.jpg,Douglas Aircraft Company,C-47,C-47
1650311.jpg,Boeing,Boeing 777,777-300
1650403.jpg,Cirrus Aircraft,SR-20,SR-20
1650624.jpg,Boeing,Boeing 757,757-300
1650651.jpg,Boeing,Boeing 737,737-600
1650652.jpg,Boeing,Boeing 747,747-400
1650653.jpg,Embraer,Embraer E-Jet,E-195
1650662.jpg,Boeing,Boeing 737,737-600
1650693.jpg,Boeing,Boeing 737,737-600
1654709.jpg,Douglas Aircraft Company,C-47,C-47
1654785.jpg,Ilyushin,Il-76,Il-76
1654823.jpg,Douglas Aircraft Company,DC-8,DC-8
1655252.jpg,Cessna,Cessna Citation,Cessna 525
1655409.jpg,British Aerospace,BAE-125,BAE-125
1655564.jpg,Embraer,Embraer Legacy 600,Embraer Legacy 600
1655614.jpg,Gulfstream Aerospace,Gulfstream,Gulfstream V
1656419.jpg,de Havilland,Dash 8,DHC-8-300
1656420.jpg,Cirrus Aircraft,SR-20,SR-20
1657942.jpg,Boeing,Boeing 767,767-200
1657992.jpg,Embraer,Embraer Legacy 600,Embraer Legacy 600
1658290.jpg,Boeing,Boeing 777,777-200
1658293.jpg,Eurofighter,Eurofighter Typhoon,Eurofighter Typhoon
1658296.jpg,Cirrus Aircraft,SR-20,SR-20
1658297.jpg,Cirrus Aircraft,SR-20,SR-20
1658463.jpg,Embraer,Embraer E-Jet,E-190
1658584.jpg,Embraer,Embraer ERJ 145,ERJ 145
1658586.jpg,Gulfstream Aerospace,Gulfstream,Gulfstream V
1658595.jpg,Boeing,Boeing 767,767-400
1658654.jpg,Embraer,Embraer Legacy 600,Embraer Legacy 600
1658655.jpg,Airbus,A320,A318
1658839.jpg,Cirrus Aircraft,SR-20,SR-20
1658851.jpg,Cessna,Cessna 172,Cessna 172
1659447.jpg,Airbus,A380,A380
1659448.jpg,Airbus,A320,A320
1659449.jpg,Airbus,A340,A340-500
1659671.jpg,Embraer,Embraer E-Jet,E-195
1660305.jpg,Eurofighter,Eurofighter Typhoon,Eurofighter Typhoon
1660306.jpg,British Aerospace,BAE 146,BAE 146-200
1660307.jpg,Beechcraft,King Air,Model B200
1661601.jpg,Airbus,A340,A340-600
1661603.jpg,Boeing,Boeing 777,777-300
1661665.jpg,Airbus,A340,A340-500
1662015.jpg,Airbus,A320,A320
1662016.jpg,Boeing,Boeing 737,737-800
1662017.jpg,Boeing,Boeing 747,747-400
1662018.jpg,Boeing,Boeing 767,767-300
1662032.jpg,Boeing,Boeing 737,737-900
1662815.jpg,British Aerospace,BAE-125,BAE-125
1663301.jpg,Canadair,CRJ-700,CRJ-900
1663304.jpg,Bombardier Aerospace,Global Express,Global Express
1663372.jpg,Boeing,Boeing 747,747-400
1663375.jpg,Boeing,Boeing 757,757-200
1663377.jpg,Boeing,Boeing 737,737-800
1663379.jpg,Gulfstream Aerospace,Gulfstream,Gulfstream V
1663625.jpg,Embraer,Embraer E-Jet,E-190
1663628.jpg,Airbus,A320,A318
1663725.jpg,Beechcraft,King Air,Model B200
1663727.jpg,Cirrus Aircraft,SR-20,SR-20
1663953.jpg,Boeing,Boeing 747,747-300
1664644.jpg,Airbus,A380,A380
1665263.jpg,Boeing,Boeing 767,767-300
1666443.jpg,McDonnell Douglas,MD-11,MD-11
1666989.jpg,Robin,DR-400,DR-400
1666990.jpg,Beechcraft,King Air,Model B200
1667002.jpg,Piper,PA-28,PA-28
1667009.jpg,McDonnell Douglas,DC-9,DC-9-30
1668558.jpg,Boeing,Boeing 737,737-900
1668963.jpg,Lockheed Corporation,C-130,C-130
1668966.jpg,Saab,Saab 340,Saab 340
1668973.jpg,Airbus,A330,A330-200
1670091.jpg,McDonnell Douglas,MD-90,MD-90
1670135.jpg,Embraer,Embraer ERJ 145,ERJ 135
1670149.jpg,British Aerospace,BAE-125,BAE-125
1670312.jpg,Embraer,Embraer Legacy 600,Embraer Legacy 600
1670610.jpg,Robin,DR-400,DR-400
1670611.jpg,de Havilland,DHC-1,DHC-1
1671731.jpg,Airbus,A320,A319
1672423.jpg,British Aerospace,BAE-125,BAE-125
1672425.jpg,Gulfstream Aerospace,Gulfstream,Gulfstream V
1672431.jpg,Cessna,Cessna Citation,Cessna 560
1673067.jpg,Boeing,Boeing 757,757-200
1673535.jpg,de Havilland,DH-82,DH-82
1673598.jpg,de Havilland,DHC-1,DHC-1
1673599.jpg,Cirrus Aircraft,SR-20,SR-20
1673633.jpg,Piper,PA-28,PA-28
1673831.jpg,ATR,ATR-42,ATR-42
1674645.jpg,de Havilland,DHC-1,DHC-1
1674735.jpg,Fokker,Fokker 70,Fokker 70
1674736.jpg,Fokker,Fokker 100,Fokker 100
1674738.jpg,Dornier,Dornier 328,Dornier 328
1675546.jpg,de Havilland,Dash 8,DHC-8-300
1675548.jpg,Cessna,Cessna Citation,Cessna 525
1676336.jpg,Cessna,Cessna Citation,Cessna 560
1676582.jpg,Embraer,Embraer E-Jet,E-170
1676591.jpg,Embraer,Embraer ERJ 145,ERJ 145
1676596.jpg,Dassault Aviation,Falcon 2000,Falcon 2000
1676760.jpg,McDonnell Douglas,MD-80,MD-80
1677053.jpg,British Aerospace,Hawk T1,Hawk T1
1677382.jpg,Dassault Aviation,Falcon 900,Falcon 900
1678522.jpg,British Aerospace,Hawk T1,Hawk T1
1679201.jpg,Embraer,Embraer E-Jet,E-195
1679468.jpg,Piper,PA-28,PA-28
1679994.jpg,Beechcraft,King Air,Model B200
1680707.jpg,Embraer,Embraer E-Jet,E-190
1680766.jpg,Airbus,A340,A340-300
1680778.jpg,Gulfstream Aerospace,Gulfstream,Gulfstream IV
1681022.jpg,ATR,ATR-72,ATR-72
1681420.jpg,Cirrus Aircraft,SR-20,SR-20
1681554.jpg,Cessna,Cessna Citation,Cessna 525
1681635.jpg,Fokker,Fokker 70,Fokker 70
1682001.jpg,Boeing,Boeing 737,737-300
1682041.jpg,Embraer,Embraer E-Jet,E-195
1682062.jpg,Ilyushin,Il-76,Il-76
1682647.jpg,Boeing,Boeing 767,767-300
1682813.jpg,Airbus,A330,A330-200
1683145.jpg,de Havilland,Dash 8,DHC-8-100
1683147.jpg,British Aerospace,Hawk T1,Hawk T1
1683150.jpg,Cessna,Cessna 172,Cessna 172
1683877.jpg,Airbus,A320,A320
1684410.jpg,Supermarine,Spitfire,Spitfire
1685190.jpg,Canadair,Challenger 600,Challenger 600
1685202.jpg,Gulfstream Aerospace,Gulfstream,Gulfstream IV
1685685.jpg,Supermarine,Spitfire,Spitfire
1686316.jpg,Embraer,Embraer E-Jet,E-195
1686317.jpg,Gulfstream Aerospace,Gulfstream,Gulfstream IV
1686418.jpg,British Aerospace,BAE-125,BAE-125
1686421.jpg,Cessna,Cessna Citation,Cessna 525
1686427.jpg,Dassault Aviation,Falcon 2000,Falcon 2000
1686428.jpg,Embraer,Embraer Legacy 600,Embraer Legacy 600
1686506.jpg,Dassault Aviation,Falcon 900,Falcon 900
1686856.jpg,Airbus,A320,A318
1687113.jpg,Airbus,A340,A340-600
1687163.jpg,British Aerospace,BAE-125,BAE-125
1687332.jpg,Airbus,A380,A380
1687756.jpg,Boeing,Boeing 737,737-600
1687908.jpg,Boeing,Boeing 737,737-500
1687909.jpg,Embraer,Embraer E-Jet,E-195
1688324.jpg,British Aerospace,BAE-125,BAE-125
1688325.jpg,Airbus,A320,A318
1688961.jpg,Supermarine,Spitfire,Spitfire
1688962.jpg,Beechcraft,King Air,Model B200
1688967.jpg,Boeing,Boeing 747,747-100
1689074.jpg,Embraer,Embraer ERJ 145,ERJ 135
1689606.jpg,Beechcraft,King Air,Model B200
1689673.jpg,Cessna,Cessna Citation,Cessna 560
1690728.jpg,Cessna,Cessna 172,Cessna 172
1690964.jpg,Airbus,A340,A340-300
1691483.jpg,Boeing,Boeing 737,737-500
1691545.jpg,Airbus,A340,A340-600
1691609.jpg,Tupolev,Tu-154,Tu-154
1691610.jpg,Tupolev,Tu-134,Tu-134
1691701.jpg,Yakovlev,Yak-42,Yak-42
1691783.jpg,Boeing,Boeing 737,737-300
1691785.jpg,Antonov,An-12,An-12
1691787.jpg,Boeing,Boeing 727,727-200
1691790.jpg,Boeing,Boeing 737,737-700
1691816.jpg,Airbus,A320,A319
1692196.jpg,Embraer,Embraer E-Jet,E-190
1692197.jpg,Boeing,Boeing 737,737-800
1692199.jpg,Canadair,CRJ-700,CRJ-900
1692498.jpg,Canadair,CRJ-700,CRJ-900
1692500.jpg,Canadair,CRJ-700,CRJ-700
1692543.jpg,Boeing,Boeing 777,777-200
1693197.jpg,Dornier,Dornier 328,Dornier 328
1693645.jpg,Dornier,Dornier 328,Dornier 328
1693646.jpg,Fokker,Fokker 50,Fokker 50
1693789.jpg,McDonnell Douglas,MD-90,MD-90
1693795.jpg,Canadair,Challenger 600,Challenger 600
1694806.jpg,Cessna,Cessna Citation,Cessna 525
1694849.jpg,de Havilland,Dash 8,DHC-8-300
1695007.jpg,Cirrus Aircraft,SR-20,SR-20
1695437.jpg,de Havilland,DH-82,DH-82
1695905.jpg,Airbus,A310,A310
1695906.jpg,Yakovlev,Yak-42,Yak-42
1695911.jpg,Embraer,EMB-120,EMB-120
1695918.jpg,Boeing,Boeing 747,747-300
1696014.jpg,Yakovlev,Yak-42,Yak-42
1696057.jpg,Canadair,CRJ-200,CRJ-200
1696058.jpg,Boeing,Boeing 777,777-200
1696061.jpg,Boeing,Boeing 737,737-400
1696063.jpg,Fokker,Fokker 100,Fokker 100
1696301.jpg,de Havilland,DH-82,DH-82
1698129.jpg,Robin,DR-400,DR-400
1698551.jpg,Eurofighter,Eurofighter Typhoon,Eurofighter Typhoon
1698606.jpg,Antonov,An-12,An-12
1698608.jpg,Airbus,A340,A340-500
1698615.jpg,Canadair,CRJ-700,CRJ-700
1698699.jpg,Gulfstream Aerospace,Gulfstream,Gulfstream IV
1699062.jpg,Embraer,Embraer E-Jet,E-190
1699127.jpg,Embraer,Embraer ERJ 145,ERJ 135
1699128.jpg,Embraer,Embraer E-Jet,E-170
1699455.jpg,Airbus,A340,A340-600
1699480.jpg,British Aerospace,BAE-125,BAE-125
1700012.jpg,de Havilland,DH-82,DH-82
1700374.jpg,Tupolev,Tu-134,Tu-134
1700379.jpg,Boeing,Boeing 767,767-300
1700389.jpg,Gulfstream Aerospace,Gulfstream,Gulfstream IV
1700606.jpg,Canadair,CRJ-200,CRJ-200
1700644.jpg,Boeing,Boeing 747,747-400
1700645.jpg,Boeing,Boeing 777,777-200
1700857.jpg,de Havilland,DHC-1,DHC-1
1700930.jpg,Boeing,Boeing 777,777-300
1701058.jpg,Airbus,A380,A380
1701061.jpg,Boeing,Boeing 777,777-200
1701067.jpg,Airbus,A340,A340-500
1702255.jpg,Boeing,Boeing 737,737-400
1702873.jpg,Airbus,A320,A321
1702899.jpg,Gulfstream Aerospace,Gulfstream,Gulfstream V
1703202.jpg,Cessna,Cessna Citation,Cessna 560
1703213.jpg,Boeing,Boeing 767,767-200
1703860.jpg,Cessna,Cessna 172,Cessna 172
1704741.jpg,Airbus,A320,A321
1704745.jpg,Boeing,Boeing 757,757-200
1704824.jpg,Fokker,Fokker 70,Fokker 70
1704830.jpg,Boeing,Boeing 777,777-200
1705400.jpg,McDonnell Douglas,MD-80,MD-80
1705402.jpg,de Havilland,DHC-1,DHC-1
1706500.jpg,de Havilland,DH-82,DH-82
1706712.jpg,Lockheed Martin,F-16,F-16A/B
1706716.jpg,Airbus,A340,A340-500
1706719.jpg,Eurofighter,Eurofighter Typhoon,Eurofighter Typhoon
1706735.jpg,Boeing,Boeing 777,777-200
1707110.jpg,Eurofighter,Eurofighter Typhoon,Eurofighter Typhoon
1707575.jpg,Airbus,A320,A318
1707576.jpg,Dassault Aviation,Falcon 900,Falcon 900
1707732.jpg,Lockheed Corporation,L-1011,L-1011
1707735.jpg,McDonnell Douglas,DC-10,DC-10
1707740.jpg,Boeing,Boeing 747,747-100
1707772.jpg,McDonnell Douglas,DC-9,DC-9-30
1707891.jpg,Boeing,Boeing 707,707-320
1707900.jpg,Boeing,Boeing 747,747-200
1707905.jpg,Airbus,A310,A310
1707909.jpg,McDonnell Douglas,DC-9,DC-9-30
1707955.jpg,Boeing,Boeing 747,747-100
1708096.jpg,Airbus,A340,A340-500
1708101.jpg,Boeing,Boeing 767,767-400
1708263.jpg,Canadair,CRJ-700,CRJ-900
1709112.jpg,Boeing,Boeing 777,777-300
1709124.jpg,Boeing,Boeing 737,737-700
1709125.jpg,Canadair,CRJ-200,CRJ-200
1709162.jpg,Boeing,Boeing 747,747-400
1709263.jpg,Eurofighter,Eurofighter Typhoon,Eurofighter Typhoon
1709268.jpg,Cessna,Cessna 172,Cessna 172
1709293.jpg,Robin,DR-400,DR-400
1709677.jpg,de Havilland,Dash 8,DHC-8-300
1711191.jpg,Cirrus Aircraft,SR-20,SR-20
1711195.jpg,Cessna,Cessna 172,Cessna 172
1711730.jpg,British Aerospace,Hawk T1,Hawk T1
1712591.jpg,Boeing,Boeing 737,737-800
1713232.jpg,Beechcraft,Beechcraft 1900,Beechcraft 1900
1713236.jpg,Boeing,Boeing 727,727-200
1713238.jpg,Boeing,Boeing 737,737-200
1713246.jpg,Boeing,Boeing 757,757-200
1713266.jpg,McDonnell Douglas,DC-9,DC-9-30
1713365.jpg,Cirrus Aircraft,SR-20,SR-20
1713971.jpg,Eurofighter,Eurofighter Typhoon,Eurofighter Typhoon
1714026.jpg,Embraer,Embraer E-Jet,E-190
1714236.jpg,Embraer,Embraer E-Jet,E-170
1714240.jpg,Airbus,A320,A319
1714324.jpg,Dassault Aviation,Falcon 2000,Falcon 2000
1714716.jpg,Boeing,Boeing 767,767-200
1714814.jpg,Embraer,Embraer Legacy 600,Embraer Legacy 600
1714816.jpg,Cessna,Cessna Citation,Cessna 560
1714818.jpg,de Havilland,Dash 8,DHC-8-300
1714819.jpg,Saab,Saab 340,Saab 340
1714820.jpg,British Aerospace,BAE-125,BAE-125
1714824.jpg,de Havilland,Dash 8,DHC-8-300
1714826.jpg,Embraer,Embraer Legacy 600,Embraer Legacy 600
1715316.jpg,Gulfstream Aerospace,Gulfstream,Gulfstream V
1715529.jpg,Boeing,Boeing 777,777-200
1715545.jpg,Eurofighter,Eurofighter Typhoon,Eurofighter Typhoon
1715547.jpg,Panavia,Tornado,Tornado
1716010.jpg,Embraer,EMB-120,EMB-120
1716062.jpg,de Havilland,DHC-1,DHC-1
1716063.jpg,Eurofighter,Eurofighter Typhoon,Eurofighter Typhoon
1716407.jpg,Dassault Aviation,Falcon 2000,Falcon 2000
1716441.jpg,Cessna,Cessna Citation,Cessna 525
1716747.jpg,Eurofighter,Eurofighter Typhoon,Eurofighter Typhoon
1717925.jpg,Canadair,CRJ-700,CRJ-700
1718146.jpg,Cessna,Cessna 172,Cessna 172
1718618.jpg,Airbus,A380,A380
1718620.jpg,Gulfstream Aerospace,Gulfstream,Gulfstream V
1718621.jpg,Boeing,Boeing 737,737-700
1718867.jpg,Boeing,Boeing 737,737-900
1718898.jpg,Airbus,A340,A340-300
1718899.jpg,Boeing,Boeing 737,737-600
1718901.jpg,Boeing,Boeing 777,777-300
1719561.jpg,Airbus,A340,A340-300
1719820.jpg,Canadair,CRJ-700,CRJ-700
1719897.jpg,Cessna,Cessna Citation,Cessna 525
1719924.jpg,Canadair,CRJ-700,CRJ-900
1719986.jpg,Airbus,A300,A300B4
1720365.jpg,Eurofighter,Eurofighter Typhoon,Eurofighter Typhoon
1720750.jpg,Embraer,Embraer E-Jet,E-195
1722177.jpg,McDonnell Douglas,F/A-18,F/A-18
1723103.jpg,Douglas Aircraft Company,DC-6,DC-6
1723789.jpg,Airbus,A340,A340-300
1723821.jpg,Embraer,Embraer ERJ 145,ERJ 145
1723822.jpg,Canadair,CRJ-700,CRJ-900
1723838.jpg,Airbus,A320,A318
1723906.jpg,Airbus,A340,A340-600
1723907.jpg,Supermarine,Spitfire,Spitfire
1723911.jpg,Boeing,Boeing 757,757-200
1723913.jpg,Ilyushin,Il-76,Il-76
1723914.jpg,Dassault Aviation,Falcon 900,Falcon 900
1724036.jpg,Dassault Aviation,Falcon 2000,Falcon 2000
1724037.jpg,Douglas Aircraft Company,DC-3,DC-3
1724870.jpg,Embraer,Embraer Legacy 600,Embraer Legacy 600
1725715.jpg,Ilyushin,Il-76,Il-76
1725762.jpg,British Aerospace,BAE 146,BAE 146-200
1725766.jpg,McDonnell Douglas,F/A-18,F/A-18
1725769.jpg,Dassault Aviation,Falcon 2000,Falcon 2000
1725773.jpg,Fokker,Fokker 70,Fokker 70
1725804.jpg,Airbus,A330,A330-300
1726039.jpg,Beechcraft,King Air,Model B200
1726480.jpg,Cessna,Cessna 172,Cessna 172
1726483.jpg,Cessna,Cessna Citation,Cessna 560
1726550.jpg,Piper,PA-28,PA-28
1726551.jpg,Robin,DR-400,DR-400
1726555.jpg,Dassault Aviation,Falcon 900,Falcon 900
1726606.jpg,Boeing,Boeing 737,737-600
1726753.jpg,ATR,ATR-42,ATR-42
1726922.jpg,Cessna,Cessna 172,Cessna 172
1727704.jpg,Boeing,Boeing 737,737-700
1727705.jpg,Canadair,CRJ-700,CRJ-900
1728005.jpg,Boeing,Boeing 777,777-300
1728852.jpg,Embraer,Embraer E-Jet,E-195
1729159.jpg,Supermarine,Spitfire,Spitfire
1729160.jpg,Airbus,A320,A320
1730212.jpg,Embraer,Embraer Legacy 600,Embraer Legacy 600
1730214.jpg,de Havilland,DHC-1,DHC-1
1730435.jpg,Boeing,Boeing 737,737-300
1730671.jpg,Boeing,Boeing 757,757-200
1730963.jpg,Fokker,Fokker 50,Fokker 50
1730978.jpg,Boeing,Boeing 737,737-600
1730979.jpg,Embraer,Embraer ERJ 145,ERJ 145
1731827.jpg,Cessna,Cessna 172,Cessna 172
1732549.jpg,Airbus,A320,A320
1732551.jpg,Airbus,A340,A340-200
1734386.jpg,McDonnell Douglas,MD-90,MD-90
1735070.jpg,Eurofighter,Eurofighter Typhoon,Eurofighter Typhoon
1735417.jpg,Supermarine,Spitfire,Spitfire
1735455.jpg,de Havilland,DHC-1,DHC-1
1735490.jpg,Eurofighter,Eurofighter Typhoon,Eurofighter Typhoon
1736063.jpg,Robin,DR-400,DR-400
1736085.jpg,Lockheed Martin,F-16,F-16A/B
1736099.jpg,Boeing,Boeing 767,767-200
1736103.jpg,Embraer,Embraer Legacy 600,Embraer Legacy 600
1736105.jpg,McDonnell Douglas,MD-90,MD-90
1736110.jpg,Embraer,Embraer ERJ 145,ERJ 135
1736148.jpg,Embraer,Embraer E-Jet,E-195
1736150.jpg,de Havilland,Dash 8,DHC-8-300
1736158.jpg,Embraer,Embraer E-Jet,E-195
1736173.jpg,British Aerospace,Hawk T1,Hawk T1
1736177.jpg,British Aerospace,Hawk T1,Hawk T1
1736209.jpg,Boeing,Boeing 737,737-500
1736210.jpg,McDonnell Douglas,F/A-18,F/A-18
1736223.jpg,Boeing,Boeing 737,737-700
1736230.jpg,Saab,Saab 2000,Saab 2000
1736242.jpg,British Aerospace,Hawk T1,Hawk T1
1737504.jpg,Cessna,Cessna 208,Cessna 208
1737573.jpg,Cessna,Cessna Citation,Cessna 525
1738367.jpg,de Havilland,DHC-1,DHC-1
1738373.jpg,de Havilland,DHC-1,DHC-1
1738905.jpg,British Aerospace,BAE 146,BAE 146-200
1739105.jpg,Embraer,Embraer ERJ 145,ERJ 145
1739298.jpg,Cessna,Cessna 172,Cessna 172
1739390.jpg,Eurofighter,Eurofighter Typhoon,Eurofighter Typhoon
1739524.jpg,Dassault Aviation,Falcon 900,Falcon 900
1739526.jpg,Boeing,Boeing 747,747-200
1739564.jpg,Douglas Aircraft Company,DC-6,DC-6
1739565.jpg,Boeing,Boeing 727,727-200
1739566.jpg,Airbus,A320,A320
1739571.jpg,de Havilland,DHC-1,DHC-1
1739709.jpg,Piper,PA-28,PA-28
1740617.jpg,British Aerospace,BAE 146,BAE 146-300
1740623.jpg,Boeing,Boeing 767,767-400
1741108.jpg,Fokker,Fokker 50,Fokker 50
1741519.jpg,Boeing,Boeing 767,767-400
1741835.jpg,McDonnell Douglas,F/A-18,F/A-18
1741949.jpg,Saab,Saab 2000,Saab 2000
1741954.jpg,Boeing,Boeing 757,757-200
1742637.jpg,Embraer,Embraer ERJ 145,ERJ 145
1742638.jpg,Canadair,CRJ-200,CRJ-200
1743122.jpg,Supermarine,Spitfire,Spitfire
1743336.jpg,Dassault Aviation,Falcon 2000,Falcon 2000
1744483.jpg,de Havilland,DH-82,DH-82
1744484.jpg,Douglas Aircraft Company,DC-3,DC-3
1744537.jpg,Supermarine,Spitfire,Spitfire
1745719.jpg,Fokker,Fokker 100,Fokker 100
1745775.jpg,Tupolev,Tu-134,Tu-134
1745932.jpg,McDonnell Douglas,MD-90,MD-90
1745942.jpg,McDonnell Douglas,DC-9,DC-9-30
1745957.jpg,Douglas Aircraft Company,C-47,C-47
1745999.jpg,British Aerospace,Hawk T1,Hawk T1
1746035.jpg,Embraer,Embraer ERJ 145,ERJ 145
1746036.jpg,Embraer,Embraer ERJ 145,ERJ 135
1746124.jpg,British Aerospace,BAE 146,BAE 146-200
1747505.jpg,Boeing,Boeing 737,737-600
1747768.jpg,Piper,PA-28,PA-28
1747769.jpg,Cirrus Aircraft,SR-20,SR-20
1748132.jpg,Boeing,Boeing 737,737-900
1748171.jpg,Saab,Saab 2000,Saab 2000
1748479.jpg,Eurofighter,Eurofighter Typhoon,Eurofighter Typhoon
1749186.jpg,Boeing,Boeing 737,737-500
1749597.jpg,Gulfstream Aerospace,Gulfstream,Gulfstream V
1749661.jpg,Airbus,A380,A380
1750220.jpg,Panavia,Tornado,Tornado
1750520.jpg,Airbus,A340,A340-300
1751866.jpg,Douglas Aircraft Company,DC-3,DC-3
1752996.jpg,Eurofighter,Eurofighter Typhoon,Eurofighter Typhoon
1753485.jpg,Airbus,A340,A340-500
1753489.jpg,Embraer,Embraer Legacy 600,Embraer Legacy 600
1753610.jpg,Lockheed Corporation,C-130,C-130
1753611.jpg,Dassault Aviation,Falcon 2000,Falcon 2000
1753659.jpg,Fairchild,Metroliner,Metroliner
1753661.jpg,Airbus,A330,A330-300
1754077.jpg,Eurofighter,Eurofighter Typhoon,Eurofighter Typhoon
1754078.jpg,Lockheed Martin,F-16,F-16A/B
1754084.jpg,Supermarine,Spitfire,Spitfire
1754180.jpg,British Aerospace,Hawk T1,Hawk T1
1754185.jpg,Douglas Aircraft Company,DC-3,DC-3
1754503.jpg,Boeing,Boeing 737,737-200
1754871.jpg,Saab,Saab 340,Saab 340
1756560.jpg,Fokker,Fokker 50,Fokker 50
1757004.jpg,Airbus,A320,A319
1757760.jpg,Eurofighter,Eurofighter Typhoon,Eurofighter Typhoon
1757785.jpg,Embraer,EMB-120,EMB-120
1757833.jpg,Airbus,A380,A380
1758424.jpg,Airbus,A380,A380
1758483.jpg,Airbus,A340,A340-600
1758486.jpg,Airbus,A380,A380
1758487.jpg,Boeing,Boeing 777,777-200
1758544.jpg,Airbus,A310,A310
1758545.jpg,Boeing,Boeing 737,737-400
1758584.jpg,Dassault Aviation,Falcon 900,Falcon 900
1758606.jpg,Boeing,Boeing 737,737-500
1758619.jpg,Boeing,Boeing 737,737-600
1758701.jpg,British Aerospace,BAE 146,BAE 146-300
1758713.jpg,Airbus,A340,A340-500
1759064.jpg,Fairchild,Metroliner,Metroliner
1759217.jpg,Supermarine,Spitfire,Spitfire
1759296.jpg,Boeing,Boeing 737,737-600
1759298.jpg,Embraer,Embraer E-Jet,E-190
1759327.jpg,Canadair,CRJ-700,CRJ-700
1759330.jpg,British Aerospace,Hawk T1,Hawk T1
1759353.jpg,British Aerospace,BAE 146,BAE 146-300
1760948.jpg,Boeing,Boeing 777,777-300
1762097.jpg,Embraer,Embraer E-Jet,E-190
1762100.jpg,Lockheed Corporation,C-130,C-130
1762107.jpg,McDonnell Douglas,MD-11,MD-11
1762142.jpg,Canadair,CRJ-700,CRJ-900
1762143.jpg,Saab,Saab 340,Saab 340
1762160.jpg,Airbus,A320,A321
1762224.jpg,Douglas Aircraft Company,DC-6,DC-6
1762803.jpg,Cessna,Cessna Citation,Cessna 525
1763290.jpg,Canadair,CRJ-200,CRJ-200
1763588.jpg,Douglas Aircraft Company,DC-6,DC-6
1763666.jpg,Boeing,Boeing 737,737-700
1763667.jpg,Dornier,Dornier 328,Dornier 328
1763779.jpg,Canadair,CRJ-700,CRJ-900
1763802.jpg,Boeing,Boeing 777,777-300
1763810.jpg,McDonnell Douglas,MD-80,MD-80
1763830.jpg,Embraer,Embraer Legacy 600,Embraer Legacy 600
1764197.jpg,de Havilland,Dash 8,DHC-8-100
1764565.jpg,Airbus,A340,A340-200
1764574.jpg,Lockheed Martin,F-16,F-16A/B
1764575.jpg,Lockheed Martin,F-16,F-16A/B
1764704.jpg,Panavia,Tornado,Tornado
1764706.jpg,McDonnell Douglas,F/A-18,F/A-18
1764776.jpg,Eurofighter,Eurofighter Typhoon,Eurofighter Typhoon
1765610.jpg,Boeing,Boeing 717,Boeing 717
1766203.jpg,Beechcraft,King Air,Model B200
1767079.jpg,Supermarine,Spitfire,Spitfire
1767081.jpg,de Havilland,DH-82,DH-82
1767091.jpg,Boeing,Boeing 747,747-200
1767092.jpg,Beechcraft,King Air,Model B200
1767100.jpg,Douglas Aircraft Company,DC-6,DC-6
1767102.jpg,Beechcraft,Beechcraft 1900,Beechcraft 1900
1767104.jpg,Boeing,Boeing 757,757-300
1767106.jpg,Boeing,Boeing 747,747-400
1767219.jpg,Robin,DR-400,DR-400
1767221.jpg,Piper,PA-28,PA-28
1767275.jpg,Saab,Saab 340,Saab 340
1767276.jpg,Cessna,Cessna 208,Cessna 208
1767577.jpg,Panavia,Tornado,Tornado
1767578.jpg,Cessna,Cessna Citation,Cessna 525
1767653.jpg,Embraer,Embraer Legacy 600,Embraer Legacy 600
1768028.jpg,de Havilland,DHC-1,DHC-1
1768029.jpg,Lockheed Corporation,C-130,C-130
1768538.jpg,Boeing,Boeing 737,737-900
1768758.jpg,Embraer,Embraer E-Jet,E-195
1768769.jpg,Airbus,A320,A321
1768791.jpg,McDonnell Douglas,F/A-18,F/A-18
1768807.jpg,Cessna,Cessna Citation,Cessna 560
1768872.jpg,Airbus,A320,A320
1768889.jpg,Fokker,Fokker 100,Fokker 100
1768891.jpg,Cessna,Cessna Citation,Cessna 525
1769000.jpg,Cessna,Cessna Citation,Cessna 525
1769002.jpg,Cessna,Cessna Citation,Cessna 560
1769024.jpg,Boeing,Boeing 767,767-400
1769168.jpg,Cessna,Cessna 208,Cessna 208
1769898.jpg,Fairchild,Metroliner,Metroliner
1770257.jpg,de Havilland,DHC-1,DHC-1
1770844.jpg,Cirrus Aircraft,SR-20,SR-20
1771120.jpg,Canadair,CRJ-700,CRJ-900
1771266.jpg,Cirrus Aircraft,SR-20,SR-20
1771959.jpg,Boeing,Boeing 737,737-900
1771968.jpg,Boeing,Boeing 757,757-300
1771969.jpg,Gulfstream Aerospace,Gulfstream,Gulfstream V
1771999.jpg,Lockheed Martin,F-16,F-16A/B
1772014.jpg,Fokker,Fokker 70,Fokker 70
1772017.jpg,McDonnell Douglas,MD-80,MD-87
1772155.jpg,Beechcraft,Beechcraft 1900,Beechcraft 1900
1772163.jpg,de Havilland,Dash 8,DHC-8-100
1772221.jpg,Airbus,A340,A340-600
1772714.jpg,Fokker,Fokker 100,Fokker 100
1772719.jpg,Embraer,Embraer ERJ 145,ERJ 145
1773158.jpg,de Havilland,DH-82,DH-82
1773176.jpg,de Havilland,DHC-1,DHC-1
1773350.jpg,Robin,DR-400,DR-400
1773370.jpg,McDonnell Douglas,DC-9,DC-9-30
1773981.jpg,Boeing,Boeing 737,737-600
1774010.jpg,Boeing,Boeing 737,737-900
1774329.jpg,Dassault Aviation,Falcon 900,Falcon 900
1774335.jpg,Cessna,Cessna Citation,Cessna 525
1774353.jpg,Cessna,Cessna Citation,Cessna 525
1774577.jpg,Boeing,Boeing 757,757-300
1774584.jpg,Airbus,A340,A340-300
1774585.jpg,Boeing,Boeing 737,737-700
1775161.jpg,Robin,DR-400,DR-400
1776805.jpg,Embraer,EMB-120,EMB-120
1776806.jpg,Embraer,EMB-120,EMB-120
1776807.jpg,Douglas Aircraft Company,DC-6,DC-6
1776825.jpg,Embraer,Embraer E-Jet,E-190
1776868.jpg,Beechcraft,Beechcraft 1900,Beechcraft 1900
1776869.jpg,McDonnell Douglas,DC-9,DC-9-30
1777801.jpg,Embraer,Embraer E-Jet,E-195
1778108.jpg,Canadair,CRJ-700,CRJ-700
1778114.jpg,Boeing,Boeing 767,767-300
1778940.jpg,de Havilland,DHC-1,DHC-1
1778957.jpg,Supermarine,Spitfire,Spitfire
1778960.jpg,Dassault Aviation,Falcon 2000,Falcon 2000
1779182.jpg,Embraer,Embraer E-Jet,E-195
1779244.jpg,Boeing,Boeing 737,737-400
1779625.jpg,British Aerospace,Hawk T1,Hawk T1
1779626.jpg,Supermarine,Spitfire,Spitfire
1779647.jpg,Boeing,Boeing 777,777-300
1779674.jpg,Fokker,Fokker 100,Fokker 100
1779689.jpg,Canadair,Challenger 600,Challenger 600
1780364.jpg,British Aerospace,Hawk T1,Hawk T1
1781328.jpg,Canadair,CRJ-700,CRJ-900
1781350.jpg,British Aerospace,BAE 146,BAE 146-200
1782057.jpg,British Aerospace,BAE 146,BAE 146-200
1782070.jpg,Embraer,Embraer ERJ 145,ERJ 145
1782678.jpg,McDonnell Douglas,MD-80,MD-80
1782799.jpg,Beechcraft,King Air,Model B200
1783026.jpg,Boeing,Boeing 777,777-300
1783575.jpg,McDonnell Douglas,MD-80,MD-87
1783685.jpg,Boeing,Boeing 737,737-500
1783696.jpg,Airbus,A320,A319
1784213.jpg,de Havilland,Dash 8,DHC-8-300
1784215.jpg,British Aerospace,BAE 146,BAE 146-200
1784216.jpg,British Aerospace,BAE-125,BAE-125
1784221.jpg,McDonnell Douglas,F/A-18,F/A-18
1784292.jpg,Canadair,CRJ-200,CRJ-200
1784297.jpg,Gulfstream Aerospace,Gulfstream,Gulfstream V
1784301.jpg,Fokker,Fokker 100,Fokker 100
1784313.jpg,Cessna,Cessna Citation,Cessna 525
1785528.jpg,Cessna,Cessna 208,Cessna 208
1785531.jpg,Fairchild,Metroliner,Metroliner
1785533.jpg,Cessna,Cessna 208,Cessna 208
1785545.jpg,Douglas Aircraft Company,DC-6,DC-6
1785635.jpg,Saab,Saab 340,Saab 340
1785637.jpg,Douglas Aircraft Company,C-47,C-47
1785639.jpg,Embraer,EMB-120,EMB-120
1787739.jpg,Boeing,Boeing 777,777-300
1787740.jpg,Airbus,A340,A340-600
1788034.jpg,Embraer,Embraer E-Jet,E-195
1788036.jpg,Airbus,A380,A380
1788041.jpg,Embraer,Embraer ERJ 145,ERJ 135
1789443.jpg,Fokker,Fokker 70,Fokker 70
1789452.jpg,McDonnell Douglas,MD-90,MD-90
1790437.jpg,Boeing,Boeing 747,747-400
1790439.jpg,Airbus,A380,A380
1790500.jpg,Airbus,A330,A330-200
1790501.jpg,Boeing,Boeing 777,777-300
1790504.jpg,Airbus,A340,A340-600
1790505.jpg,Boeing,Boeing 767,767-400
1790920.jpg,Fairchild,Metroliner,Metroliner
1790921.jpg,Boeing,Boeing 737,737-700
1790927.jpg,Yakovlev,Yak-42,Yak-42
1792324.jpg,Dassault Aviation,Falcon 900,Falcon 900
1792325.jpg,Dassault Aviation,Falcon 900,Falcon 900
1792328.jpg,Boeing,Boeing 777,777-200
1794564.jpg,Lockheed Corporation,C-130,C-130
1794569.jpg,Eurofighter,Eurofighter Typhoon,Eurofighter Typhoon
1794927.jpg,Airbus,A340,A340-600
1795133.jpg,Boeing,Boeing 777,777-200
1795156.jpg,Airbus,A330,A330-300
1795164.jpg,McDonnell Douglas,F/A-18,F/A-18
1795167.jpg,British Aerospace,BAE-125,BAE-125
1795170.jpg,Dassault Aviation,Falcon 2000,Falcon 2000
1795553.jpg,Boeing,Boeing 737,737-900
1795554.jpg,Embraer,Embraer E-Jet,E-195
1795562.jpg,Dassault Aviation,Falcon 2000,Falcon 2000
1795569.jpg,Embraer,Embraer E-Jet,E-170
1795700.jpg,Embraer,Embraer E-Jet,E-195
1795992.jpg,Cirrus Aircraft,SR-20,SR-20
1796410.jpg,Lockheed Corporation,L-1011,L-1011
1796759.jpg,Embraer,Embraer E-Jet,E-195
1796764.jpg,Boeing,Boeing 747,747-400
1796772.jpg,Gulfstream Aerospace,Gulfstream,Gulfstream V
1796779.jpg,British Aerospace,Hawk T1,Hawk T1
1796970.jpg,Cessna,Cessna Citation,Cessna 525
1796985.jpg,Gulfstream Aerospace,Gulfstream,Gulfstream V
1797113.jpg,Airbus,A310,A310
1797935.jpg,Beechcraft,King Air,Model B200
1798066.jpg,Boeing,Boeing 767,767-400
1798288.jpg,Embraer,Embraer E-Jet,E-195
1798545.jpg,Piper,PA-28,PA-28
1798594.jpg,Boeing,Boeing 767,767-200
1798654.jpg,ATR,ATR-72,ATR-72
1799133.jpg,Eurofighter,Eurofighter Typhoon,Eurofighter Typhoon
1799469.jpg,Embraer,Embraer E-Jet,E-195
1799613.jpg,British Aerospace,BAE-125,BAE-125
1800126.jpg,Eurofighter,Eurofighter Typhoon,Eurofighter Typhoon
1800217.jpg,Bombardier Aerospace,Global Express,Global Express
1800296.jpg,Beechcraft,King Air,Model B200
1801068.jpg,Embraer,Embraer E-Jet,E-190
1801182.jpg,Embraer,Embraer E-Jet,E-195
1801242.jpg,Yakovlev,Yak-42,Yak-42
1801417.jpg,British Aerospace,BAE-125,BAE-125
1801653.jpg,Boeing,Boeing 717,Boeing 717
1801660.jpg,Boeing,Boeing 747,747-200
1801880.jpg,ATR,ATR-42,ATR-42
1804604.jpg,McDonnell Douglas,F/A-18,F/A-18
1804775.jpg,Cirrus Aircraft,SR-20,SR-20
1805918.jpg,Lockheed Corporation,C-130,C-130
1806057.jpg,ATR,ATR-72,ATR-72
1806208.jpg,Embraer,Embraer E-Jet,E-190
1806210.jpg,Gulfstream Aerospace,Gulfstream,Gulfstream V
1806211.jpg,Canadair,Challenger 600,Challenger 600
1806212.jpg,Embraer,Embraer Legacy 600,Embraer Legacy 600
1806221.jpg,Canadair,Challenger 600,Challenger 600
1806227.jpg,Cessna,Cessna Citation,Cessna 525
1806228.jpg,British Aerospace,BAE-125,BAE-125
1806229.jpg,Cessna,Cessna Citation,Cessna 525
1806231.jpg,Cessna,Cessna Citation,Cessna 560
1806232.jpg,Cessna,Cessna Citation,Cessna 560
1806234.jpg,Boeing,Boeing 737,737-800
1806237.jpg,Gulfstream Aerospace,Gulfstream,Gulfstream IV
1806584.jpg,Canadair,CRJ-700,CRJ-900
1806596.jpg,Airbus,A330,A330-200
1807104.jpg,Saab,Saab 2000,Saab 2000
1807109.jpg,Embraer,Embraer Legacy 600,Embraer Legacy 600
1807111.jpg,Cessna,Cessna Citation,Cessna 525
1807114.jpg,Cessna,Cessna Citation,Cessna 525
1807121.jpg,Saab,Saab 340,Saab 340
1807123.jpg,Embraer,Embraer Legacy 600,Embraer Legacy 600
1807128.jpg,McDonnell Douglas,F/A-18,F/A-18
1807897.jpg,McDonnell Douglas,F/A-18,F/A-18
1807932.jpg,Airbus,A320,A318
1808795.jpg,McDonnell Douglas,F/A-18,F/A-18
1809959.jpg,Embraer,Embraer E-Jet,E-170
1810201.jpg,Airbus,A330,A330-200
1810600.jpg,McDonnell Douglas,F/A-18,F/A-18
1810723.jpg,Boeing,Boeing 767,767-400
1810855.jpg,Boeing,Boeing 737,737-300
1810920.jpg,Boeing,Boeing 777,777-300
1810927.jpg,Boeing,Boeing 757,757-300
1810932.jpg,Airbus,A340,A340-300
1810935.jpg,Canadair,CRJ-700,CRJ-900
1810937.jpg,Airbus,A320,A318
1810960.jpg,Dornier,Dornier 328,Dornier 328
1811111.jpg,Airbus,A380,A380
1811384.jpg,McDonnell Douglas,F/A-18,F/A-18
1811490.jpg,Bombardier Aerospace,Global Express,Global Express
1812931.jpg,Bombardier Aerospace,Global Express,Global Express
1813838.jpg,Airbus,A320,A318
1814161.jpg,Airbus,A320,A318
1815692.jpg,Boeing,Boeing 757,757-200
1815884.jpg,Embraer,Embraer ERJ 145,ERJ 135
1815918.jpg,British Aerospace,BAE 146,BAE 146-200
1816331.jpg,Embraer,Embraer E-Jet,E-195
1817155.jpg,McDonnell Douglas,F/A-18,F/A-18
1817298.jpg,Douglas Aircraft Company,DC-3,DC-3
1818164.jpg,British Aerospace,BAE-125,BAE-125
1818166.jpg,Cessna,Cessna Citation,Cessna 525
1818227.jpg,Boeing,Boeing 747,747-400
1818391.jpg,McDonnell Douglas,F/A-18,F/A-18
1818393.jpg,Embraer,Embraer E-Jet,E-195
1818400.jpg,Embraer,Embraer E-Jet,E-190
1818731.jpg,Boeing,Boeing 737,737-500
1818737.jpg,Airbus,A340,A340-500
1818746.jpg,Airbus,A320,A319
1818747.jpg,Boeing,Boeing 737,737-900
1818832.jpg,Boeing,Boeing 777,777-300
1818860.jpg,Boeing,Boeing 737,737-700
1818866.jpg,Douglas Aircraft Company,DC-8,DC-8
1818869.jpg,Saab,Saab 2000,Saab 2000
1818870.jpg,Saab,Saab 2000,Saab 2000
1820311.jpg,British Aerospace,BAE-125,BAE-125
1820319.jpg,Boeing,Boeing 777,777-200
1820323.jpg,Airbus,A340,A340-600
1821463.jpg,Beechcraft,King Air,Model B200
1821602.jpg,Boeing,Boeing 747,747-100
1821967.jpg,Robin,DR-400,DR-400
1822336.jpg,Fokker,Fokker 70,Fokker 70
1822339.jpg,British Aerospace,Hawk T1,Hawk T1
1823113.jpg,Boeing,Boeing 737,737-600
1823272.jpg,Beechcraft,King Air,Model B200
1823327.jpg,Bombardier Aerospace,Global Express,Global Express
1823530.jpg,Boeing,Boeing 777,777-300
1823702.jpg,Airbus,A340,A340-600
1823703.jpg,Boeing,Boeing 777,777-200
1824419.jpg,Embraer,Embraer E-Jet,E-170
1824489.jpg,McDonnell Douglas,F/A-18,F/A-18
1824491.jpg,Bombardier Aerospace,Global Express,Global Express
1824499.jpg,Cessna,Cessna Citation,Cessna 525
1824515.jpg,Dassault Aviation,Falcon 2000,Falcon 2000
1824737.jpg,Boeing,Boeing 757,757-200
1825682.jpg,Boeing,Boeing 747,747-200
1825883.jpg,Fokker,Fokker 70,Fokker 70
1826520.jpg,Ilyushin,Il-76,Il-76
1826521.jpg,Ilyushin,Il-76,Il-76
1826524.jpg,Yakovlev,Yak-42,Yak-42
1826635.jpg,Yakovlev,Yak-42,Yak-42
1826636.jpg,Tupolev,Tu-134,Tu-134
1826637.jpg,Tupolev,Tu-134,Tu-134
1826676.jpg,Yakovlev,Yak-42,Yak-42
1826956.jpg,Embraer,Embraer E-Jet,E-190
1827290.jpg,Saab,Saab 2000,Saab 2000
1827450.jpg,Robin,DR-400,DR-400
1827565.jpg,Saab,Saab 340,Saab 340
1827566.jpg,Eurofighter,Eurofighter Typhoon,Eurofighter Typhoon
1828039.jpg,Douglas Aircraft Company,DC-3,DC-3
1828262.jpg,Embraer,Embraer E-Jet,E-195
1828267.jpg,Boeing,Boeing 747,747-300
1828911.jpg,Cessna,Cessna 172,Cessna 172
1829314.jpg,Robin,DR-400,DR-400
1829586.jpg,British Aerospace,BAE 146,BAE 146-300
1829675.jpg,Embraer,Embraer E-Jet,E-195
1829678.jpg,Cessna,Cessna Citation,Cessna 560
1829871.jpg,Cessna,Cessna 172,Cessna 172
1830876.jpg,Airbus,A340,A340-500
1831093.jpg,Boeing,Boeing 747,747-100
1831096.jpg,Boeing,Boeing 737,737-200
1831097.jpg,Airbus,A310,A310
1831582.jpg,Douglas Aircraft Company,DC-6,DC-6
1832165.jpg,Supermarine,Spitfire,Spitfire
1833079.jpg,Airbus,A320,A320
1833885.jpg,Canadair,Challenger 600,Challenger 600
1833887.jpg,Boeing,Boeing 727,727-200
1833904.jpg,Gulfstream Aerospace,Gulfstream,Gulfstream IV
1834622.jpg,Boeing,Boeing 757,757-300
1834788.jpg,Embraer,Embraer Legacy 600,Embraer Legacy 600
1834804.jpg,Saab,Saab 2000,Saab 2000
1834825.jpg,Embraer,Embraer Legacy 600,Embraer Legacy 600
1834899.jpg,Canadair,CRJ-700,CRJ-900
1836113.jpg,Boeing,Boeing 747,747-300
1836183.jpg,Airbus,A380,A380
1837336.jpg,Robin,DR-400,DR-400
1837424.jpg,de Havilland,Dash 8,DHC-8-300
1838164.jpg,Dassault Aviation,Falcon 900,Falcon 900
1838247.jpg,Eurofighter,Eurofighter Typhoon,Eurofighter Typhoon
1838250.jpg,Cessna,Cessna 172,Cessna 172
1838529.jpg,ATR,ATR-72,ATR-72
1838535.jpg,Boeing,Boeing 717,Boeing 717
1838645.jpg,Airbus,A320,A319
1838649.jpg,Boeing,Boeing 767,767-300
1839235.jpg,Lockheed Corporation,L-1011,L-1011
1839351.jpg,Cessna,Cessna Citation,Cessna 525
1840139.jpg,Airbus,A340,A340-600
1840140.jpg,Airbus,A330,A330-300
1840143.jpg,Beechcraft,King Air,Model B200
1840423.jpg,Airbus,A380,A380
1840427.jpg,Fokker,Fokker 100,Fokker 100
1841489.jpg,Embraer,Embraer E-Jet,E-195
1841545.jpg,Embraer,Embraer E-Jet,E-195
1842040.jpg,Boeing,Boeing 737,737-600
1842042.jpg,Boeing,Boeing 737,737-900
1842045.jpg,Boeing,Boeing 737,737-500
1842062.jpg,Airbus,A330,A330-300
1842068.jpg,ATR,ATR-72,ATR-72
1842075.jpg,McDonnell Douglas,F/A-18,F/A-18
1842078.jpg,Boeing,Boeing 747,747-100
1842168.jpg,Boeing,Boeing 777,777-200
1842173.jpg,Airbus,A340,A340-600
1842566.jpg,de Havilland,DHC-1,DHC-1
1843535.jpg,Cessna,Cessna Citation,Cessna 560
1843606.jpg,Beechcraft,King Air,Model B200
1843806.jpg,Dassault Aviation,Falcon 900,Falcon 900
1844051.jpg,Embraer,Embraer ERJ 145,ERJ 145
1844997.jpg,ATR,ATR-42,ATR-42
1845164.jpg,Cessna,Cessna 172,Cessna 172
1845995.jpg,Boeing,Boeing 737,737-600
1846016.jpg,McDonnell Douglas,F/A-18,F/A-18
1846142.jpg,Dassault Aviation,Falcon 2000,Falcon 2000
1846144.jpg,Gulfstream Aerospace,Gulfstream,Gulfstream IV
1846146.jpg,Boeing,Boeing 737,737-700
1846149.jpg,Canadair,Challenger 600,Challenger 600
1846150.jpg,Boeing,Boeing 737,737-700
1846193.jpg,Boeing,Boeing 737,737-400
1847170.jpg,Embraer,Embraer ERJ 145,ERJ 135
1847312.jpg,Boeing,Boeing 777,777-200
1847505.jpg,Airbus,A340,A340-600
1849520.jpg,de Havilland,DH-82,DH-82
1849793.jpg,Cirrus Aircraft,SR-20,SR-20
1849797.jpg,Cessna,Cessna Citation,Cessna 525
1850439.jpg,Embraer,Embraer ERJ 145,ERJ 135
1850446.jpg,Saab,Saab 340,Saab 340
1852004.jpg,Gulfstream Aerospace,Gulfstream,Gulfstream V
1852007.jpg,Boeing,Boeing 737,737-700
1852170.jpg,Boeing,Boeing 737,737-300
1852173.jpg,Boeing,Boeing 737,737-500
1852175.jpg,Canadair,CRJ-700,CRJ-900
1852177.jpg,Boeing,Boeing 737,737-600
1852201.jpg,Boeing,Boeing 737,737-800
1852244.jpg,Boeing,Boeing 777,777-200
1852270.jpg,Piper,PA-28,PA-28
1852373.jpg,McDonnell Douglas,MD-11,MD-11
1853929.jpg,Cirrus Aircraft,SR-20,SR-20
1853950.jpg,Cirrus Aircraft,SR-20,SR-20
1853951.jpg,Canadair,Challenger 600,Challenger 600
1855197.jpg,Airbus,A380,A380
1855285.jpg,Airbus,A330,A330-300
1855337.jpg,Airbus,A380,A380
1855382.jpg,Airbus,A330,A330-200
1855552.jpg,de Havilland,DH-82,DH-82
1856979.jpg,Boeing,Boeing 767,767-300
1856980.jpg,Airbus,A330,A330-200
1856982.jpg,Airbus,A300,A300B4
1857204.jpg,Boeing,Boeing 737,737-600
1857207.jpg,Boeing,Boeing 777,777-300
1857209.jpg,McDonnell Douglas,MD-80,MD-80
1857215.jpg,Airbus,A340,A340-500
1857534.jpg,Gulfstream Aerospace,Gulfstream,Gulfstream V
1857535.jpg,British Aerospace,BAE-125,BAE-125
1857537.jpg,Dassault Aviation,Falcon 900,Falcon 900
1857540.jpg,Cessna,Cessna Citation,Cessna 560
1857541.jpg,Gulfstream Aerospace,Gulfstream,Gulfstream IV
1857543.jpg,Gulfstream Aerospace,Gulfstream,Gulfstream V
1858302.jpg,Airbus,A340,A340-500
1859057.jpg,Panavia,Tornado,Tornado
1859059.jpg,Supermarine,Spitfire,Spitfire
1859060.jpg,Lockheed Martin,F-16,F-16A/B
1859253.jpg,British Aerospace,Hawk T1,Hawk T1
1859254.jpg,Panavia,Tornado,Tornado
1859259.jpg,Supermarine,Spitfire,Spitfire
1859309.jpg,Supermarine,Spitfire,Spitfire
1859488.jpg,Beechcraft,King Air,Model B200
1860127.jpg,Boeing,Boeing 777,777-300
1860128.jpg,Boeing,Boeing 767,767-200
1860132.jpg,Boeing,Boeing 747,747-400
1860176.jpg,Boeing,Boeing 737,737-200
1860177.jpg,Airbus,A320,A319
1860537.jpg,Airbus,A320,A321
1860580.jpg,Embraer,Embraer E-Jet,E-190
1861128.jpg,British Aerospace,Hawk T1,Hawk T1
1861153.jpg,Boeing,Boeing 737,737-600
1861474.jpg,Saab,Saab 340,Saab 340
1861593.jpg,Boeing,Boeing 767,767-400
1861594.jpg,Canadair,CRJ-700,CRJ-900
1861639.jpg,Embraer,Embraer E-Jet,E-190
1861737.jpg,Cessna,Cessna Citation,Cessna 525
1861811.jpg,Embraer,Embraer E-Jet,E-195
1861815.jpg,Canadair,CRJ-700,CRJ-900
1862132.jpg,Boeing,Boeing 767,767-200
1862134.jpg,Boeing,Boeing 727,727-200
1864276.jpg,Dassault Aviation,Falcon 2000,Falcon 2000
1864330.jpg,Airbus,A320,A318
1864340.jpg,Airbus,A340,A340-500
1864425.jpg,British Aerospace,BAE 146,BAE 146-200
1864787.jpg,ATR,ATR-72,ATR-72
1864988.jpg,Airbus,A330,A330-300
1864991.jpg,Boeing,Boeing 747,747-300
1864995.jpg,Boeing,Boeing 777,777-300
1865143.jpg,Gulfstream Aerospace,Gulfstream,Gulfstream V
1865767.jpg,Robin,DR-400,DR-400
1868375.jpg,Embraer,Embraer Legacy 600,Embraer Legacy 600
1869320.jpg,Douglas Aircraft Company,C-47,C-47
1869389.jpg,Canadair,CRJ-700,CRJ-900
1869866.jpg,Ilyushin,Il-76,Il-76
1869869.jpg,Tupolev,Tu-154,Tu-154
1869873.jpg,Boeing,Boeing 747,747-200
1869877.jpg,Boeing,Boeing 737,737-200
1869886.jpg,Ilyushin,Il-76,Il-76
1869888.jpg,Ilyushin,Il-76,Il-76
1869890.jpg,Ilyushin,Il-76,Il-76
1869891.jpg,Ilyushin,Il-76,Il-76
1869952.jpg,Lockheed Corporation,C-130,C-130
1869956.jpg,Airbus,A330,A330-200
1869981.jpg,Airbus,A320,A318
1870031.jpg,McDonnell Douglas,MD-80,MD-80
1870552.jpg,Boeing,Boeing 777,777-200
1870557.jpg,Boeing,Boeing 777,777-300
1870569.jpg,Boeing,Boeing 777,777-200
1870570.jpg,de Havilland,Dash 8,DHC-8-300
1870652.jpg,Embraer,Embraer E-Jet,E-170
1870658.jpg,Airbus,A330,A330-200
1870699.jpg,de Havilland,DHC-1,DHC-1
1870761.jpg,Airbus,A300,A300B4
1870831.jpg,Dassault Aviation,Falcon 900,Falcon 900
1871272.jpg,Airbus,A320,A318
1871273.jpg,Airbus,A320,A319
1871885.jpg,Boeing,Boeing 737,737-400
1872634.jpg,Airbus,A340,A340-300
1873333.jpg,Canadair,CRJ-700,CRJ-900
1874208.jpg,Cessna,Cessna Citation,Cessna 560
1874495.jpg,Boeing,Boeing 737,737-900
1875195.jpg,McDonnell Douglas,MD-80,MD-80
1875301.jpg,Bombardier Aerospace,Global Express,Global Express
1876021.jpg,Boeing,Boeing 737,737-400
1876022.jpg,Boeing,Boeing 737,737-700
1876023.jpg,Boeing,Boeing 767,767-300
1876024.jpg,Boeing,Boeing 767,767-300
1876402.jpg,Airbus,A320,A320
1877324.jpg,Boeing,Boeing 777,777-200
1877806.jpg,Bombardier Aerospace,Global Express,Global Express
1877896.jpg,Embraer,Embraer E-Jet,E-190
1878567.jpg,Airbus,A320,A320
1878581.jpg,Cessna,Cessna Citation,Cessna 525
1878591.jpg,Dassault Aviation,Falcon 900,Falcon 900
1878594.jpg,Embraer,Embraer E-Jet,E-170
1878600.jpg,Saab,Saab 2000,Saab 2000
1878990.jpg,Canadair,Challenger 600,Challenger 600
1879110.jpg,Boeing,Boeing 737,737-900
1879115.jpg,Airbus,A340,A340-300
1879116.jpg,Airbus,A320,A319
1879121.jpg,Embraer,Embraer E-Jet,E-170
1879734.jpg,Airbus,A380,A380
1879795.jpg,Douglas Aircraft Company,DC-8,DC-8
1879799.jpg,Canadair,CRJ-700,CRJ-900
1879800.jpg,Lockheed Corporation,L-1011,L-1011
1879805.jpg,Beechcraft,Beechcraft 1900,Beechcraft 1900
1879887.jpg,Airbus,A300,A300B4
1879889.jpg,Boeing,Boeing 737,737-400
1879894.jpg,Boeing,Boeing 737,737-300
1879895.jpg,Boeing,Boeing 747,747-300
1879896.jpg,Fokker,Fokker 50,Fokker 50
1879898.jpg,Airbus,A320,A321
1879981.jpg,Boeing,Boeing 717,Boeing 717
1880761.jpg,Airbus,A340,A340-500
1880805.jpg,Airbus,A330,A330-200
1880976.jpg,Lockheed Corporation,L-1011,L-1011
1881962.jpg,Boeing,Boeing 737,737-800
1882508.jpg,Airbus,A320,A318
1882581.jpg,Cessna,Cessna Citation,Cessna 525
1882621.jpg,Robin,DR-400,DR-400
1882639.jpg,Cessna,Cessna 172,Cessna 172
1883790.jpg,Airbus,A340,A340-600
1883803.jpg,ATR,ATR-42,ATR-42
1883938.jpg,Bombardier Aerospace,Global Express,Global Express
1884738.jpg,Boeing,Boeing 737,737-700
1884741.jpg,Airbus,A330,A330-200
1884743.jpg,Boeing,Boeing 737,737-400
1884745.jpg,Douglas Aircraft Company,DC-8,DC-8
1884748.jpg,Boeing,Boeing 737,737-200
1884749.jpg,Boeing,Boeing 757,757-200
1884753.jpg,Antonov,An-12,An-12
1884889.jpg,Airbus,A330,A330-200
1884992.jpg,Boeing,Boeing 737,737-900
1885667.jpg,Airbus,A330,A330-300
1885830.jpg,Boeing,Boeing 737,737-800
1885833.jpg,Airbus,A320,A320
1885835.jpg,Yakovlev,Yak-42,Yak-42
1885840.jpg,de Havilland,Dash 8,DHC-8-300
1885885.jpg,Boeing,Boeing 737,737-600
1885942.jpg,Airbus,A340,A340-600
1886145.jpg,British Aerospace,BAE 146,BAE 146-200
1886463.jpg,Airbus,A320,A321
1887787.jpg,Supermarine,Spitfire,Spitfire
1888254.jpg,Gulfstream Aerospace,Gulfstream,Gulfstream IV
1889545.jpg,Cessna,Cessna Citation,Cessna 560
1889546.jpg,McDonnell Douglas,F/A-18,F/A-18
1889550.jpg,McDonnell Douglas,F/A-18,F/A-18
1889561.jpg,Embraer,Embraer E-Jet,E-170
1889566.jpg,Cessna,Cessna Citation,Cessna 525
1889569.jpg,Dassault Aviation,Falcon 2000,Falcon 2000
1889572.jpg,Saab,Saab 2000,Saab 2000
1890576.jpg,ATR,ATR-42,ATR-42
1891187.jpg,Airbus,A380,A380
1891189.jpg,Boeing,Boeing 747,747-400
1891190.jpg,Boeing,Boeing 777,777-300
1891199.jpg,Embraer,Embraer Legacy 600,Embraer Legacy 600
1891293.jpg,Airbus,A340,A340-300
1891304.jpg,Boeing,Boeing 747,747-200
1891657.jpg,Fokker,Fokker 50,Fokker 50
1891664.jpg,Boeing,Boeing 737,737-500
1891667.jpg,de Havilland,Dash 8,DHC-8-100
1891966.jpg,Airbus,A380,A380
1891967.jpg,Boeing,Boeing 737,737-400
1892613.jpg,Cessna,Cessna 172,Cessna 172
1892614.jpg,Boeing,Boeing 757,757-300
1893205.jpg,Fokker,Fokker 70,Fokker 70
1894690.jpg,Airbus,A330,A330-300
1895014.jpg,Dornier,Dornier 328,Dornier 328
1895028.jpg,Saab,Saab 340,Saab 340
1895036.jpg,Bombardier Aerospace,Global Express,Global Express
1895220.jpg,McDonnell Douglas,F/A-18,F/A-18
1895222.jpg,McDonnell Douglas,F/A-18,F/A-18
1895223.jpg,Saab,Saab 340,Saab 340
1895474.jpg,Gulfstream Aerospace,Gulfstream,Gulfstream IV
1895796.jpg,Embraer,Embraer Legacy 600,Embraer Legacy 600
1895800.jpg,McDonnell Douglas,MD-11,MD-11
1895885.jpg,British Aerospace,BAE 146,BAE 146-200
1895995.jpg,Boeing,Boeing 747,747-300
1896036.jpg,Boeing,Boeing 747,747-200
1896163.jpg,Embraer,Embraer Legacy 600,Embraer Legacy 600
1897992.jpg,Cessna,Cessna Citation,Cessna 560
1898052.jpg,Supermarine,Spitfire,Spitfire
1898311.jpg,Airbus,A320,A319
1898331.jpg,Embraer,Embraer ERJ 145,ERJ 135
1898332.jpg,Dassault Aviation,Falcon 900,Falcon 900
1898447.jpg,McDonnell Douglas,MD-11,MD-11
1898513.jpg,Bombardier Aerospace,Global Express,Global Express
1899099.jpg,Boeing,Boeing 737,737-800
1899100.jpg,Canadair,Challenger 600,Challenger 600
1899111.jpg,Boeing,Boeing 737,737-300
1899114.jpg,Embraer,Embraer E-Jet,E-190
1899145.jpg,British Aerospace,BAE-125,BAE-125
1899232.jpg,McDonnell Douglas,MD-11,MD-11
1899261.jpg,ATR,ATR-72,ATR-72
1900368.jpg,Airbus,A340,A340-500
1900829.jpg,Embraer,Embraer Legacy 600,Embraer Legacy 600
1900831.jpg,Cessna,Cessna Citation,Cessna 560
1900832.jpg,Dassault Aviation,Falcon 900,Falcon 900
1900936.jpg,de Havilland,DHC-6,DHC-6
1900937.jpg,Embraer,Embraer E-Jet,E-170
1901003.jpg,Gulfstream Aerospace,Gulfstream,Gulfstream IV
1901133.jpg,Boeing,Boeing 767,767-300
1901159.jpg,Airbus,A340,A340-600
1901160.jpg,Embraer,Embraer E-Jet,E-170
1901216.jpg,ATR,ATR-72,ATR-72
1901546.jpg,de Havilland,DHC-1,DHC-1
1901689.jpg,Eurofighter,Eurofighter Typhoon,Eurofighter Typhoon
1902199.jpg,British Aerospace,BAE 146,BAE 146-300
1902309.jpg,Boeing,Boeing 767,767-200
1902310.jpg,Embraer,Embraer E-Jet,E-190
1902313.jpg,de Havilland,Dash 8,DHC-8-300
1902706.jpg,British Aerospace,BAE-125,BAE-125
1903010.jpg,Canadair,CRJ-700,CRJ-900
1903311.jpg,Gulfstream Aerospace,Gulfstream,Gulfstream IV
1903393.jpg,British Aerospace,BAE-125,BAE-125
1903505.jpg,Airbus,A320,A319
1905022.jpg,Embraer,Embraer E-Jet,E-195
1905772.jpg,Bombardier Aerospace,Global Express,Global Express
1906071.jpg,Boeing,Boeing 767,767-400
1906073.jpg,Airbus,A310,A310
1906074.jpg,Airbus,A300,A300B4
1906084.jpg,Dassault Aviation,Falcon 2000,Falcon 2000
1906287.jpg,Boeing,Boeing 737,737-400
1906339.jpg,ATR,ATR-72,ATR-72
1906352.jpg,Boeing,Boeing 737,737-900
1906657.jpg,Canadair,CRJ-700,CRJ-900
1906812.jpg,de Havilland,DHC-1,DHC-1
1906848.jpg,de Havilland,DHC-1,DHC-1
1906969.jpg,Piper,PA-28,PA-28
1907013.jpg,Douglas Aircraft Company,DC-3,DC-3
1907482.jpg,Dassault Aviation,Falcon 2000,Falcon 2000
1908065.jpg,Airbus,A300,A300B4
1908388.jpg,Boeing,Boeing 737,737-600
1908623.jpg,de Havilland,DHC-1,DHC-1
1908628.jpg,Boeing,Boeing 737,737-600
1908679.jpg,Gulfstream Aerospace,Gulfstream,Gulfstream V
1909087.jpg,Cirrus Aircraft,SR-20,SR-20
1909490.jpg,Boeing,Boeing 737,737-500
1909787.jpg,Embraer,Embraer E-Jet,E-170
1909792.jpg,Saab,Saab 2000,Saab 2000
1909808.jpg,Airbus,A320,A318
1909952.jpg,Embraer,Embraer E-Jet,E-190
1910575.jpg,Airbus,A330,A330-300
1910711.jpg,Boeing,Boeing 757,757-300
1910714.jpg,Boeing,Boeing 777,777-300
1910716.jpg,Boeing,Boeing 737,737-900
1910721.jpg,Airbus,A330,A330-200
1910729.jpg,Airbus,A320,A318
1910860.jpg,Boeing,Boeing 767,767-300
1911423.jpg,Cessna,Cessna 208,Cessna 208
1911427.jpg,British Aerospace,Hawk T1,Hawk T1
1912107.jpg,Lockheed Martin,F-16,F-16A/B
1912356.jpg,British Aerospace,Hawk T1,Hawk T1
1912564.jpg,Embraer,Embraer E-Jet,E-195
1912857.jpg,Saab,Saab 2000,Saab 2000
1912967.jpg,Saab,Saab 2000,Saab 2000
1912969.jpg,Airbus,A330,A330-200
1912972.jpg,ATR,ATR-72,ATR-72
1913641.jpg,Boeing,Boeing 777,777-300
1913767.jpg,Boeing,Boeing 767,767-400
1913792.jpg,Boeing,Boeing 737,737-800
1913801.jpg,British Aerospace,BAE 146,BAE 146-200
1913802.jpg,Embraer,Embraer E-Jet,E-190
1913803.jpg,Embraer,Embraer E-Jet,E-170
1913914.jpg,Piper,PA-28,PA-28
1914385.jpg,de Havilland,DH-82,DH-82
1914549.jpg,Supermarine,Spitfire,Spitfire
1914684.jpg,Boeing,Boeing 777,777-300
1914874.jpg,Boeing,Boeing 717,Boeing 717
1915066.jpg,de Havilland,DHC-1,DHC-1
1915068.jpg,Robin,DR-400,DR-400
1915069.jpg,Boeing,Boeing 777,777-300
1916452.jpg,Embraer,Embraer E-Jet,E-195
1917223.jpg,Embraer,Embraer E-Jet,E-195
1917497.jpg,Airbus,A330,A330-200
1917518.jpg,Airbus,A330,A330-200
1917720.jpg,Boeing,Boeing 757,757-200
1917739.jpg,Boeing,Boeing 737,737-400
1917856.jpg,McDonnell Douglas,MD-90,MD-90
1917860.jpg,Airbus,A320,A319
1918305.jpg,British Aerospace,BAE 146,BAE 146-300
1918372.jpg,Boeing,Boeing 737,737-900
1918572.jpg,Boeing,Boeing 737,737-200
1918574.jpg,Airbus,A310,A310
1918575.jpg,Dassault Aviation,Falcon 900,Falcon 900
1919891.jpg,Boeing,Boeing 777,777-300
1920543.jpg,Canadair,CRJ-700,CRJ-900
1921274.jpg,Embraer,Embraer Legacy 600,Embraer Legacy 600
1921280.jpg,Embraer,Embraer ERJ 145,ERJ 135
1921281.jpg,Airbus,A320,A318
1921311.jpg,Airbus,A320,A321
1921449.jpg,Airbus,A310,A310
1921500.jpg,Cessna,Cessna Citation,Cessna 525
1921652.jpg,Airbus,A330,A330-300
1921655.jpg,Boeing,Boeing 777,777-200
1921656.jpg,Gulfstream Aerospace,Gulfstream,Gulfstream V
1921769.jpg,Canadair,CRJ-200,CRJ-200
1921777.jpg,Airbus,A340,A340-600
1921783.jpg,Boeing,Boeing 737,737-900
1921949.jpg,Douglas Aircraft Company,DC-3,DC-3
1921950.jpg,Airbus,A380,A380
1922017.jpg,Lockheed Martin,F-16,F-16A/B
1922541.jpg,de Havilland,DHC-1,DHC-1
1922722.jpg,Embraer,Embraer E-Jet,E-195
1922848.jpg,Airbus,A340,A340-300
1922915.jpg,Boeing,Boeing 747,747-400
1922917.jpg,Boeing,Boeing 777,777-300
1922919.jpg,Bombardier Aerospace,Global Express,Global Express
1923371.jpg,Cessna,Cessna 172,Cessna 172
1924170.jpg,Embraer,Embraer ERJ 145,ERJ 135
1924286.jpg,de Havilland,DH-82,DH-82
1925943.jpg,Beechcraft,King Air,Model B200
1925949.jpg,Airbus,A330,A330-300
1926205.jpg,Embraer,Embraer E-Jet,E-190
1926247.jpg,Embraer,Embraer ERJ 145,ERJ 135
1926379.jpg,British Aerospace,BAE 146,BAE 146-200
1926825.jpg,Airbus,A330,A330-300
1926827.jpg,Airbus,A340,A340-600
1926830.jpg,Cessna,Cessna 208,Cessna 208
1926848.jpg,British Aerospace,BAE-125,BAE-125
1926943.jpg,ATR,ATR-42,ATR-42
1927186.jpg,Airbus,A320,A318
1927216.jpg,Douglas Aircraft Company,DC-8,DC-8
1927219.jpg,Lockheed Martin,F-16,F-16A/B
1927265.jpg,Cirrus Aircraft,SR-20,SR-20
1927269.jpg,McDonnell Douglas,F/A-18,F/A-18
1927270.jpg,Panavia,Tornado,Tornado
1927313.jpg,Boeing,Boeing 737,737-300
1927317.jpg,Boeing,Boeing 737,737-700
1927319.jpg,Airbus,A320,A321
1927638.jpg,Cessna,Cessna Citation,Cessna 525
1928115.jpg,Cessna,Cessna 172,Cessna 172
1928510.jpg,Boeing,Boeing 747,747-400
1928761.jpg,Robin,DR-400,DR-400
1928766.jpg,Piper,PA-28,PA-28
1928769.jpg,de Havilland,DH-82,DH-82
1928845.jpg,de Havilland,DH-82,DH-82
1929102.jpg,Canadair,CRJ-700,CRJ-900
1930380.jpg,Saab,Saab 2000,Saab 2000
1930685.jpg,Boeing,Boeing 777,777-200
1930872.jpg,Bombardier Aerospace,Global Express,Global Express
1931060.jpg,Embraer,Embraer ERJ 145,ERJ 145
1931136.jpg,Dassault Aviation,Falcon 2000,Falcon 2000
1931138.jpg,Dornier,Dornier 328,Dornier 328
1931268.jpg,Airbus,A330,A330-300
1931271.jpg,Boeing,Boeing 737,737-800
1931272.jpg,McDonnell Douglas,F/A-18,F/A-18
1931348.jpg,Panavia,Tornado,Tornado
1931897.jpg,Lockheed Corporation,C-130,C-130
1932450.jpg,Embraer,Embraer E-Jet,E-190
1932555.jpg,Airbus,A320,A318
1932603.jpg,Airbus,A380,A380
1933201.jpg,British Aerospace,BAE 146,BAE 146-200
1933719.jpg,Boeing,Boeing 737,737-400
1933878.jpg,Beechcraft,King Air,Model B200
1933930.jpg,Airbus,A330,A330-300
1933933.jpg,Boeing,Boeing 767,767-300
1934357.jpg,Cessna,Cessna Citation,Cessna 560
1934561.jpg,de Havilland,DH-82,DH-82
1934562.jpg,Embraer,Embraer ERJ 145,ERJ 135
1934728.jpg,Fokker,Fokker 100,Fokker 100
1935194.jpg,Embraer,Embraer E-Jet,E-190
1935311.jpg,Embraer,Embraer ERJ 145,ERJ 145
1935338.jpg,Dassault Aviation,Falcon 900,Falcon 900
1935709.jpg,Boeing,Boeing 767,767-200
1935749.jpg,Airbus,A330,A330-200
1935750.jpg,Boeing,Boeing 737,737-800
1935752.jpg,Airbus,A340,A340-300
1935754.jpg,Embraer,Embraer E-Jet,E-195
1935836.jpg,Cirrus Aircraft,SR-20,SR-20
1936341.jpg,Cessna,Cessna Citation,Cessna 525
1936431.jpg,Boeing,Boeing 777,777-300
1936773.jpg,Airbus,A330,A330-300
1937250.jpg,British Aerospace,BAE 146,BAE 146-200
1937368.jpg,Douglas Aircraft Company,DC-6,DC-6
1938051.jpg,Boeing,Boeing 757,757-300
1938067.jpg,Dassault Aviation,Falcon 2000,Falcon 2000
1938172.jpg,Dornier,Dornier 328,Dornier 328
1939689.jpg,Saab,Saab 340,Saab 340
1939758.jpg,Airbus,A330,A330-300
1940178.jpg,Lockheed Martin,F-16,F-16A/B
1940180.jpg,Lockheed Corporation,C-130,C-130
1940184.jpg,Lockheed Corporation,C-130,C-130
1940190.jpg,Panavia,Tornado,Tornado
1940255.jpg,Eurofighter,Eurofighter Typhoon,Eurofighter Typhoon
1940260.jpg,Eurofighter,Eurofighter Typhoon,Eurofighter Typhoon
1940512.jpg,de Havilland,DHC-1,DHC-1
1940728.jpg,Tupolev,Tu-154,Tu-154
1940832.jpg,Airbus,A320,A319
1940904.jpg,Canadair,Challenger 600,Challenger 600
1941127.jpg,Douglas Aircraft Company,C-47,C-47
1941697.jpg,Airbus,A380,A380
1941841.jpg,ATR,ATR-72,ATR-72
1941845.jpg,Airbus,A380,A380
1941995.jpg,British Aerospace,BAE 146,BAE 146-300
1942524.jpg,Boeing,Boeing 747,747-400
1942531.jpg,Beechcraft,King Air,Model B200
1942551.jpg,Boeing,Boeing 777,777-300
1942698.jpg,Boeing,Boeing 737,737-200
1942913.jpg,Dassault Aviation,Falcon 2000,Falcon 2000
1942914.jpg,Airbus,A320,A320
1943159.jpg,Dassault Aviation,Falcon 2000,Falcon 2000
1943161.jpg,Cessna,Cessna Citation,Cessna 560
1943165.jpg,Embraer,Embraer E-Jet,E-195
1943166.jpg,Canadair,Challenger 600,Challenger 600
1943176.jpg,Dassault Aviation,Falcon 2000,Falcon 2000
1943354.jpg,Dornier,Dornier 328,Dornier 328
1943356.jpg,Gulfstream Aerospace,Gulfstream,Gulfstream IV
1943358.jpg,Embraer,Embraer E-Jet,E-190
1943366.jpg,Dassault Aviation,Falcon 2000,Falcon 2000
1943367.jpg,de Havilland,DHC-6,DHC-6
1943370.jpg,Airbus,A320,A318
1943476.jpg,Embraer,Embraer E-Jet,E-170
1944650.jpg,Boeing,Boeing 757,757-300
1945292.jpg,Douglas Aircraft Company,DC-6,DC-6
1945366.jpg,Airbus,A320,A318
1945418.jpg,Fokker,Fokker 50,Fokker 50
1945458.jpg,Airbus,A330,A330-200
1945514.jpg,Boeing,Boeing 757,757-200
1945517.jpg,Canadair,CRJ-700,CRJ-900
1945974.jpg,Panavia,Tornado,Tornado
1945975.jpg,Lockheed Martin,F-16,F-16A/B
1946038.jpg,Eurofighter,Eurofighter Typhoon,Eurofighter Typhoon
1946040.jpg,Boeing,Boeing 737,737-700
1946049.jpg,Lockheed Martin,F-16,F-16A/B
1948105.jpg,Embraer,Embraer E-Jet,E-170
1948194.jpg,Airbus,A380,A380
1948449.jpg,Boeing,Boeing 737,737-900
1949040.jpg,Embraer,Embraer E-Jet,E-190
1950428.jpg,de Havilland,DH-82,DH-82
1950528.jpg,British Aerospace,BAE 146,BAE 146-300
1950531.jpg,Bombardier Aerospace,Global Express,Global Express
1950537.jpg,McDonnell Douglas,MD-80,MD-87
1950554.jpg,British Aerospace,BAE 146,BAE 146-200
1950555.jpg,Airbus,A330,A330-300
1950557.jpg,Airbus,A340,A340-300
1950558.jpg,ATR,ATR-72,ATR-72
1950559.jpg,Gulfstream Aerospace,Gulfstream,Gulfstream V
1950564.jpg,McDonnell Douglas,MD-90,MD-90
1950704.jpg,Dornier,Dornier 328,Dornier 328
1950707.jpg,Boeing,Boeing 737,737-700
1951063.jpg,Airbus,A380,A380
1951531.jpg,de Havilland,DHC-1,DHC-1
1951612.jpg,Airbus,A340,A340-300
1951693.jpg,Embraer,Embraer E-Jet,E-190
1951706.jpg,Airbus,A340,A340-500
1951709.jpg,Bombardier Aerospace,Global Express,Global Express
1952115.jpg,Airbus,A330,A330-300
1952462.jpg,Eurofighter,Eurofighter Typhoon,Eurofighter Typhoon
1952832.jpg,Airbus,A330,A330-300
1952834.jpg,Embraer,Embraer E-Jet,E-190
1953630.jpg,Embraer,Embraer E-Jet,E-170
1954835.jpg,Embraer,Embraer ERJ 145,ERJ 135
1955376.jpg,Boeing,Boeing 737,737-300
1955377.jpg,Cessna,Cessna 172,Cessna 172
1955962.jpg,Robin,DR-400,DR-400
1956190.jpg,Douglas Aircraft Company,DC-3,DC-3
1956397.jpg,Boeing,Boeing 777,777-200
1956487.jpg,Cessna,Cessna 172,Cessna 172
1956491.jpg,Beechcraft,King Air,Model B200
1956503.jpg,Embraer,Embraer ERJ 145,ERJ 135
1956504.jpg,Canadair,CRJ-700,CRJ-900
1957106.jpg,Gulfstream Aerospace,Gulfstream,Gulfstream V
1957443.jpg,Embraer,Embraer E-Jet,E-195
1958055.jpg,Supermarine,Spitfire,Spitfire
1958057.jpg,Canadair,Challenger 600,Challenger 600
1958528.jpg,Fairchild,Metroliner,Metroliner
1958758.jpg,Boeing,Boeing 737,737-300
1958759.jpg,Canadair,CRJ-700,CRJ-900
1958762.jpg,Airbus,A320,A321
1958764.jpg,Canadair,CRJ-200,CRJ-200
1958825.jpg,Fokker,Fokker 50,Fokker 50
1960029.jpg,Cessna,Cessna Citation,Cessna 525
1960593.jpg,Boeing,Boeing 747,747-400
1961222.jpg,Panavia,Tornado,Tornado
1961226.jpg,de Havilland,Dash 8,DHC-8-300
1961232.jpg,Panavia,Tornado,Tornado
1961234.jpg,Embraer,Embraer E-Jet,E-195
1961237.jpg,Airbus,A340,A340-200
1961354.jpg,Airbus,A330,A330-200
1961974.jpg,Cessna,Cessna 172,Cessna 172
1962770.jpg,Antonov,An-12,An-12
1963559.jpg,Cessna,Cessna Citation,Cessna 560
1964097.jpg,Cessna,Cessna Citation,Cessna 525
1964929.jpg,Cessna,Cessna Citation,Cessna 525
1966096.jpg,Airbus,A320,A319
1966165.jpg,Boeing,Boeing 737,737-400
1966168.jpg,Fokker,Fokker 70,Fokker 70
1966169.jpg,Eurofighter,Eurofighter Typhoon,Eurofighter Typhoon
1966243.jpg,British Aerospace,BAE 146,BAE 146-300
1966244.jpg,Airbus,A320,A320
1966248.jpg,Boeing,Boeing 767,767-300
1966252.jpg,Airbus,A330,A330-300
1966254.jpg,Saab,Saab 2000,Saab 2000
1966259.jpg,Embraer,Embraer E-Jet,E-195
1966263.jpg,Embraer,EMB-120,EMB-120
1966297.jpg,Embraer,Embraer ERJ 145,ERJ 145
1966298.jpg,Embraer,Embraer E-Jet,E-170
1966299.jpg,McDonnell Douglas,MD-80,MD-87
1966540.jpg,Canadair,Challenger 600,Challenger 600
1966895.jpg,Panavia,Tornado,Tornado
1966899.jpg,Panavia,Tornado,Tornado
1967054.jpg,Cessna,Cessna Citation,Cessna 525
1967574.jpg,Boeing,Boeing 767,767-300
1967993.jpg,Supermarine,Spitfire,Spitfire
1968337.jpg,Cessna,Cessna 208,Cessna 208
1968443.jpg,Supermarine,Spitfire,Spitfire
1969049.jpg,Cessna,Cessna 208,Cessna 208
1969068.jpg,Supermarine,Spitfire,Spitfire
1969071.jpg,British Aerospace,Hawk T1,Hawk T1
1970744.jpg,Cessna,Cessna Citation,Cessna 560
1971194.jpg,Embraer,Embraer E-Jet,E-195
1971523.jpg,Boeing,Boeing 717,Boeing 717
1972760.jpg,Embraer,Embraer E-Jet,E-170
1973089.jpg,British Aerospace,Hawk T1,Hawk T1
1973254.jpg,Dassault Aviation,Falcon 2000,Falcon 2000
1973423.jpg,McDonnell Douglas,MD-11,MD-11
1973442.jpg,Airbus,A380,A380
1973455.jpg,Bombardier Aerospace,Global Express,Global Express
1973457.jpg,Boeing,Boeing 737,737-600
1973458.jpg,Boeing,Boeing 737,737-500
1974369.jpg,Saab,Saab 2000,Saab 2000
1974384.jpg,Beechcraft,King Air,Model B200
1974570.jpg,de Havilland,DHC-6,DHC-6
1974802.jpg,de Havilland,DH-82,DH-82
1975737.jpg,Canadair,CRJ-700,CRJ-900
1975739.jpg,Saab,Saab 2000,Saab 2000
1976055.jpg,British Aerospace,Hawk T1,Hawk T1
1976400.jpg,Boeing,Boeing 767,767-400
1977078.jpg,Airbus,A300,A300B4
1977444.jpg,de Havilland,DHC-6,DHC-6
1977631.jpg,Piper,PA-28,PA-28
1977817.jpg,Saab,Saab 340,Saab 340
1979048.jpg,Embraer,Embraer ERJ 145,ERJ 145
1979055.jpg,Airbus,A380,A380
1979060.jpg,Dassault Aviation,Falcon 900,Falcon 900
1979061.jpg,Airbus,A380,A380
1979066.jpg,Airbus,A330,A330-300
1979068.jpg,Airbus,A380,A380
1979290.jpg,de Havilland,DH-82,DH-82
1979306.jpg,de Havilland,DH-82,DH-82
1979428.jpg,Fokker,Fokker 100,Fokker 100
1979606.jpg,Canadair,CRJ-700,CRJ-700
1979663.jpg,Boeing,Boeing 737,737-700
1979664.jpg,Panavia,Tornado,Tornado
1979665.jpg,Cirrus Aircraft,SR-20,SR-20
1980084.jpg,Airbus,A320,A320
1980186.jpg,de Havilland,DH-82,DH-82
1980188.jpg,Boeing,Boeing 767,767-400
1980576.jpg,Gulfstream Aerospace,Gulfstream,Gulfstream IV
1980686.jpg,de Havilland,DH-82,DH-82
1980863.jpg,British Aerospace,BAE-125,BAE-125
1981388.jpg,Eurofighter,Eurofighter Typhoon,Eurofighter Typhoon
1981480.jpg,Boeing,Boeing 757,757-300
1981537.jpg,Embraer,Embraer E-Jet,E-195
1981975.jpg,Airbus,A320,A318
1982724.jpg,Canadair,CRJ-700,CRJ-700
1983628.jpg,de Havilland,Dash 8,DHC-8-300
1983851.jpg,British Aerospace,BAE 146,BAE 146-300
1984367.jpg,Boeing,Boeing 717,Boeing 717
1984373.jpg,Boeing,Boeing 777,777-300
1985096.jpg,Airbus,A330,A330-300
1985180.jpg,Gulfstream Aerospace,Gulfstream,Gulfstream IV
1985184.jpg,Boeing,Boeing 747,747-100
1987006.jpg,Embraer,Embraer E-Jet,E-195
1987009.jpg,Boeing,Boeing 737,737-800
1987428.jpg,Airbus,A380,A380
1987429.jpg,Canadair,Challenger 600,Challenger 600
1987430.jpg,McDonnell Douglas,F/A-18,F/A-18
1987891.jpg,McDonnell Douglas,F/A-18,F/A-18
1989990.jpg,Saab,Saab 340,Saab 340
1990014.jpg,Canadair,CRJ-200,CRJ-200
1990751.jpg,Airbus,A380,A380
1991742.jpg,de Havilland,DHC-6,DHC-6
1991750.jpg,de Havilland,DHC-6,DHC-6
1992047.jpg,Airbus,A380,A380
1992125.jpg,de Havilland,DHC-6,DHC-6
1992126.jpg,de Havilland,DHC-6,DHC-6
1992133.jpg,de Havilland,DHC-6,DHC-6
1992245.jpg,de Havilland,DHC-6,DHC-6
1992339.jpg,Boeing,Boeing 767,767-300
1992617.jpg,de Havilland,DHC-6,DHC-6
1992674.jpg,de Havilland,DHC-6,DHC-6
1992688.jpg,de Havilland,DHC-6,DHC-6
1992904.jpg,Boeing,Boeing 777,777-200
1992921.jpg,Airbus,A330,A330-200
1992923.jpg,Embraer,Embraer Legacy 600,Embraer Legacy 600
1992926.jpg,ATR,ATR-72,ATR-72
1992930.jpg,Airbus,A320,A319
1993167.jpg,Boeing,Boeing 767,767-400
1993814.jpg,Dassault Aviation,Falcon 2000,Falcon 2000
1994544.jpg,Airbus,A340,A340-300
1995036.jpg,Canadair,Challenger 600,Challenger 600
1996875.jpg,McDonnell Douglas,MD-80,MD-80
1997314.jpg,Boeing,Boeing 777,777-300
1997544.jpg,de Havilland,DHC-6,DHC-6
1997674.jpg,Fokker,Fokker 70,Fokker 70
1997801.jpg,Eurofighter,Eurofighter Typhoon,Eurofighter Typhoon
1997802.jpg,de Havilland,DHC-6,DHC-6
1997848.jpg,Airbus,A330,A330-200
1997878.jpg,Boeing,Boeing 747,747-400
1997993.jpg,McDonnell Douglas,MD-11,MD-11
1998935.jpg,de Havilland,DHC-6,DHC-6
1998936.jpg,de Havilland,DHC-6,DHC-6
1999287.jpg,de Havilland,DH-82,DH-82
1999292.jpg,Embraer,Embraer E-Jet,E-190
1999302.jpg,de Havilland,DHC-6,DHC-6
1999441.jpg,de Havilland,DHC-6,DHC-6
1999871.jpg,Ilyushin,Il-76,Il-76
1999875.jpg,de Havilland,DHC-6,DHC-6
2000146.jpg,Boeing,Boeing 767,767-400
2000356.jpg,de Havilland,DHC-6,DHC-6
2001287.jpg,McDonnell Douglas,MD-80,MD-87
2001289.jpg,Cessna,Cessna Citation,Cessna 560
2001300.jpg,Embraer,Embraer E-Jet,E-195
2002223.jpg,Boeing,Boeing 737,737-900
2002329.jpg,Tupolev,Tu-154,Tu-154
2002331.jpg,Boeing,Boeing 737,737-500
2002333.jpg,Boeing,Boeing 737,737-800
2002363.jpg,Boeing,Boeing 757,757-300
2002994.jpg,de Havilland,DHC-6,DHC-6
2003239.jpg,Bombardier Aerospace,Global Express,Global Express
2003241.jpg,Boeing,Boeing 717,Boeing 717
2003270.jpg,Embraer,Embraer ERJ 145,ERJ 145
2003456.jpg,de Havilland,DHC-6,DHC-6
2003458.jpg,de Havilland,DHC-6,DHC-6
2003459.jpg,de Havilland,DHC-6,DHC-6
2003504.jpg,Douglas Aircraft Company,DC-6,DC-6
2003512.jpg,Robin,DR-400,DR-400
2004307.jpg,British Aerospace,BAE 146,BAE 146-200
2004590.jpg,Embraer,Embraer E-Jet,E-195
2004744.jpg,de Havilland,DHC-6,DHC-6
2004745.jpg,de Havilland,DHC-6,DHC-6
2004856.jpg,Boeing,Boeing 767,767-400
2004902.jpg,Boeing,Boeing 767,767-200
2005091.jpg,de Havilland,DHC-6,DHC-6
2005574.jpg,Eurofighter,Eurofighter Typhoon,Eurofighter Typhoon
2005735.jpg,de Havilland,DHC-6,DHC-6
2005736.jpg,de Havilland,DHC-6,DHC-6
2006024.jpg,Embraer,EMB-120,EMB-120
2006049.jpg,Cirrus Aircraft,SR-20,SR-20
2006288.jpg,de Havilland,DHC-6,DHC-6
2006296.jpg,Airbus,A320,A321
2006677.jpg,Bombardier Aerospace,Global Express,Global Express
2006683.jpg,de Havilland,DH-82,DH-82
2007881.jpg,Tupolev,Tu-154,Tu-154
2007883.jpg,British Aerospace,BAE 146,BAE 146-300
2007888.jpg,Fokker,Fokker 100,Fokker 100
2007890.jpg,Boeing,Boeing 737,737-400
2008019.jpg,Airbus,A320,A321
2008022.jpg,Canadair,CRJ-700,CRJ-700
2008338.jpg,de Havilland,DHC-6,DHC-6
2008454.jpg,de Havilland,DHC-6,DHC-6
2008455.jpg,de Havilland,DHC-6,DHC-6
2008530.jpg,Airbus,A320,A320
2009533.jpg,Fokker,Fokker 70,Fokker 70
2009833.jpg,McDonnell Douglas,MD-11,MD-11
2009841.jpg,Cessna,Cessna 172,Cessna 172
2009849.jpg,de Havilland,Dash 8,DHC-8-300
2009852.jpg,British Aerospace,BAE 146,BAE 146-300
2010056.jpg,Boeing,Boeing 767,767-300
2010325.jpg,de Havilland,DHC-6,DHC-6
2010474.jpg,de Havilland,DHC-6,DHC-6
2011071.jpg,Robin,DR-400,DR-400
2011623.jpg,de Havilland,DHC-6,DHC-6
2013047.jpg,Supermarine,Spitfire,Spitfire
2013250.jpg,Embraer,Embraer E-Jet,E-190
2013386.jpg,Cessna,Cessna Citation,Cessna 525
2013756.jpg,Boeing,Boeing 777,777-300
2013757.jpg,Boeing,Boeing 757,757-200
2013771.jpg,McDonnell Douglas,MD-80,MD-80
2013985.jpg,Airbus,A380,A380
2014220.jpg,Cirrus Aircraft,SR-20,SR-20
2014222.jpg,Cirrus Aircraft,SR-20,SR-20
2014377.jpg,Dassault Aviation,Falcon 900,Falcon 900
2014678.jpg,Lockheed Corporation,C-130,C-130
2015169.jpg,de Havilland,DHC-6,DHC-6
2015492.jpg,Boeing,Boeing 777,777-300
2017851.jpg,Boeing,Boeing 717,Boeing 717
2018705.jpg,British Aerospace,Hawk T1,Hawk T1
2018707.jpg,Cirrus Aircraft,SR-20,SR-20
2018709.jpg,ATR,ATR-72,ATR-72
2018768.jpg,Cessna,Cessna Citation,Cessna 525
2019053.jpg,Airbus,A330,A330-200
2019474.jpg,Embraer,Embraer E-Jet,E-195
2019475.jpg,Saab,Saab 2000,Saab 2000
2019594.jpg,Gulfstream Aerospace,Gulfstream,Gulfstream V
2020296.jpg,Embraer,Embraer ERJ 145,ERJ 135
2020515.jpg,Embraer,Embraer Legacy 600,Embraer Legacy 600
2020641.jpg,Boeing,Boeing 757,757-300
2021346.jpg,Embraer,Embraer ERJ 145,ERJ 135
2021679.jpg,Boeing,Boeing 747,747-400
2021695.jpg,Boeing,Boeing 727,727-200
2021834.jpg,Boeing,Boeing 737,737-800
2021838.jpg,Boeing,Boeing 767,767-400
2021840.jpg,McDonnell Douglas,MD-80,MD-87
2021843.jpg,Embraer,Embraer E-Jet,E-195
2021848.jpg,Douglas Aircraft Company,C-47,C-47
2021865.jpg,McDonnell Douglas,MD-80,MD-87
2022003.jpg,de Havilland,DH-82,DH-82
2022236.jpg,Embraer,Embraer E-Jet,E-195
2023598.jpg,Gulfstream Aerospace,Gulfstream,Gulfstream IV
2024661.jpg,Eurofighter,Eurofighter Typhoon,Eurofighter Typhoon
2024691.jpg,Canadair,CRJ-700,CRJ-700
2024757.jpg,Boeing,Boeing 767,767-400
2025767.jpg,Airbus,A300,A300B4
2026511.jpg,Boeing,Boeing 767,767-400
2026597.jpg,Boeing,Boeing 767,767-400
2026614.jpg,Boeing,Boeing 777,777-300
2026616.jpg,Airbus,A380,A380
2026690.jpg,de Havilland,DHC-1,DHC-1
2026726.jpg,Embraer,Embraer Legacy 600,Embraer Legacy 600
2026727.jpg,ATR,ATR-42,ATR-42
2026729.jpg,McDonnell Douglas,MD-80,MD-87
2026733.jpg,Boeing,Boeing 767,767-200
2026736.jpg,Airbus,A330,A330-200
2026755.jpg,Saab,Saab 2000,Saab 2000
2026894.jpg,Boeing,Boeing 737,737-400
2028343.jpg,Fokker,Fokker 70,Fokker 70
2029861.jpg,Boeing,Boeing 777,777-300
2029863.jpg,Boeing,Boeing 767,767-300
2029900.jpg,Airbus,A340,A340-500
2030079.jpg,Gulfstream Aerospace,Gulfstream,Gulfstream V
2030080.jpg,Robin,DR-400,DR-400
2030169.jpg,Cessna,Cessna Citation,Cessna 525
2030599.jpg,Boeing,Boeing 737,737-700
2031381.jpg,Fokker,Fokker 100,Fokker 100
2031382.jpg,Boeing,Boeing 737,737-400
2031384.jpg,Boeing,Boeing 737,737-500
2031390.jpg,Fokker,Fokker 100,Fokker 100
2031391.jpg,Embraer,Embraer Legacy 600,Embraer Legacy 600
2031392.jpg,Fairchild,Metroliner,Metroliner
2031394.jpg,Boeing,Boeing 737,737-300
2031397.jpg,Airbus,A320,A321
2031399.jpg,Boeing,Boeing 767,767-300
2031400.jpg,Canadair,CRJ-200,CRJ-200
2031401.jpg,Boeing,Boeing 717,Boeing 717
2031402.jpg,British Aerospace,BAE 146,BAE 146-200
2031403.jpg,Boeing,Boeing 757,757-200
2031421.jpg,Boeing,Boeing 737,737-600
2031510.jpg,Bombardier Aerospace,Global Express,Global Express
2031661.jpg,Saab,Saab 340,Saab 340
2031775.jpg,Boeing,Boeing 707,707-320
2031889.jpg,Canadair,CRJ-200,CRJ-200
2031890.jpg,Panavia,Tornado,Tornado
2032004.jpg,Canadair,CRJ-700,CRJ-900
2032511.jpg,Airbus,A380,A380
2032655.jpg,de Havilland,Dash 8,DHC-8-300
2032665.jpg,Canadair,Challenger 600,Challenger 600
2033052.jpg,Canadair,Challenger 600,Challenger 600
2033054.jpg,Dassault Aviation,Falcon 900,Falcon 900
2033183.jpg,Saab,Saab 2000,Saab 2000
2033184.jpg,Airbus,A320,A318
2034205.jpg,Embraer,Embraer E-Jet,E-195
2034716.jpg,British Aerospace,BAE-125,BAE-125
2035343.jpg,Boeing,Boeing 777,777-300
2035396.jpg,Dassault Aviation,Falcon 2000,Falcon 2000
2035598.jpg,Boeing,Boeing 777,777-300
2036174.jpg,Dassault Aviation,Falcon 2000,Falcon 2000
2036176.jpg,Cessna,Cessna Citation,Cessna 560
2037389.jpg,Cirrus Aircraft,SR-20,SR-20
2038530.jpg,Airbus,A380,A380
2038532.jpg,Boeing,Boeing 737,737-700
2038561.jpg,Cirrus Aircraft,SR-20,SR-20
2038744.jpg,McDonnell Douglas,F/A-18,F/A-18
2039044.jpg,Boeing,Boeing 717,Boeing 717
2039047.jpg,Embraer,Embraer E-Jet,E-190
2039053.jpg,Boeing,Boeing 717,Boeing 717
2039060.jpg,Boeing,Boeing 767,767-400
2039227.jpg,de Havilland,DHC-1,DHC-1
2040355.jpg,Cessna,Cessna Citation,Cessna 525
2040682.jpg,Embraer,Embraer E-Jet,E-195
2040683.jpg,Airbus,A320,A321
2040707.jpg,Embraer,Embraer Legacy 600,Embraer Legacy 600
2040834.jpg,Airbus,A340,A340-600
2041415.jpg,Airbus,A330,A330-300
2041416.jpg,Gulfstream Aerospace,Gulfstream,Gulfstream V
2041565.jpg,Supermarine,Spitfire,Spitfire
2041568.jpg,de Havilland,DHC-1,DHC-1
2041569.jpg,Panavia,Tornado,Tornado
2042721.jpg,Supermarine,Spitfire,Spitfire
2043110.jpg,Airbus,A330,A330-200
2043684.jpg,Supermarine,Spitfire,Spitfire
2043843.jpg,Supermarine,Spitfire,Spitfire
2044258.jpg,Dassault Aviation,Falcon 2000,Falcon 2000
2044260.jpg,Embraer,Embraer E-Jet,E-195
2044277.jpg,Boeing,Boeing 777,777-300
2044777.jpg,Boeing,Boeing 737,737-600
2044875.jpg,Boeing,Boeing 777,777-300
2044905.jpg,Airbus,A340,A340-500
2045348.jpg,Dassault Aviation,Falcon 900,Falcon 900
2045349.jpg,Airbus,A380,A380
2045488.jpg,Canadair,Challenger 600,Challenger 600
2045491.jpg,Canadair,Challenger 600,Challenger 600
2046004.jpg,Boeing,Boeing 737,737-300
2046587.jpg,Supermarine,Spitfire,Spitfire
2046689.jpg,Airbus,A380,A380
2046694.jpg,Embraer,Embraer E-Jet,E-190
2046831.jpg,Airbus,A380,A380
2046832.jpg,Airbus,A380,A380
2047534.jpg,Fokker,Fokker 100,Fokker 100
2047538.jpg,Boeing,Boeing 747,747-400
2047539.jpg,Airbus,A340,A340-500
2047628.jpg,Boeing,Boeing 737,737-900
2047835.jpg,Cessna,Cessna 172,Cessna 172
2048410.jpg,Cirrus Aircraft,SR-20,SR-20
2048576.jpg,Dornier,Dornier 328,Dornier 328
2049579.jpg,Lockheed Corporation,C-130,C-130
2049626.jpg,Airbus,A340,A340-500
2049714.jpg,Saab,Saab 2000,Saab 2000
2050152.jpg,Airbus,A320,A319
2052725.jpg,Embraer,Embraer E-Jet,E-190
2053589.jpg,Embraer,Embraer E-Jet,E-195
2053595.jpg,British Aerospace,BAE 146,BAE 146-200
2054198.jpg,Airbus,A380,A380
2054232.jpg,McDonnell Douglas,MD-11,MD-11
2054234.jpg,Embraer,Embraer Legacy 600,Embraer Legacy 600
2054355.jpg,Ilyushin,Il-76,Il-76
2054362.jpg,Airbus,A340,A340-500
2054409.jpg,Boeing,Boeing 737,737-200
2054441.jpg,Embraer,Embraer E-Jet,E-195
2054442.jpg,Boeing,Boeing 737,737-700
2054447.jpg,McDonnell Douglas,MD-90,MD-90
2054455.jpg,Embraer,Embraer E-Jet,E-190
2054456.jpg,Boeing,Boeing 767,767-400
2054457.jpg,Tupolev,Tu-154,Tu-154
2054780.jpg,Bombardier Aerospace,Global Express,Global Express
2056062.jpg,Airbus,A320,A321
2056248.jpg,Embraer,Embraer E-Jet,E-190
2056481.jpg,de Havilland,DHC-1,DHC-1
2057396.jpg,Dassault Aviation,Falcon 900,Falcon 900
2057425.jpg,Saab,Saab 2000,Saab 2000
2057952.jpg,Airbus,A320,A320
2057958.jpg,de Havilland,Dash 8,DHC-8-100
2057960.jpg,Bombardier Aerospace,Global Express,Global Express
2057962.jpg,Embraer,Embraer E-Jet,E-190
2057963.jpg,Gulfstream Aerospace,Gulfstream,Gulfstream V
2057965.jpg,Dassault Aviation,Falcon 2000,Falcon 2000
2058107.jpg,Airbus,A320,A319
2058486.jpg,Embraer,Embraer E-Jet,E-195
2059163.jpg,Airbus,A380,A380
2059186.jpg,Boeing,Boeing 777,777-200
2059195.jpg,Canadair,CRJ-700,CRJ-700
2060454.jpg,Embraer,Embraer E-Jet,E-190
2060563.jpg,Boeing,Boeing 777,777-300
2060949.jpg,Embraer,Embraer E-Jet,E-195
2061717.jpg,Cirrus Aircraft,SR-20,SR-20
2061742.jpg,Airbus,A340,A340-300
2062291.jpg,Saab,Saab 2000,Saab 2000
2062292.jpg,Canadair,CRJ-700,CRJ-700
2063400.jpg,Panavia,Tornado,Tornado
2063809.jpg,Airbus,A340,A340-600
2063812.jpg,Boeing,Boeing 737,737-600
2063913.jpg,Embraer,Embraer E-Jet,E-170
2064021.jpg,Airbus,A340,A340-300
2064120.jpg,Cessna,Cessna Citation,Cessna 560
2065042.jpg,Cirrus Aircraft,SR-20,SR-20
2065262.jpg,Embraer,Embraer E-Jet,E-195
2065885.jpg,British Aerospace,Hawk T1,Hawk T1
2066138.jpg,Boeing,Boeing 777,777-300
2066262.jpg,Boeing,Boeing 737,737-400
2066265.jpg,Cessna,Cessna Citation,Cessna 525
2066356.jpg,de Havilland,DHC-6,DHC-6
2066357.jpg,Airbus,A320,A318
2066882.jpg,Cessna,Cessna Citation,Cessna 525
2066993.jpg,Boeing,Boeing 767,767-300
2067268.jpg,Cessna,Cessna 208,Cessna 208
2067870.jpg,Boeing,Boeing 737,737-300
2067948.jpg,Airbus,A380,A380
2067972.jpg,Airbus,A330,A330-200
2067974.jpg,McDonnell Douglas,MD-80,MD-87
2067975.jpg,Beechcraft,Beechcraft 1900,Beechcraft 1900
2067976.jpg,Airbus,A310,A310
2067977.jpg,Boeing,Boeing 757,757-200
2067982.jpg,Boeing,Boeing 737,737-800
2068053.jpg,Airbus,A340,A340-300
2069478.jpg,Embraer,Embraer E-Jet,E-190
2069535.jpg,Gulfstream Aerospace,Gulfstream,Gulfstream IV
2069688.jpg,Dornier,Dornier 328,Dornier 328
2069690.jpg,Boeing,Boeing 777,777-300
2069707.jpg,Airbus,A320,A321
2069836.jpg,Embraer,Embraer ERJ 145,ERJ 145
2070642.jpg,Canadair,CRJ-700,CRJ-700
2070644.jpg,Embraer,EMB-120,EMB-120
2070659.jpg,Fokker,Fokker 70,Fokker 70
2070772.jpg,Canadair,CRJ-700,CRJ-700
2071199.jpg,Cirrus Aircraft,SR-20,SR-20
2071579.jpg,Boeing,Boeing 737,737-700
2071807.jpg,Boeing,Boeing 737,737-900
2071957.jpg,Airbus,A320,A321
2072217.jpg,Ilyushin,Il-76,Il-76
2072219.jpg,ATR,ATR-72,ATR-72
2072230.jpg,British Aerospace,BAE-125,BAE-125
2072231.jpg,Cessna,Cessna Citation,Cessna 525
2072257.jpg,Canadair,Challenger 600,Challenger 600
2072258.jpg,Beechcraft,King Air,Model B200
2072271.jpg,ATR,ATR-72,ATR-72
2072391.jpg,Cirrus Aircraft,SR-20,SR-20
2072464.jpg,Cirrus Aircraft,SR-20,SR-20
2072465.jpg,Cessna,Cessna 172,Cessna 172
2072892.jpg,Cessna,Cessna 172,Cessna 172
2073069.jpg,Cessna,Cessna Citation,Cessna 525
2073469.jpg,Cirrus Aircraft,SR-20,SR-20
2073908.jpg,British Aerospace,Hawk T1,Hawk T1
2074174.jpg,de Havilland,DHC-1,DHC-1
2074640.jpg,Piper,PA-28,PA-28
2074641.jpg,Robin,DR-400,DR-400
2074712.jpg,Cirrus Aircraft,SR-20,SR-20
2075105.jpg,Bombardier Aerospace,Global Express,Global Express
2075500.jpg,Robin,DR-400,DR-400
2075625.jpg,Boeing,Boeing 777,777-200
2076100.jpg,Boeing,Boeing 777,777-200
2076551.jpg,Canadair,CRJ-700,CRJ-900
2077215.jpg,Lockheed Martin,F-16,F-16A/B
2077738.jpg,Robin,DR-400,DR-400
2078845.jpg,Fokker,Fokker 70,Fokker 70
2079015.jpg,Embraer,Embraer Legacy 600,Embraer Legacy 600
2079513.jpg,Boeing,Boeing 747,747-400
2080548.jpg,Boeing,Boeing 737,737-600
2080563.jpg,ATR,ATR-72,ATR-72
2080680.jpg,Panavia,Tornado,Tornado
2080681.jpg,Panavia,Tornado,Tornado
2080684.jpg,Boeing,Boeing 737,737-300
2080691.jpg,Embraer,Embraer Legacy 600,Embraer Legacy 600
2080693.jpg,Boeing,Boeing 777,777-200
2080763.jpg,Embraer,Embraer Legacy 600,Embraer Legacy 600
2081083.jpg,Airbus,A340,A340-500
2081094.jpg,Boeing,Boeing 777,777-300
2081098.jpg,Airbus,A340,A340-500
2081787.jpg,Cirrus Aircraft,SR-20,SR-20
2082475.jpg,Boeing,Boeing 767,767-400
2083668.jpg,Boeing,Boeing 767,767-400
2083822.jpg,Boeing,Boeing 777,777-300
2083823.jpg,Robin,DR-400,DR-400
2084801.jpg,Airbus,A330,A330-200
2084802.jpg,Boeing,Boeing 777,777-200
2084805.jpg,Airbus,A340,A340-500
2084806.jpg,Airbus,A310,A310
2084810.jpg,Airbus,A380,A380
2084816.jpg,de Havilland,DHC-6,DHC-6
2084966.jpg,Lockheed Corporation,L-1011,L-1011
2084967.jpg,Airbus,A330,A330-300
2085982.jpg,McDonnell Douglas,MD-90,MD-90
2087371.jpg,Airbus,A380,A380
2087628.jpg,Airbus,A320,A321
2088351.jpg,Gulfstream Aerospace,Gulfstream,Gulfstream IV
2088369.jpg,Airbus,A320,A319
2088378.jpg,Airbus,A320,A321
2088437.jpg,Bombardier Aerospace,Global Express,Global Express
2088459.jpg,de Havilland,Dash 8,DHC-8-300
2089174.jpg,de Havilland,DHC-1,DHC-1
2089196.jpg,Cessna,Cessna 172,Cessna 172
2089280.jpg,Airbus,A380,A380
2089355.jpg,Boeing,Boeing 737,737-900
2090080.jpg,Airbus,A320,A318
2090707.jpg,Dassault Aviation,Falcon 2000,Falcon 2000
2090708.jpg,Canadair,CRJ-700,CRJ-900
2091304.jpg,Boeing,Boeing 737,737-600
2091929.jpg,Boeing,Boeing 747,747-400
2091938.jpg,Embraer,Embraer E-Jet,E-195
2091945.jpg,Embraer,Embraer Legacy 600,Embraer Legacy 600
2091946.jpg,Beechcraft,King Air,Model B200
2091949.jpg,Canadair,Challenger 600,Challenger 600
2091951.jpg,Bombardier Aerospace,Global Express,Global Express
2091953.jpg,British Aerospace,BAE-125,BAE-125
2091976.jpg,Cessna,Cessna Citation,Cessna 525
2092668.jpg,Beechcraft,King Air,Model B200
2093456.jpg,de Havilland,DH-82,DH-82
2094229.jpg,Boeing,Boeing 737,737-600
2094357.jpg,British Aerospace,BAE-125,BAE-125
2094375.jpg,Panavia,Tornado,Tornado
2094376.jpg,Supermarine,Spitfire,Spitfire
2094380.jpg,Boeing,Boeing 777,777-300
2094472.jpg,Embraer,Embraer E-Jet,E-195
2094475.jpg,Boeing,Boeing 777,777-300
2094478.jpg,Saab,Saab 2000,Saab 2000
2094829.jpg,Boeing,Boeing 747,747-400
2094893.jpg,Bombardier Aerospace,Global Express,Global Express
2096085.jpg,Embraer,Embraer ERJ 145,ERJ 145
2096236.jpg,Airbus,A330,A330-200
2096267.jpg,ATR,ATR-72,ATR-72
2096268.jpg,Cessna,Cessna 208,Cessna 208
2096269.jpg,de Havilland,DHC-6,DHC-6
2096354.jpg,Airbus,A320,A320
2097519.jpg,Dassault Aviation,Falcon 2000,Falcon 2000
2097522.jpg,Fokker,Fokker 50,Fokker 50
2097904.jpg,Bombardier Aerospace,Global Express,Global Express
2097905.jpg,ATR,ATR-42,ATR-42
2098098.jpg,Airbus,A320,A318
2098306.jpg,Embraer,Embraer E-Jet,E-195
2099324.jpg,Airbus,A380,A380
2099326.jpg,Embraer,Embraer E-Jet,E-195
2099419.jpg,Boeing,Boeing 737,737-800
2099420.jpg,Boeing,Boeing 757,757-300
2099421.jpg,Airbus,A330,A330-200
2099873.jpg,Gulfstream Aerospace,Gulfstream,Gulfstream IV
2100018.jpg,Cessna,Cessna 208,Cessna 208
2100530.jpg,Beechcraft,Beechcraft 1900,Beechcraft 1900
2100821.jpg,Embraer,Embraer E-Jet,E-190
2101213.jpg,Canadair,CRJ-700,CRJ-900
2101652.jpg,Bombardier Aerospace,Global Express,Global Express
2101703.jpg,Boeing,Boeing 767,767-300
2101942.jpg,Dornier,Dornier 328,Dornier 328
2101945.jpg,Bombardier Aerospace,Global Express,Global Express
2101955.jpg,British Aerospace,BAE 146,BAE 146-200
2101956.jpg,Dornier,Dornier 328,Dornier 328
2101958.jpg,Boeing,Boeing 737,737-600
2102584.jpg,Boeing,Boeing 747,747-400
2102999.jpg,Gulfstream Aerospace,Gulfstream,Gulfstream IV
2103000.jpg,Airbus,A380,A380
2103080.jpg,Boeing,Boeing 737,737-500
2103081.jpg,Airbus,A330,A330-300
2103110.jpg,Boeing,Boeing 777,777-200
2104252.jpg,British Aerospace,BAE-125,BAE-125
2104253.jpg,Dassault Aviation,Falcon 2000,Falcon 2000
2104765.jpg,Boeing,Boeing 777,777-300
2105219.jpg,Embraer,Embraer E-Jet,E-170
2105989.jpg,Eurofighter,Eurofighter Typhoon,Eurofighter Typhoon
2105993.jpg,Cessna,Cessna 172,Cessna 172
2106086.jpg,Boeing,Boeing 737,737-700
2106189.jpg,Canadair,Challenger 600,Challenger 600
2106192.jpg,Embraer,Embraer Legacy 600,Embraer Legacy 600
2106202.jpg,Gulfstream Aerospace,Gulfstream,Gulfstream V
2106203.jpg,Fairchild,Metroliner,Metroliner
2106207.jpg,Gulfstream Aerospace,Gulfstream,Gulfstream IV
2106315.jpg,Fokker,Fokker 50,Fokker 50
2106391.jpg,de Havilland,DH-82,DH-82
2106824.jpg,Supermarine,Spitfire,Spitfire
2106882.jpg,de Havilland,Dash 8,DHC-8-300
2106885.jpg,Boeing,Boeing 777,777-300
2107060.jpg,McDonnell Douglas,MD-11,MD-11
2107061.jpg,Embraer,Embraer E-Jet,E-170
2107214.jpg,British Aerospace,BAE 146,BAE 146-300
2107238.jpg,Cessna,Cessna 208,Cessna 208
2107240.jpg,de Havilland,DHC-6,DHC-6
2109389.jpg,Airbus,A330,A330-300
2110536.jpg,Boeing,Boeing 777,777-200
2110996.jpg,Lockheed Corporation,C-130,C-130
2111015.jpg,McDonnell Douglas,MD-80,MD-80
2111639.jpg,Embraer,Embraer E-Jet,E-170
2111679.jpg,Cessna,Cessna 172,Cessna 172
2111853.jpg,Cessna,Cessna 208,Cessna 208
2112053.jpg,Embraer,Embraer ERJ 145,ERJ 145
2113229.jpg,Bombardier Aerospace,Global Express,Global Express
2113367.jpg,British Aerospace,BAE 146,BAE 146-200
2113949.jpg,Embraer,Embraer E-Jet,E-190
2114078.jpg,Lockheed Martin,F-16,F-16A/B
2114079.jpg,Lockheed Martin,F-16,F-16A/B
2114112.jpg,Embraer,Embraer E-Jet,E-195
2114113.jpg,Lockheed Martin,F-16,F-16A/B
2114201.jpg,Piper,PA-28,PA-28
2114202.jpg,Cirrus Aircraft,SR-20,SR-20
2115048.jpg,Douglas Aircraft Company,C-47,C-47
2115085.jpg,Embraer,Embraer E-Jet,E-195
2115115.jpg,Airbus,A330,A330-300
2115316.jpg,McDonnell Douglas,MD-80,MD-87
2115317.jpg,Embraer,Embraer E-Jet,E-190
2115318.jpg,Boeing,Boeing 737,737-300
2115335.jpg,ATR,ATR-42,ATR-42
2115336.jpg,Airbus,A380,A380
2116114.jpg,Fairchild,Metroliner,Metroliner
2116123.jpg,Cessna,Cessna 208,Cessna 208
2116194.jpg,Boeing,Boeing 717,Boeing 717
2116329.jpg,Cessna,Cessna Citation,Cessna 560
2116518.jpg,McDonnell Douglas,MD-80,MD-80
2116803.jpg,de Havilland,DHC-1,DHC-1
2117298.jpg,Embraer,Embraer E-Jet,E-170
2117303.jpg,Airbus,A320,A321
2117312.jpg,Embraer,Embraer E-Jet,E-190
2117313.jpg,Canadair,CRJ-700,CRJ-900
2117401.jpg,Cirrus Aircraft,SR-20,SR-20
2117422.jpg,Embraer,Embraer E-Jet,E-195
2117431.jpg,Ilyushin,Il-76,Il-76
2117475.jpg,Canadair,Challenger 600,Challenger 600
2117477.jpg,Boeing,Boeing 737,737-400
2118114.jpg,McDonnell Douglas,MD-90,MD-90
2118163.jpg,de Havilland,Dash 8,DHC-8-100
2118302.jpg,Airbus,A330,A330-200
2118872.jpg,Panavia,Tornado,Tornado
2118873.jpg,Panavia,Tornado,Tornado
2118953.jpg,McDonnell Douglas,F/A-18,F/A-18
2118954.jpg,Lockheed Martin,F-16,F-16A/B
2118955.jpg,Panavia,Tornado,Tornado
2118956.jpg,Panavia,Tornado,Tornado
2118958.jpg,McDonnell Douglas,F/A-18,F/A-18
2118959.jpg,McDonnell Douglas,F/A-18,F/A-18
2118960.jpg,Lockheed Martin,F-16,F-16A/B
2118961.jpg,Lockheed Martin,F-16,F-16A/B
2118977.jpg,Supermarine,Spitfire,Spitfire
2119147.jpg,Dassault Aviation,Falcon 2000,Falcon 2000
2119508.jpg,Lockheed Martin,F-16,F-16A/B
2119860.jpg,Boeing,Boeing 777,777-300
2119896.jpg,Saab,Saab 340,Saab 340
2119978.jpg,Boeing,Boeing 747,747-400
2119983.jpg,Boeing,Boeing 757,757-200
2120026.jpg,Airbus,A330,A330-300
2120028.jpg,Antonov,An-12,An-12
2120031.jpg,Airbus,A330,A330-300
2120035.jpg,Airbus,A330,A330-200
2120181.jpg,Boeing,Boeing 737,737-400
2121193.jpg,Embraer,Embraer Legacy 600,Embraer Legacy 600
2121969.jpg,Douglas Aircraft Company,DC-6,DC-6
2122310.jpg,Embraer,EMB-120,EMB-120
2122829.jpg,Boeing,Boeing 737,737-800
2122835.jpg,Airbus,A380,A380
2122883.jpg,Cessna,Cessna 172,Cessna 172
2123149.jpg,Canadair,CRJ-700,CRJ-700
2123466.jpg,Cirrus Aircraft,SR-20,SR-20
2123565.jpg,Lockheed Martin,F-16,F-16A/B
2123566.jpg,Lockheed Martin,F-16,F-16A/B
2123710.jpg,Lockheed Martin,F-16,F-16A/B
2123736.jpg,McDonnell Douglas,F/A-18,F/A-18
2123883.jpg,Embraer,Embraer E-Jet,E-195
2123927.jpg,Embraer,Embraer Legacy 600,Embraer Legacy 600
2123937.jpg,Embraer,Embraer E-Jet,E-170
2123946.jpg,Boeing,Boeing 737,737-600
2123950.jpg,Dassault Aviation,Falcon 900,Falcon 900
2123951.jpg,Canadair,CRJ-200,CRJ-200
2123970.jpg,Dornier,Dornier 328,Dornier 328
2123971.jpg,Embraer,Embraer E-Jet,E-170
2124076.jpg,Airbus,A340,A340-300
2124077.jpg,Canadair,CRJ-700,CRJ-700
2124079.jpg,Boeing,Boeing 777,777-300
2124340.jpg,Boeing,Boeing 717,Boeing 717
2124349.jpg,Boeing,Boeing 737,737-800
2124427.jpg,Boeing,Boeing 767,767-200
2124486.jpg,Airbus,A330,A330-200
2124891.jpg,Canadair,CRJ-700,CRJ-700
2125161.jpg,de Havilland,Dash 8,DHC-8-300
2125186.jpg,ATR,ATR-72,ATR-72
2125414.jpg,de Havilland,DH-82,DH-82
2125420.jpg,de Havilland,DHC-1,DHC-1
2126016.jpg,Douglas Aircraft Company,C-47,C-47
2126017.jpg,Boeing,Boeing 737,737-300
2126018.jpg,British Aerospace,BAE 146,BAE 146-200
2127863.jpg,Dassault Aviation,Falcon 2000,Falcon 2000
2127890.jpg,Saab,Saab 2000,Saab 2000
2127891.jpg,Bombardier Aerospace,Global Express,Global Express
2127935.jpg,Boeing,Boeing 707,707-320
2127942.jpg,Dassault Aviation,Falcon 2000,Falcon 2000
2127975.jpg,Boeing,Boeing 737,737-300
2127989.jpg,Saab,Saab 2000,Saab 2000
2127992.jpg,Boeing,Boeing 757,757-300
2127996.jpg,Airbus,A380,A380
2127999.jpg,Bombardier Aerospace,Global Express,Global Express
2128002.jpg,Canadair,CRJ-200,CRJ-200
2128060.jpg,British Aerospace,BAE-125,BAE-125
2128061.jpg,Lockheed Corporation,C-130,C-130
2128746.jpg,Boeing,Boeing 737,737-600
2129930.jpg,Lockheed Martin,F-16,F-16A/B
2130084.jpg,Boeing,Boeing 777,777-300
2130085.jpg,Airbus,A340,A340-600
2130585.jpg,Bombardier Aerospace,Global Express,Global Express
2130587.jpg,Beechcraft,King Air,Model B200
2131508.jpg,Boeing,Boeing 767,767-400
2131538.jpg,Airbus,A330,A330-200
2131569.jpg,Boeing,Boeing 747,747-400
2131704.jpg,Supermarine,Spitfire,Spitfire
2131734.jpg,Airbus,A380,A380
2132115.jpg,McDonnell Douglas,F/A-18,F/A-18
2132127.jpg,Boeing,Boeing 767,767-200
2132138.jpg,Airbus,A330,A330-300
2132361.jpg,Boeing,Boeing 737,737-500
2132425.jpg,Supermarine,Spitfire,Spitfire
2132426.jpg,de Havilland,DHC-1,DHC-1
2132449.jpg,McDonnell Douglas,F/A-18,F/A-18
2132459.jpg,ATR,ATR-72,ATR-72
2132526.jpg,Embraer,Embraer E-Jet,E-195
2132955.jpg,Supermarine,Spitfire,Spitfire
2132956.jpg,de Havilland,DH-82,DH-82
2133240.jpg,Airbus,A380,A380
2133249.jpg,Boeing,Boeing 737,737-900
2133743.jpg,Lockheed Martin,F-16,F-16A/B
2133746.jpg,Airbus,A320,A319
2133749.jpg,Dassault Aviation,Falcon 900,Falcon 900
2134405.jpg,Dornier,Dornier 328,Dornier 328
2134406.jpg,Embraer,Embraer E-Jet,E-190
2134550.jpg,McDonnell Douglas,MD-90,MD-90
2135566.jpg,Cessna,Cessna Citation,Cessna 525
2135681.jpg,Cirrus Aircraft,SR-20,SR-20
2136366.jpg,Eurofighter,Eurofighter Typhoon,Eurofighter Typhoon
2136369.jpg,Gulfstream Aerospace,Gulfstream,Gulfstream IV
2136384.jpg,Eurofighter,Eurofighter Typhoon,Eurofighter Typhoon
2136389.jpg,Saab,Saab 2000,Saab 2000
2136392.jpg,Panavia,Tornado,Tornado
2136394.jpg,Lockheed Martin,F-16,F-16A/B
2136870.jpg,Cirrus Aircraft,SR-20,SR-20
2137084.jpg,Embraer,Embraer Legacy 600,Embraer Legacy 600
2137086.jpg,Canadair,Challenger 600,Challenger 600
2137087.jpg,Airbus,A320,A320
2137097.jpg,Dassault Aviation,Falcon 2000,Falcon 2000
2137098.jpg,Airbus,A340,A340-600
2137099.jpg,Airbus,A330,A330-200
2137126.jpg,Boeing,Boeing 757,757-300
2137128.jpg,Airbus,A320,A319
2137129.jpg,Embraer,Embraer E-Jet,E-195
2137130.jpg,Boeing,Boeing 737,737-800
2137132.jpg,Canadair,Challenger 600,Challenger 600
2137160.jpg,Gulfstream Aerospace,Gulfstream,Gulfstream V
2137161.jpg,Cessna,Cessna Citation,Cessna 560
2137164.jpg,Dassault Aviation,Falcon 900,Falcon 900
2137721.jpg,Beechcraft,King Air,Model B200
2137874.jpg,de Havilland,DHC-1,DHC-1
2139321.jpg,Dassault Aviation,Falcon 2000,Falcon 2000
2139323.jpg,Cessna,Cessna Citation,Cessna 560
2139346.jpg,Lockheed Corporation,C-130,C-130
2139351.jpg,Cessna,Cessna 208,Cessna 208
2139395.jpg,Douglas Aircraft Company,DC-3,DC-3
2139677.jpg,Cessna,Cessna Citation,Cessna 560
2139678.jpg,Gulfstream Aerospace,Gulfstream,Gulfstream V
2140530.jpg,Boeing,Boeing 757,757-300
2140540.jpg,Airbus,A330,A330-300
2140541.jpg,Bombardier Aerospace,Global Express,Global Express
2141016.jpg,Beechcraft,Beechcraft 1900,Beechcraft 1900
2141937.jpg,Saab,Saab 340,Saab 340
2142087.jpg,Douglas Aircraft Company,DC-3,DC-3
2142088.jpg,Lockheed Martin,F-16,F-16A/B
2142238.jpg,Airbus,A320,A319
2142244.jpg,Fokker,Fokker 50,Fokker 50
2143407.jpg,British Aerospace,BAE-125,BAE-125
2143568.jpg,Embraer,Embraer E-Jet,E-195
2143595.jpg,Cirrus Aircraft,SR-20,SR-20
2144149.jpg,Cirrus Aircraft,SR-20,SR-20
2144600.jpg,Cessna,Cessna 172,Cessna 172
2145082.jpg,Boeing,Boeing 737,737-900
2145444.jpg,Lockheed Martin,F-16,F-16A/B
2146985.jpg,Airbus,A320,A319
2147025.jpg,Lockheed Martin,F-16,F-16A/B
2147230.jpg,de Havilland,Dash 8,DHC-8-300
2147231.jpg,Boeing,Boeing 737,737-800
2147232.jpg,Boeing,Boeing 747,747-300
2147234.jpg,Airbus,A330,A330-300
2147235.jpg,de Havilland,Dash 8,DHC-8-300
2147399.jpg,Airbus,A330,A330-200
2147404.jpg,Embraer,Embraer E-Jet,E-190
2147405.jpg,Boeing,Boeing 757,757-300
2147406.jpg,British Aerospace,BAE 146,BAE 146-300
2147921.jpg,Boeing,Boeing 757,757-200
2148310.jpg,Cirrus Aircraft,SR-20,SR-20
2148543.jpg,Beechcraft,King Air,Model B200
2148651.jpg,Boeing,Boeing 747,747-300
2148743.jpg,Cirrus Aircraft,SR-20,SR-20
2149247.jpg,Boeing,Boeing 767,767-300
2149502.jpg,Canadair,Challenger 600,Challenger 600
2149722.jpg,Gulfstream Aerospace,Gulfstream,Gulfstream V
2150934.jpg,Cessna,Cessna 208,Cessna 208
2151013.jpg,Cessna,Cessna 208,Cessna 208
2151483.jpg,Supermarine,Spitfire,Spitfire
2151653.jpg,Piper,PA-28,PA-28
2151715.jpg,Cirrus Aircraft,SR-20,SR-20
2152231.jpg,Embraer,Embraer E-Jet,E-190
2152351.jpg,Embraer,Embraer E-Jet,E-170
2152552.jpg,de Havilland,DHC-1,DHC-1
2152684.jpg,de Havilland,DHC-1,DHC-1
2152856.jpg,Airbus,A320,A320
2153514.jpg,Embraer,Embraer ERJ 145,ERJ 135
2153672.jpg,Piper,PA-28,PA-28
2154432.jpg,Canadair,CRJ-700,CRJ-900
2154733.jpg,Airbus,A340,A340-300
2154734.jpg,Embraer,Embraer E-Jet,E-195
2156189.jpg,Supermarine,Spitfire,Spitfire
2156226.jpg,Supermarine,Spitfire,Spitfire
2156770.jpg,Cirrus Aircraft,SR-20,SR-20
2156795.jpg,Embraer,Embraer E-Jet,E-195
2157090.jpg,McDonnell Douglas,DC-9,DC-9-30
2157114.jpg,Cessna,Cessna 172,Cessna 172
2157193.jpg,Saab,Saab 2000,Saab 2000
2157300.jpg,de Havilland,DHC-1,DHC-1
2157387.jpg,Airbus,A330,A330-300
2157819.jpg,Eurofighter,Eurofighter Typhoon,Eurofighter Typhoon
2157874.jpg,Embraer,Embraer ERJ 145,ERJ 135
2158197.jpg,de Havilland,DHC-1,DHC-1
2158616.jpg,Eurofighter,Eurofighter Typhoon,Eurofighter Typhoon
2158858.jpg,Embraer,Embraer E-Jet,E-190
2158992.jpg,Yakovlev,Yak-42,Yak-42
2158999.jpg,Airbus,A380,A380
2159929.jpg,British Aerospace,Hawk T1,Hawk T1
2160086.jpg,Embraer,Embraer ERJ 145,ERJ 135
2160088.jpg,Gulfstream Aerospace,Gulfstream,Gulfstream IV
2160566.jpg,British Aerospace,Hawk T1,Hawk T1
2160660.jpg,Embraer,EMB-120,EMB-120
2160776.jpg,Cirrus Aircraft,SR-20,SR-20
2161023.jpg,British Aerospace,BAE 146,BAE 146-300
2161155.jpg,Airbus,A330,A330-300
2161158.jpg,Cessna,Cessna Citation,Cessna 525
2161794.jpg,Boeing,Boeing 747,747-100
2162056.jpg,Robin,DR-400,DR-400
2162060.jpg,Cirrus Aircraft,SR-20,SR-20
2162362.jpg,Canadair,Challenger 600,Challenger 600
2162372.jpg,Supermarine,Spitfire,Spitfire
2162376.jpg,Supermarine,Spitfire,Spitfire
2162684.jpg,Boeing,Boeing 747,747-100
2162821.jpg,Panavia,Tornado,Tornado
2162833.jpg,Embraer,Embraer E-Jet,E-190
2162834.jpg,Embraer,Embraer E-Jet,E-190
2162934.jpg,Airbus,A330,A330-300
2162994.jpg,British Aerospace,BAE 146,BAE 146-200
2163061.jpg,Airbus,A320,A320
2163696.jpg,British Aerospace,Hawk T1,Hawk T1
2163949.jpg,de Havilland,Dash 8,DHC-8-300
2164374.jpg,de Havilland,DHC-1,DHC-1
2164771.jpg,Fokker,Fokker 70,Fokker 70
2164953.jpg,Airbus,A320,A318
2164961.jpg,Dornier,Dornier 328,Dornier 328
2164962.jpg,Embraer,Embraer E-Jet,E-190
2164986.jpg,Embraer,Embraer ERJ 145,ERJ 135
2165386.jpg,British Aerospace,Hawk T1,Hawk T1
2165387.jpg,de Havilland,DHC-1,DHC-1
2166004.jpg,Airbus,A320,A318
2166443.jpg,Fokker,Fokker 100,Fokker 100
2166855.jpg,Dornier,Dornier 328,Dornier 328
2166979.jpg,Robin,DR-400,DR-400
2167150.jpg,Boeing,Boeing 747,747-100
2167369.jpg,Canadair,CRJ-700,CRJ-900
2167865.jpg,Embraer,Embraer ERJ 145,ERJ 135
2168374.jpg,Airbus,A320,A318
2168375.jpg,Bombardier Aerospace,Global Express,Global Express
2168926.jpg,Airbus,A320,A321
2169104.jpg,Embraer,Embraer E-Jet,E-195
2169116.jpg,Embraer,Embraer ERJ 145,ERJ 135
2169120.jpg,Canadair,Challenger 600,Challenger 600
2169125.jpg,de Havilland,Dash 8,DHC-8-300
2169127.jpg,Boeing,Boeing 737,737-900
2169272.jpg,Dornier,Dornier 328,Dornier 328
2169306.jpg,Douglas Aircraft Company,C-47,C-47
2169490.jpg,Airbus,A380,A380
2169747.jpg,British Aerospace,Hawk T1,Hawk T1
2170027.jpg,Airbus,A330,A330-300
2170301.jpg,Gulfstream Aerospace,Gulfstream,Gulfstream IV
2170854.jpg,Boeing,Boeing 757,757-200
2170856.jpg,Dornier,Dornier 328,Dornier 328
2170857.jpg,Boeing,Boeing 737,737-500
2170860.jpg,Airbus,A320,A319
2170875.jpg,Airbus,A340,A340-300
2171010.jpg,Boeing,Boeing 767,767-200
2171042.jpg,de Havilland,Dash 8,DHC-8-300
2171049.jpg,Airbus,A330,A330-200
2171061.jpg,Boeing,Boeing 717,Boeing 717
2171063.jpg,British Aerospace,BAE-125,BAE-125
2171175.jpg,Boeing,Boeing 767,767-400
2171433.jpg,Beechcraft,King Air,Model B200
2171602.jpg,Airbus,A320,A319
2171767.jpg,Airbus,A330,A330-300
2171883.jpg,Supermarine,Spitfire,Spitfire
2171897.jpg,British Aerospace,Hawk T1,Hawk T1
2172265.jpg,Boeing,Boeing 777,777-200
2172296.jpg,Embraer,Embraer E-Jet,E-195
2172310.jpg,British Aerospace,Hawk T1,Hawk T1
2172533.jpg,Cessna,Cessna 172,Cessna 172
2173324.jpg,Embraer,Embraer Legacy 600,Embraer Legacy 600
2173352.jpg,Airbus,A320,A319
2173577.jpg,Piper,PA-28,PA-28
2173590.jpg,Embraer,Embraer ERJ 145,ERJ 145
2173634.jpg,Embraer,Embraer E-Jet,E-195
2173639.jpg,Airbus,A320,A318
2173791.jpg,Airbus,A330,A330-300
2173877.jpg,Dassault Aviation,Falcon 900,Falcon 900
2174787.jpg,McDonnell Douglas,MD-80,MD-87
2175260.jpg,Cessna,Cessna Citation,Cessna 560
2175263.jpg,Cessna,Cessna Citation,Cessna 560
2175372.jpg,Embraer,Embraer E-Jet,E-170
2175375.jpg,Airbus,A340,A340-300
2175378.jpg,Airbus,A330,A330-200
2175403.jpg,Airbus,A330,A330-200
2175563.jpg,de Havilland,DHC-1,DHC-1
2175577.jpg,de Havilland,DH-82,DH-82
2175624.jpg,Airbus,A310,A310
2175626.jpg,Airbus,A300,A300B4
2175627.jpg,Airbus,A340,A340-300
2175630.jpg,Lockheed Corporation,C-130,C-130
2175631.jpg,Fokker,Fokker 50,Fokker 50
2175632.jpg,Boeing,Boeing 717,Boeing 717
2176031.jpg,Piper,PA-28,PA-28
2176403.jpg,ATR,ATR-42,ATR-42
2176477.jpg,Canadair,CRJ-700,CRJ-900
2176481.jpg,Dassault Aviation,Falcon 900,Falcon 900
2176625.jpg,British Aerospace,Hawk T1,Hawk T1
2176725.jpg,Boeing,Boeing 777,777-200
2177217.jpg,Cirrus Aircraft,SR-20,SR-20
2177828.jpg,Airbus,A340,A340-500
2178143.jpg,Boeing,Boeing 737,737-400
2178266.jpg,Douglas Aircraft Company,DC-3,DC-3
2178477.jpg,British Aerospace,Hawk T1,Hawk T1
2178627.jpg,Dassault Aviation,Falcon 2000,Falcon 2000
2178959.jpg,de Havilland,DHC-1,DHC-1
2179486.jpg,de Havilland,DH-82,DH-82
2179973.jpg,Embraer,EMB-120,EMB-120
2180061.jpg,Embraer,Embraer Legacy 600,Embraer Legacy 600
2180063.jpg,Saab,Saab 2000,Saab 2000
2180098.jpg,Cessna,Cessna 172,Cessna 172
2180164.jpg,Gulfstream Aerospace,Gulfstream,Gulfstream IV
2180329.jpg,de Havilland,DHC-1,DHC-1
2180829.jpg,Saab,Saab 2000,Saab 2000
2180833.jpg,Gulfstream Aerospace,Gulfstream,Gulfstream V
2181542.jpg,British Aerospace,Hawk T1,Hawk T1
2181546.jpg,Supermarine,Spitfire,Spitfire
2182128.jpg,Embraer,Embraer E-Jet,E-190
2183366.jpg,Canadair,CRJ-200,CRJ-200
2183378.jpg,Boeing,Boeing 767,767-200
2183458.jpg,Airbus,A320,A319
2183607.jpg,Airbus,A330,A330-200
2184006.jpg,Canadair,CRJ-200,CRJ-200
2184057.jpg,Embraer,Embraer E-Jet,E-190
2184061.jpg,Boeing,Boeing 737,737-700
2184062.jpg,ATR,ATR-72,ATR-72
2184071.jpg,Airbus,A330,A330-300
2184367.jpg,Dassault Aviation,Falcon 900,Falcon 900
2185361.jpg,Eurofighter,Eurofighter Typhoon,Eurofighter Typhoon
2185715.jpg,Embraer,Embraer E-Jet,E-190
2185726.jpg,Robin,DR-400,DR-400
2185923.jpg,Canadair,Challenger 600,Challenger 600
2185964.jpg,Robin,DR-400,DR-400
2186366.jpg,Eurofighter,Eurofighter Typhoon,Eurofighter Typhoon
2186370.jpg,British Aerospace,BAE-125,BAE-125
2186493.jpg,Boeing,Boeing 737,737-400
2186725.jpg,Panavia,Tornado,Tornado
2186726.jpg,Eurofighter,Eurofighter Typhoon,Eurofighter Typhoon
2186728.jpg,Piper,PA-28,PA-28
2186731.jpg,Beechcraft,King Air,Model B200
2186944.jpg,Airbus,A320,A320
2187801.jpg,Embraer,Embraer E-Jet,E-190
2187803.jpg,de Havilland,Dash 8,DHC-8-300
2187804.jpg,ATR,ATR-72,ATR-72
2188100.jpg,Lockheed Martin,F-16,F-16A/B
2188151.jpg,Embraer,Embraer E-Jet,E-195
2188154.jpg,Boeing,Boeing 737,737-700
2188165.jpg,Boeing,Boeing 757,757-200
2188167.jpg,Boeing,Boeing 767,767-300
2188370.jpg,ATR,ATR-72,ATR-72
2188372.jpg,Fairchild,Metroliner,Metroliner
2188374.jpg,Boeing,Boeing 717,Boeing 717
2188600.jpg,Airbus,A380,A380
2188604.jpg,Cessna,Cessna Citation,Cessna 560
2188608.jpg,ATR,ATR-72,ATR-72
2188611.jpg,Embraer,Embraer E-Jet,E-170
2188615.jpg,Bombardier Aerospace,Global Express,Global Express
2188618.jpg,Boeing,Boeing 737,737-600
2189411.jpg,Eurofighter,Eurofighter Typhoon,Eurofighter Typhoon
2189858.jpg,Canadair,CRJ-700,CRJ-700
2189987.jpg,Fokker,Fokker 70,Fokker 70
2189999.jpg,Cessna,Cessna 172,Cessna 172
2190106.jpg,Boeing,Boeing 737,737-400
2190740.jpg,Cessna,Cessna Citation,Cessna 525
2190744.jpg,Embraer,Embraer E-Jet,E-190
2190848.jpg,Cessna,Cessna Citation,Cessna 525
2190977.jpg,Embraer,Embraer E-Jet,E-170
2191092.jpg,Boeing,Boeing 777,777-300
2191944.jpg,Embraer,Embraer E-Jet,E-170
2191945.jpg,Airbus,A320,A321
2191947.jpg,de Havilland,Dash 8,DHC-8-300
2191957.jpg,Boeing,Boeing 737,737-900
2191959.jpg,de Havilland,Dash 8,DHC-8-300
2191962.jpg,Airbus,A330,A330-300
2191964.jpg,ATR,ATR-72,ATR-72
2192006.jpg,Airbus,A320,A319
2192122.jpg,Fokker,Fokker 100,Fokker 100
2192173.jpg,Saab,Saab 2000,Saab 2000
2192666.jpg,Canadair,CRJ-200,CRJ-200
2193216.jpg,Canadair,CRJ-700,CRJ-900
2193516.jpg,Airbus,A340,A340-500
2193606.jpg,Airbus,A380,A380
2193787.jpg,Canadair,CRJ-700,CRJ-900
2194062.jpg,Panavia,Tornado,Tornado
2194203.jpg,McDonnell Douglas,MD-80,MD-87
2194210.jpg,Canadair,CRJ-700,CRJ-900
2194700.jpg,de Havilland,DHC-1,DHC-1
2194912.jpg,Airbus,A320,A321
2194956.jpg,Airbus,A380,A380
2195119.jpg,Embraer,Embraer ERJ 145,ERJ 145
2195127.jpg,Airbus,A320,A321
2195128.jpg,Embraer,Embraer E-Jet,E-195
2195297.jpg,de Havilland,DH-82,DH-82
2195299.jpg,Cessna,Cessna 172,Cessna 172
2195493.jpg,Boeing,Boeing 737,737-800
2195500.jpg,Boeing,Boeing 737,737-900
2195569.jpg,Airbus,A320,A319
2195679.jpg,Airbus,A330,A330-300
2195779.jpg,de Havilland,DH-82,DH-82
2196365.jpg,ATR,ATR-72,ATR-72
2197329.jpg,Boeing,Boeing 767,767-200
2197330.jpg,Boeing,Boeing 747,747-400
2197331.jpg,de Havilland,DHC-6,DHC-6
2197483.jpg,Airbus,A330,A330-200
2197895.jpg,Gulfstream Aerospace,Gulfstream,Gulfstream IV
2198151.jpg,Canadair,CRJ-200,CRJ-200
2198761.jpg,Boeing,Boeing 737,737-800
2199048.jpg,Airbus,A380,A380
2199064.jpg,Robin,DR-400,DR-400
2199430.jpg,de Havilland,DHC-1,DHC-1
2199905.jpg,Airbus,A340,A340-600
2199948.jpg,Boeing,Boeing 757,757-300
2200399.jpg,Boeing,Boeing 767,767-200
2200403.jpg,Canadair,CRJ-700,CRJ-900
2200415.jpg,McDonnell Douglas,MD-90,MD-90
2200425.jpg,Boeing,Boeing 777,777-200
2200427.jpg,Embraer,Embraer E-Jet,E-190
2200431.jpg,Embraer,Embraer ERJ 145,ERJ 135
2200433.jpg,Cirrus Aircraft,SR-20,SR-20
2200978.jpg,Cirrus Aircraft,SR-20,SR-20
2201197.jpg,Canadair,CRJ-200,CRJ-200
2201377.jpg,Boeing,Boeing 737,737-700
2201797.jpg,Embraer,Embraer E-Jet,E-170
2202486.jpg,Cirrus Aircraft,SR-20,SR-20
2203115.jpg,Cirrus Aircraft,SR-20,SR-20
2203480.jpg,Canadair,CRJ-700,CRJ-900
2203483.jpg,Boeing,Boeing 737,737-700
2204027.jpg,Canadair,CRJ-700,CRJ-900
2204066.jpg,Cessna,Cessna 172,Cessna 172
2204922.jpg,Boeing,Boeing 777,777-300
2204928.jpg,Boeing,Boeing 767,767-400
2205027.jpg,de Havilland,Dash 8,DHC-8-300
2205702.jpg,Embraer,Embraer Legacy 600,Embraer Legacy 600
2205704.jpg,de Havilland,Dash 8,DHC-8-300
2205728.jpg,Boeing,Boeing 767,767-400
2206141.jpg,Embraer,Embraer E-Jet,E-170
2206143.jpg,Bombardier Aerospace,Global Express,Global Express
2206145.jpg,McDonnell Douglas,MD-80,MD-80
2206288.jpg,Airbus,A320,A321
2206294.jpg,Airbus,A320,A321
2206626.jpg,Canadair,Challenger 600,Challenger 600
2206628.jpg,ATR,ATR-72,ATR-72
2207336.jpg,Canadair,CRJ-700,CRJ-700
2207610.jpg,Cessna,Cessna Citation,Cessna 560
2207626.jpg,Boeing,Boeing 737,737-800
2207935.jpg,Airbus,A330,A330-200
2208537.jpg,Embraer,Embraer ERJ 145,ERJ 135
2208639.jpg,Airbus,A330,A330-200
2208641.jpg,Boeing,Boeing 727,727-200
2209439.jpg,Boeing,Boeing 767,767-400
2209469.jpg,British Aerospace,BAE 146,BAE 146-300
2209492.jpg,Fokker,Fokker 70,Fokker 70
2209714.jpg,Embraer,Embraer E-Jet,E-195
2210073.jpg,Airbus,A380,A380
2210075.jpg,Airbus,A320,A318
2210227.jpg,Eurofighter,Eurofighter Typhoon,Eurofighter Typhoon
2210237.jpg,Airbus,A380,A380
2210238.jpg,McDonnell Douglas,MD-90,MD-90
2210244.jpg,Piper,PA-28,PA-28
2211016.jpg,Supermarine,Spitfire,Spitfire
2211026.jpg,Airbus,A320,A320
2211104.jpg,Airbus,A330,A330-300
2211281.jpg,Airbus,A340,A340-600
2211284.jpg,Boeing,Boeing 747,747-400
2211302.jpg,Saab,Saab 2000,Saab 2000
2211307.jpg,Boeing,Boeing 737,737-700
2211310.jpg,Gulfstream Aerospace,Gulfstream,Gulfstream V
2211315.jpg,McDonnell Douglas,MD-11,MD-11
2211337.jpg,de Havilland,DH-82,DH-82
2211352.jpg,Robin,DR-400,DR-400
2211444.jpg,Gulfstream Aerospace,Gulfstream,Gulfstream V
2212065.jpg,Boeing,Boeing 777,777-200
2212259.jpg,Airbus,A380,A380
2212521.jpg,Airbus,A340,A340-600
2212872.jpg,Cessna,Cessna 172,Cessna 172
2212986.jpg,Canadair,CRJ-700,CRJ-900
2212987.jpg,Embraer,Embraer E-Jet,E-190
2213427.jpg,Boeing,Boeing 767,767-400
2213523.jpg,Airbus,A320,A320
2213535.jpg,Boeing,Boeing 767,767-200
2213538.jpg,Fokker,Fokker 100,Fokker 100
2213539.jpg,de Havilland,Dash 8,DHC-8-300
2213540.jpg,Embraer,Embraer E-Jet,E-170
2213541.jpg,Canadair,Challenger 600,Challenger 600
2213677.jpg,Embraer,Embraer E-Jet,E-170
2213701.jpg,Dassault Aviation,Falcon 900,Falcon 900
2214647.jpg,Eurofighter,Eurofighter Typhoon,Eurofighter Typhoon
2215054.jpg,de Havilland,DH-82,DH-82
2215390.jpg,Airbus,A340,A340-300
2215391.jpg,Boeing,Boeing 777,777-200
2215392.jpg,Airbus,A380,A380
2215834.jpg,Boeing,Boeing 737,737-900
2215846.jpg,Boeing,Boeing 767,767-400
2217838.jpg,McDonnell Douglas,MD-80,MD-80
2217839.jpg,Boeing,Boeing 737,737-400
2217844.jpg,Boeing,Boeing 747,747-400
2217846.jpg,McDonnell Douglas,MD-11,MD-11
2217849.jpg,Boeing,Boeing 767,767-300
2217964.jpg,Boeing,Boeing 747,747-100
2218009.jpg,Boeing,Boeing 747,747-300
2218010.jpg,McDonnell Douglas,MD-90,MD-90
2218012.jpg,Embraer,Embraer E-Jet,E-190
2218512.jpg,Airbus,A380,A380
2218523.jpg,Airbus,A380,A380
2218525.jpg,Airbus,A330,A330-200
2218526.jpg,Boeing,Boeing 777,777-300
2218546.jpg,Boeing,Boeing 737,737-900
2218547.jpg,ATR,ATR-72,ATR-72
2218842.jpg,Saab,Saab 2000,Saab 2000
2219111.jpg,Boeing,Boeing 737,737-700
2219120.jpg,de Havilland,DH-82,DH-82
2219553.jpg,de Havilland,Dash 8,DHC-8-300
2220612.jpg,Embraer,Embraer E-Jet,E-190
2220738.jpg,Boeing,Boeing 767,767-400
2220792.jpg,Airbus,A380,A380
2220794.jpg,de Havilland,DHC-6,DHC-6
2221303.jpg,Boeing,Boeing 777,777-300
2221342.jpg,Boeing,Boeing 737,737-300
2221573.jpg,Airbus,A320,A321
2221641.jpg,Boeing,Boeing 777,777-200
2221709.jpg,McDonnell Douglas,MD-11,MD-11
2221710.jpg,Boeing,Boeing 747,747-400
2221713.jpg,Boeing,Boeing 747,747-300
2221715.jpg,Boeing,Boeing 767,767-200
2221716.jpg,Airbus,A310,A310
2221719.jpg,Canadair,CRJ-700,CRJ-900
2221732.jpg,Lockheed Corporation,L-1011,L-1011
2222240.jpg,Embraer,Embraer E-Jet,E-195
2222402.jpg,Saab,Saab 340,Saab 340
2222405.jpg,ATR,ATR-72,ATR-72
2222658.jpg,ATR,ATR-72,ATR-72
2222666.jpg,Airbus,A340,A340-500
2222716.jpg,Boeing,Boeing 747,747-400
2223255.jpg,British Aerospace,Hawk T1,Hawk T1
2223256.jpg,Douglas Aircraft Company,DC-3,DC-3
2223262.jpg,Douglas Aircraft Company,DC-3,DC-3
2223311.jpg,Gulfstream Aerospace,Gulfstream,Gulfstream V
2223316.jpg,Dassault Aviation,Falcon 2000,Falcon 2000
2223757.jpg,Boeing,Boeing 727,727-200
2223909.jpg,Boeing,Boeing 737,737-700
2224807.jpg,Boeing,Boeing 737,737-700
2224813.jpg,Boeing,Boeing 757,757-200
2225263.jpg,Boeing,Boeing 777,777-300
2225268.jpg,Embraer,Embraer E-Jet,E-190
2225269.jpg,Airbus,A330,A330-300
2226247.jpg,Boeing,Boeing 777,777-300
2226295.jpg,Boeing,Boeing 747,747-100
2226297.jpg,McDonnell Douglas,MD-90,MD-90
2226313.jpg,Boeing,Boeing 747,747-200
2226325.jpg,Airbus,A320,A321
2226825.jpg,Bombardier Aerospace,Global Express,Global Express
2227042.jpg,Dassault Aviation,Falcon 900,Falcon 900
2227525.jpg,Boeing,Boeing 737,737-700
2227561.jpg,Embraer,Embraer E-Jet,E-195
2227595.jpg,Boeing,Boeing 767,767-300
2227599.jpg,Boeing,Boeing 767,767-200
2227920.jpg,Boeing,Boeing 737,737-300
2228007.jpg,Lockheed Corporation,C-130,C-130
2228410.jpg,Piper,PA-28,PA-28
2228412.jpg,British Aerospace,Hawk T1,Hawk T1
2228978.jpg,Cessna,Cessna Citation,Cessna 525
2228985.jpg,Robin,DR-400,DR-400
2229397.jpg,Boeing,Boeing 737,737-800
2229401.jpg,Cessna,Cessna Citation,Cessna 560
2229409.jpg,Robin,DR-400,DR-400
2229412.jpg,Robin,DR-400,DR-400
2230107.jpg,Boeing,Boeing 737,737-500
2230119.jpg,Boeing,Boeing 747,747-400
2230120.jpg,Boeing,Boeing 747,747-200
2230359.jpg,Boeing,Boeing 777,777-200
2230427.jpg,Boeing,Boeing 737,737-900
2230428.jpg,Airbus,A310,A310
2230925.jpg,Fokker,Fokker 70,Fokker 70
2231255.jpg,Canadair,Challenger 600,Challenger 600
2231271.jpg,Canadair,CRJ-200,CRJ-200
2231272.jpg,Cessna,Cessna Citation,Cessna 560
2231688.jpg,Robin,DR-400,DR-400
2231689.jpg,Robin,DR-400,DR-400
2231709.jpg,Robin,DR-400,DR-400
2231710.jpg,Robin,DR-400,DR-400
2231825.jpg,Airbus,A380,A380
2232214.jpg,Robin,DR-400,DR-400
2232220.jpg,Cirrus Aircraft,SR-20,SR-20
2232330.jpg,Supermarine,Spitfire,Spitfire
2232483.jpg,Canadair,CRJ-700,CRJ-700
2232678.jpg,Boeing,Boeing 767,767-200
2232991.jpg,Gulfstream Aerospace,Gulfstream,Gulfstream IV
2233055.jpg,Embraer,Embraer E-Jet,E-170
2233262.jpg,Boeing,Boeing 747,747-400
2233490.jpg,Airbus,A380,A380
2233941.jpg,Cirrus Aircraft,SR-20,SR-20
2233944.jpg,Boeing,Boeing 737,737-900
2234272.jpg,Cessna,Cessna Citation,Cessna 560
2234509.jpg,Gulfstream Aerospace,Gulfstream,Gulfstream IV
2234610.jpg,Airbus,A380,A380
2234631.jpg,Canadair,CRJ-700,CRJ-700
2234645.jpg,Boeing,Boeing 777,777-300
2234650.jpg,Boeing,Boeing 777,777-200
2234653.jpg,Airbus,A330,A330-300
2234654.jpg,Boeing,Boeing 777,777-300
2235142.jpg,Airbus,A380,A380
2235586.jpg,Airbus,A340,A340-300
2235588.jpg,Boeing,Boeing 737,737-700
2236183.jpg,Boeing,Boeing 737,737-800
2236316.jpg,Robin,DR-400,DR-400
2236360.jpg,Boeing,Boeing 717,Boeing 717
2236389.jpg,Gulfstream Aerospace,Gulfstream,Gulfstream IV
2236391.jpg,Embraer,Embraer ERJ 145,ERJ 145
2236569.jpg,Robin,DR-400,DR-400
2236758.jpg,Dornier,Dornier 328,Dornier 328
2236962.jpg,Boeing,Boeing 737,737-400
2236964.jpg,Boeing,Boeing 737,737-800
2236966.jpg,Boeing,Boeing 737,737-700
2236969.jpg,Airbus,A320,A320
2236971.jpg,Boeing,Boeing 737,737-800
2237178.jpg,McDonnell Douglas,MD-90,MD-90
2238327.jpg,Bombardier Aerospace,Global Express,Global Express
2238330.jpg,Airbus,A330,A330-200
2238661.jpg,Boeing,Boeing 737,737-900
2239066.jpg,Embraer,Embraer E-Jet,E-195
2239287.jpg,Boeing,Boeing 737,737-800
2239290.jpg,Airbus,A330,A330-200
2239292.jpg,Airbus,A340,A340-600
2239296.jpg,Embraer,Embraer E-Jet,E-170
2239298.jpg,Airbus,A340,A340-300
2239301.jpg,Airbus,A380,A380
2239584.jpg,Boeing,Boeing 767,767-300
2239587.jpg,Cessna,Cessna 208,Cessna 208
2239589.jpg,Airbus,A320,A318
2239590.jpg,Airbus,A330,A330-200
2239626.jpg,Airbus,A320,A321
2239630.jpg,Boeing,Boeing 777,777-300
2239753.jpg,Canadair,CRJ-700,CRJ-700
2239815.jpg,Airbus,A380,A380
2239816.jpg,Boeing,Boeing 777,777-300
2240083.jpg,Cessna,Cessna 172,Cessna 172
2240254.jpg,Boeing,Boeing 717,Boeing 717
2240720.jpg,Embraer,Embraer E-Jet,E-190
2241501.jpg,Airbus,A320,A319
2241569.jpg,McDonnell Douglas,MD-11,MD-11
2241970.jpg,Embraer,Embraer E-Jet,E-190
2241971.jpg,Airbus,A330,A330-300
2242332.jpg,Embraer,Embraer E-Jet,E-195
2243379.jpg,Fokker,Fokker 70,Fokker 70
2243380.jpg,Canadair,CRJ-700,CRJ-700
2243382.jpg,Boeing,Boeing 767,767-400
2243568.jpg,Lockheed Martin,F-16,F-16A/B
2243572.jpg,Cessna,Cessna 172,Cessna 172
2243578.jpg,Piper,PA-28,PA-28
2243615.jpg,de Havilland,Dash 8,DHC-8-300
2243783.jpg,Airbus,A340,A340-500
2243788.jpg,Fokker,Fokker 100,Fokker 100
2243949.jpg,ATR,ATR-42,ATR-42
2243952.jpg,Boeing,Boeing 777,777-300
2244063.jpg,Boeing,Boeing 777,777-300
2244446.jpg,Boeing,Boeing 737,737-400
2244487.jpg,Cessna,Cessna 172,Cessna 172
2244501.jpg,Airbus,A340,A340-200
2244548.jpg,Airbus,A330,A330-300
2244549.jpg,McDonnell Douglas,MD-90,MD-90
2244649.jpg,Boeing,Boeing 767,767-200
2244841.jpg,Boeing,Boeing 747,747-400
2245398.jpg,Boeing,Boeing 717,Boeing 717
2245399.jpg,Gulfstream Aerospace,Gulfstream,Gulfstream IV
2245655.jpg,Embraer,Embraer E-Jet,E-190
2245660.jpg,Airbus,A320,A321
2246105.jpg,Airbus,A320,A319
2246817.jpg,Airbus,A320,A319
2247106.jpg,Saab,Saab 2000,Saab 2000
2247510.jpg,Beechcraft,King Air,Model B200
2247793.jpg,Airbus,A380,A380
2247794.jpg,McDonnell Douglas,MD-90,MD-90
2248561.jpg,Airbus,A320,A321
2248578.jpg,Boeing,Boeing 737,737-200
2248581.jpg,Boeing,Boeing 737,737-300
2248582.jpg,Embraer,Embraer ERJ 145,ERJ 145
2248661.jpg,Boeing,Boeing 767,767-200
2248944.jpg,McDonnell Douglas,MD-80,MD-80
2248958.jpg,Boeing,Boeing 767,767-200
2249122.jpg,McDonnell Douglas,MD-11,MD-11
2250798.jpg,Boeing,Boeing 737,737-700
2250823.jpg,Airbus,A330,A330-300
2251068.jpg,Bombardier Aerospace,Global Express,Global Express
2251118.jpg,Airbus,A380,A380
2251120.jpg,Airbus,A380,A380
2251121.jpg,Boeing,Boeing 777,777-300
2251230.jpg,de Havilland,Dash 8,DHC-8-300
2251723.jpg,Saab,Saab 340,Saab 340
2251900.jpg,Embraer,Embraer E-Jet,E-190
2251908.jpg,Saab,Saab 2000,Saab 2000
2252347.jpg,Airbus,A300,A300B4
2252349.jpg,Airbus,A330,A330-300
2253091.jpg,Embraer,Embraer ERJ 145,ERJ 145
2253229.jpg,Fokker,Fokker 50,Fokker 50
2253635.jpg,Embraer,Embraer E-Jet,E-195
2254473.jpg,Airbus,A380,A380
2255569.jpg,Embraer,Embraer Legacy 600,Embraer Legacy 600
2255571.jpg,Cessna,Cessna Citation,Cessna 560
2256413.jpg,de Havilland,Dash 8,DHC-8-300
2256592.jpg,Cessna,Cessna 172,Cessna 172
2257341.jpg,Airbus,A380,A380
2258288.jpg,Airbus,A330,A330-200
2258360.jpg,Cirrus Aircraft,SR-20,SR-20
2258768.jpg,Eurofighter,Eurofighter Typhoon,Eurofighter Typhoon
2258769.jpg,Cessna,Cessna Citation,Cessna 560
2259021.jpg,Embraer,Embraer E-Jet,E-190
2259027.jpg,Boeing,Boeing 767,767-400
2259104.jpg,Cessna,Cessna 172,Cessna 172
2259107.jpg,ATR,ATR-72,ATR-72
2259257.jpg,Piper,PA-28,PA-28
2259299.jpg,Airbus,A310,A310
2259451.jpg,Cessna,Cessna 208,Cessna 208
2259453.jpg,Embraer,Embraer E-Jet,E-195
2259583.jpg,British Aerospace,BAE-125,BAE-125
2259653.jpg,Fairchild,Metroliner,Metroliner
2259663.jpg,Robin,DR-400,DR-400
2259847.jpg,Fokker,Fokker 50,Fokker 50
2259848.jpg,Fokker,Fokker 50,Fokker 50
2259875.jpg,Antonov,An-12,An-12
2259876.jpg,Airbus,A330,A330-200
2259899.jpg,McDonnell Douglas,MD-80,MD-87
2260054.jpg,Lockheed Corporation,C-130,C-130
2260088.jpg,Airbus,A340,A340-600
2260089.jpg,Airbus,A320,A318
2260617.jpg,Boeing,Boeing 737,737-600
2260732.jpg,Gulfstream Aerospace,Gulfstream,Gulfstream V
2260895.jpg,Airbus,A330,A330-200
2261957.jpg,Airbus,A320,A320
2262077.jpg,Embraer,Embraer E-Jet,E-190
2262511.jpg,ATR,ATR-72,ATR-72
2262617.jpg,Piper,PA-28,PA-28
2262727.jpg,Robin,DR-400,DR-400
2263029.jpg,Boeing,Boeing 737,737-600
2263166.jpg,Cirrus Aircraft,SR-20,SR-20
2263428.jpg,Boeing,Boeing 767,767-400
2263603.jpg,Boeing,Boeing 757,757-200
2264249.jpg,Airbus,A340,A340-600
2264793.jpg,Embraer,Embraer E-Jet,E-190
2264828.jpg,Embraer,Embraer E-Jet,E-190
2264968.jpg,de Havilland,Dash 8,DHC-8-300
2265511.jpg,Cirrus Aircraft,SR-20,SR-20
2265625.jpg,Embraer,Embraer E-Jet,E-190
2266079.jpg,Fokker,Fokker 100,Fokker 100
2266334.jpg,Dassault Aviation,Falcon 2000,Falcon 2000
2266336.jpg,Cessna,Cessna Citation,Cessna 525
2266584.jpg,Cirrus Aircraft,SR-20,SR-20
